19.44,19.88,19.80,19.88,19.88,19.80,19.80,20.02,19.80,19.88,19.80,19.80,19.58,19.58,19.58,19.58,19.34,19.12,19.05,19.05,18.83,18.59,18.38,18.25,18.16,17.80,17.72,17.28,17.05,16.48,15.16,13.47,13.17,13.03,12.38,12.38,12.38,12.59,12.50,12.50,12.14,12.06,12.14,12.50,12.50,12.38,12.59,12.38,12.28,12.28,12.38,12.14,12.06,12.38,12.06,12.38,12.14,12.06,12.14,11.92,12.38,12.38,12.06,12.06,12.38,12.28,12.06,12.06,12.14,12.14,12.50,12.38,11.80,12.14,12.06,12.38,12.06,12.38,12.38,11.80,12.38,12.14,12.38,12.38,12.28,12.28,12.06,11.80,12.06,12.06,12.28,12.06,12.38,12.50,12.14,12.06,12.28,12.28,12.06,12.28,12.28,12.50,12.28,12.28,12.38,11.80,12.14,12.14,11.80,12.50,12.06,12.06,12.14,12.38,12.28,12.14,12.06,12.28,12.14,12.28,12.06,12.06,12.38,11.92,11.92,12.28,12.06,12.50,12.38,12.06,12.06,12.14,12.59,12.14,12.38,12.06,12.38,12.14,12.50,12.38,12.38,12.06,12.28,12.06,12.06,12.14,12.28,11.92,12.50,12.28,12.14,12.38,12.50,12.14,12.38,12.38,12.28,12.38,12.38,12.38,12.38,12.38,12.50,12.28,12.14,12.38,12.38,12.38,12.38,12.28,12.06,12.59,12.38,12.28,11.80,12.28,12.38,12.06,12.14,12.06,12.14,12.38,12.06,12.28,12.14,12.38,12.14,12.38,12.38,12.14,12.38,12.14,12.28,12.14,12.38,12.28,12.28,12.14,12.38,12.38,12.06,12.06,12.14,12.14,11.92,466.03,12.06,12.06,11.80,12.38,12.50,12.38,11.92,12.06,12.38,12.06,12.14,12.28,12.38,11.92,12.06,12.14,12.06,12.06,12.28,12.06,12.28,12.14,12.50,12.50,12.38,12.50,12.38,12.38,12.72,12.38,12.38,12.59,12.50,12.94,12.72,12.59,12.72,12.72,12.94,12.81,13.03,12.72,12.94,13.03,12.81,12.81,13.03,13.03,13.03,12.81
12.94,19.88,19.58,19.66,20.02,19.58,19.80,19.80,19.80,19.66,19.88,19.58,19.22,19.44,19.34,19.05,19.34,19.05,18.69,18.59,18.83,18.25,18.38,18.59,17.94,17.80,17.80,17.72,17.50,17.36,16.48,15.06,13.61,13.03,12.81,12.59,12.38,12.38,12.59,12.06,12.14,12.28,12.28,12.38,12.38,12.38,12.06,12.38,12.38,12.14,11.92,12.28,12.06,11.92,12.06,12.28,12.14,12.14,11.80,11.80,12.06,12.06,11.92,12.28,12.06,12.06,12.06,12.06,12.06,11.92,12.06,12.14,12.14,12.38,12.50,12.14,12.06,12.06,12.06,11.92,12.50,12.06,11.92,12.06,12.06,11.80,12.06,12.06,11.80,12.06,12.28,12.06,12.14,11.80,12.06,12.28,12.06,12.14,12.06,12.38,12.50,12.06,12.28,12.28,12.38,12.06,12.06,12.38,12.14,12.38,12.38,12.38,12.28,12.28,12.14,12.06,11.92,12.38,12.14,12.14,12.28,12.14,12.38,12.06,12.50,11.92,12.38,12.14,12.28,12.38,12.14,12.28,12.06,12.28,12.38,12.06,12.28,12.38,12.06,12.14,12.06,12.28,12.14,12.38,12.50,12.28,12.28,12.59,12.38,12.14,12.38,12.59,12.28,12.38,12.38,12.38,12.28,12.06,12.50,12.50,12.50,12.50,12.72,12.38,12.38,12.38,12.50,12.59,12.28,12.50,12.14,12.28,12.14,12.28,12.06,12.38,12.06,12.38,12.38,12.50,12.14,12.14,12.38,12.38,12.50,12.06,12.28,12.06,12.14,12.06,12.28,12.38,12.14,12.14,12.06,12.06,12.28,12.14,12.06,12.50,12.06,12.28,12.14,11.92,12.38,12.06,11.80,12.14,12.06,12.38,12.06,12.14,12.28,12.14,12.06,12.38,12.06,12.06,12.28,11.92,12.06,12.38,12.28,12.06,12.06,12.38,12.06,12.06,12.38,12.38,12.50,12.14,12.38,12.38,12.06,12.38,12.38,12.50,12.72,12.72,12.50,12.50,12.94,12.72,12.59,12.81,12.59,12.72,12.94,13.03,13.03,12.72,13.25,13.17,12.94,12.94
13.17,19.80,19.66,19.66,19.88,19.80,19.66,19.66,19.58,19.80,19.80,19.80,19.34,19.34,19.12,19.44,18.91,19.22,19.12,18.83,18.59,18.38,18.47,18.03,18.25,18.16,17.72,17.72,17.72,17.28,16.25,14.94,13.47,12.94,12.72,12.38,12.28,12.28,12.50,12.59,12.38,12.38,11.92,12.14,12.28,12.28,12.28,12.06,12.14,12.38,12.28,12.06,12.06,12.14,12.06,12.14,11.80,12.14,11.80,12.06,11.80,12.28,11.92,12.14,11.92,12.28,12.06,11.92,12.06,12.28,12.06,12.38,12.14,12.28,12.14,12.38,12.06,12.28,12.28,12.06,12.28,12.06,12.06,12.14,12.38,12.38,12.28,12.38,11.80,12.28,12.38,12.06,11.92,12.38,12.06,12.28,11.80,12.38,12.28,12.28,12.50,12.50,12.14,11.92,12.38,12.38,12.14,12.14,12.06,12.38,12.28,12.06,12.38,12.06,12.28,12.06,12.06,12.50,12.06,12.14,12.38,12.06,12.14,12.06,12.06,12.38,12.28,12.28,12.50,12.28,12.14,11.92,12.50,12.14,12.06,11.92,12.28,12.59,12.50,12.38,12.38,12.28,12.50,12.38,12.28,12.38,12.28,12.50,12.14,12.06,12.28,12.38,12.38,12.38,12.28,12.50,12.38,12.59,12.38,12.14,12.38,12.38,12.59,12.38,12.50,12.38,12.28,12.50,12.28,12.38,12.14,12.50,12.59,12.38,12.38,12.28,12.06,12.50,12.38,12.28,12.14,12.38,12.50,12.28,12.38,12.28,12.38,12.38,12.14,12.28,12.28,12.06,12.28,12.06,12.06,12.28,12.06,12.06,12.06,12.28,12.06,11.80,12.06,12.14,12.28,12.06,12.06,12.06,12.28,12.28,12.28,12.28,12.38,12.28,12.06,12.06,11.92,12.14,12.06,11.92,12.14,12.38,12.59,12.14,12.50,12.14,12.50,12.14,12.50,12.59,12.38,12.14,12.14,12.28,12.28,12.28,12.59,12.50,12.38,12.38,12.50,12.72,12.59,12.81,12.81,12.72,12.81,12.94,12.94,12.72,13.03,12.81,13.25,13.17,13.03,13.03
13.03,19.44,19.66,19.66,19.88,19.58,19.66,19.58,19.58,19.58,19.58,19.34,19.44,19.22,19.22,19.12,18.91,18.91,18.83,18.47,18.69,18.47,18.03,18.03,18.03,17.94,18.25,17.94,17.80,17.50,16.25,14.70,13.39,12.72,12.59,12.50,12.28,12.50,12.50,12.38,12.59,12.59,12.38,12.38,12.38,12.14,12.14,11.92,12.06,12.38,12.14,12.38,12.14,12.28,12.06,12.06,12.14,12.06,12.06,11.80,12.38,12.06,12.06,12.06,12.14,12.14,12.28,12.28,12.14,12.14,12.38,12.14,12.14,12.06,12.38,12.14,12.28,12.14,12.06,12.28,12.06,12.14,12.06,12.06,12.06,12.06,12.06,12.06,12.06,12.38,12.28,12.28,12.28,12.28,12.38,12.28,12.28,12.28,12.38,12.06,12.06,12.06,12.38,12.38,12.28,12.28,12.14,12.28,12.06,12.28,12.38,11.92,12.28,12.38,12.50,12.14,12.38,12.14,12.14,11.80,12.14,12.06,12.06,12.28,12.28,12.06,12.28,12.38,12.28,11.92,12.06,12.14,12.28,11.92,12.14,12.14,12.06,12.38,12.06,12.72,12.59,12.14,12.28,12.38,12.38,12.28,12.28,12.38,12.28,12.28,12.50,12.28,12.38,12.38,12.59,12.14,12.38,12.28,12.59,12.38,12.50,12.38,12.38,12.38,12.28,12.28,12.50,12.50,12.38,12.38,12.38,12.50,12.38,12.38,12.28,12.72,12.50,12.28,12.38,12.38,12.50,12.28,12.38,12.50,12.38,12.28,12.14,12.14,12.28,12.14,12.38,12.14,12.38,12.38,12.38,12.06,12.38,12.50,12.38,12.50,12.38,12.06,12.14,12.06,12.06,12.38,12.06,12.14,11.92,12.06,12.14,12.06,12.50,12.38,11.92,12.28,12.06,12.28,12.38,12.38,12.06,12.06,12.28,12.50,12.14,12.06,12.14,12.38,12.38,12.28,12.06,12.50,12.38,12.38,12.14,12.38,12.28,12.59,12.38,12.50,12.59,12.59,12.72,12.59,12.81,12.72,12.72,12.59,12.72,12.72,12.81,13.03,12.94,13.03,13.03,12.81
12.94,19.80,19.80,19.58,19.80,19.58,19.66,19.80,19.44,19.58,19.80,19.22,19.34,19.44,19.12,19.22,18.83,18.59,18.38,18.25,18.47,18.38,18.25,18.03,17.94,18.03,18.03,18.03,17.72,17.28,15.95,14.19,13.03,12.59,12.59,12.38,12.59,12.28,12.38,12.14,12.14,12.14,12.28,12.14,12.14,12.59,12.06,11.92,12.28,12.06,11.92,12.06,11.92,12.06,12.14,12.06,12.14,12.38,11.92,12.06,12.06,12.38,12.14,12.06,12.50,12.06,12.28,12.14,12.06,12.38,12.38,12.06,12.06,12.38,11.92,12.28,12.06,12.06,12.06,12.06,12.38,11.92,11.70,11.92,12.14,12.06,12.14,12.06,12.06,12.14,12.06,12.14,12.06,12.14,12.38,12.06,12.06,11.80,12.14,12.14,12.14,12.06,11.92,12.06,12.06,12.28,12.28,12.14,12.38,12.28,12.14,12.14,12.38,12.28,12.38,12.14,12.06,12.14,12.28,11.80,12.14,11.92,11.92,12.06,12.14,11.92,12.06,12.28,12.28,12.06,12.28,12.14,12.14,12.28,12.38,11.92,12.06,12.06,12.28,12.28,12.28,12.14,12.50,12.14,12.38,12.38,12.14,12.28,12.28,12.06,12.28,12.14,12.28,12.14,12.38,12.50,12.38,12.38,12.38,12.14,12.06,12.14,12.50,12.28,12.14,12.38,12.38,12.06,12.38,12.38,12.14,12.28,12.50,12.38,12.50,12.59,12.38,12.06,12.06,12.38,12.28,12.14,12.38,12.14,12.14,12.06,12.14,12.38,12.14,12.28,12.06,12.06,12.06,12.06,12.06,12.06,12.06,12.06,12.06,12.06,12.06,12.06,12.14,12.38,11.80,12.06,12.06,12.28,11.92,11.80,12.38,12.28,11.92,12.06,12.06,12.14,12.14,12.06,12.28,12.14,11.80,12.38,12.06,12.38,12.06,11.92,12.38,12.14,12.38,12.38,12.50,12.28,12.50,12.06,12.14,12.38,12.14,12.50,12.06,12.50,12.50,12.50,12.38,12.38,12.59,12.72,12.72,12.72,12.81,12.81,12.94,12.72,12.94,13.03,12.94,12.59
12.81,19.66,19.80,19.80,19.58,19.58,19.58,19.66,19.44,19.34,19.34,19.44,19.12,19.44,19.05,18.91,18.83,18.59,18.47,18.38,18.38,18.16,17.94,18.03,18.03,18.16,18.38,18.47,17.50,17.14,15.59,14.19,13.17,12.72,12.50,12.28,12.06,12.14,12.38,12.28,12.06,12.06,12.06,12.14,12.50,12.14,12.38,12.06,12.28,12.06,12.14,12.06,12.06,12.28,12.14,12.38,12.28,12.06,12.38,12.50,12.38,12.06,12.14,12.14,12.38,12.38,12.14,12.28,11.92,12.06,12.06,12.28,11.92,12.38,12.06,12.14,12.06,12.28,12.28,12.50,12.06,12.50,12.14,12.06,12.06,12.28,12.38,12.06,12.14,12.14,12.28,12.06,12.38,12.38,12.28,12.14,12.38,12.38,12.38,12.14,11.80,12.38,12.50,12.38,12.38,12.14,12.38,12.28,12.38,12.06,12.28,12.06,12.14,12.28,12.50,12.38,12.28,12.06,12.14,11.92,12.50,12.38,12.06,12.28,12.28,11.92,12.38,12.06,12.06,12.06,12.06,12.06,12.06,12.14,12.38,12.06,12.14,12.06,12.38,12.38,12.38,12.50,12.50,12.38,12.38,12.28,12.38,12.14,12.38,12.14,12.38,12.06,12.50,12.38,12.50,12.50,12.38,12.28,12.38,12.72,12.14,12.59,12.38,12.50,12.28,12.14,12.28,12.38,12.14,12.50,12.59,12.38,12.38,12.38,12.38,12.06,12.28,12.38,12.50,12.38,12.38,12.38,12.28,12.06,12.06,12.38,12.38,12.38,12.28,12.06,12.38,12.28,12.38,12.28,12.38,12.38,12.14,12.38,12.28,12.28,12.59,12.38,12.06,12.06,12.06,12.06,12.50,12.38,12.38,12.14,12.28,12.59,12.38,12.06,12.38,12.14,12.06,12.14,12.14,12.38,12.28,12.38,12.14,12.38,12.38,12.06,12.14,12.28,12.38,12.38,12.38,12.38,12.14,12.50,12.38,12.50,12.38,12.14,12.50,12.28,12.06,12.50,12.38,12.81,12.38,12.72,12.81,12.50,12.50,12.94,13.03,13.17,13.03,13.25,13.39,13.03
12.72,20.02,19.44,19.58,19.66,19.88,19.58,19.58,19.44,19.44,19.80,19.44,19.22,19.12,19.05,18.91,18.69,18.69,18.47,18.25,18.47,18.16,18.16,18.38,18.16,18.38,18.59,18.38,17.58,16.70,15.59,14.19,12.94,12.50,12.59,12.50,12.50,12.38,12.38,12.06,12.06,12.50,12.14,12.14,11.80,12.14,12.38,12.06,11.92,12.28,12.14,12.38,12.38,12.38,12.06,12.28,12.06,12.06,12.14,12.14,12.14,12.14,12.28,12.28,12.06,12.38,12.38,12.06,12.06,12.06,12.28,11.80,12.38,12.38,12.28,12.06,12.06,12.38,11.92,12.28,12.06,12.14,12.14,12.14,12.28,12.06,12.38,12.50,12.14,12.28,12.14,12.14,12.14,12.38,12.28,12.14,12.38,12.38,12.50,12.59,12.59,12.38,12.38,12.38,12.14,12.38,12.38,12.38,12.38,12.38,12.50,12.38,12.28,12.50,12.38,12.38,12.38,12.14,12.38,12.28,12.14,12.38,12.50,12.28,12.14,12.38,12.38,12.38,12.28,12.38,12.06,12.14,12.38,12.14,12.14,12.38,12.38,12.38,12.28,12.38,12.38,12.50,12.50,12.28,12.38,12.38,12.38,12.38,12.06,12.38,12.50,12.38,12.38,12.38,12.50,12.38,12.50,12.50,12.50,12.14,12.38,12.38,12.38,12.28,12.28,12.06,11.92,12.28,12.28,12.38,12.50,12.50,12.38,12.50,12.50,12.59,12.38,12.50,12.14,12.28,12.50,12.38,12.28,12.28,12.38,12.38,12.38,12.28,12.38,12.14,12.06,12.38,12.38,12.38,12.28,12.06,12.06,12.38,12.14,12.38,12.28,12.38,12.14,12.28,12.06,12.28,12.06,12.14,11.92,12.14,12.38,12.50,12.38,12.14,12.14,12.14,12.06,12.38,12.38,12.14,12.38,12.38,12.38,12.38,12.28,12.38,12.14,12.06,12.38,12.28,12.14,12.28,12.38,12.38,12.38,12.38,12.38,12.38,12.14,12.38,12.28,12.59,12.50,12.50,12.38,12.59,12.72,12.72,12.59,12.94,13.03,13.17,13.25,13.25,13.17,12.94
12.72,19.44,19.80,19.88,19.66,19.80,19.66,19.58,19.44,19.34,19.80,19.22,19.22,18.83,18.83,18.83,18.83,18.38,18.47,18.47,18.38,17.94,18.16,18.25,18.47,18.69,18.83,18.25,17.58,16.48,15.50,13.73,12.81,12.59,12.28,12.28,12.28,12.50,12.50,12.59,12.50,12.50,12.28,12.50,12.06,12.38,12.38,12.06,12.14,12.28,12.38,12.14,12.14,12.28,12.06,12.38,12.50,12.14,12.06,12.14,12.14,12.14,12.38,12.38,12.38,12.38,12.06,12.38,12.06,12.06,12.38,12.28,12.38,12.06,12.28,12.50,12.06,12.38,12.59,12.28,12.38,12.50,12.28,12.38,12.50,12.28,12.38,12.59,12.38,12.28,12.28,12.14,12.28,12.06,12.50,12.14,12.14,12.06,12.38,12.38,12.06,12.06,12.28,12.50,12.38,12.28,12.38,12.38,12.38,12.38,12.38,12.28,12.14,12.14,12.38,12.38,12.28,12.14,12.38,12.50,12.38,12.06,12.38,12.14,12.50,12.28,12.38,12.50,12.28,12.38,12.38,12.06,12.38,12.38,12.06,12.28,12.38,12.38,12.14,12.28,12.38,12.38,12.50,12.38,12.50,12.50,12.50,12.38,12.38,12.50,12.38,12.38,12.59,12.50,12.38,12.50,12.50,12.38,12.72,12.38,12.50,12.38,12.50,12.38,12.50,12.14,12.50,12.38,12.38,12.38,12.28,12.28,12.72,12.50,12.50,12.50,12.38,12.38,12.28,12.38,12.59,12.59,12.50,12.38,12.72,12.50,12.50,12.38,12.14,12.38,12.50,12.28,12.59,12.50,12.38,12.50,12.38,12.28,12.28,12.28,12.38,12.28,12.38,12.38,12.38,12.38,12.50,12.38,12.06,12.38,12.06,12.38,12.14,12.38,12.59,12.28,12.14,12.38,12.28,12.28,12.14,12.38,11.92,12.28,12.38,12.14,12.38,12.50,12.72,12.38,12.72,12.28,12.14,12.59,12.59,12.59,12.59,12.50,12.38,12.06,12.38,12.06,12.50,12.38,12.50,12.50,12.59,12.59,12.50,12.59,12.81,13.03,12.81,12.94,13.17,13.03
12.81,19.80,19.58,19.66,19.58,19.80,19.58,19.22,19.34,19.44,19.66,19.22,19.12,19.05,19.05,18.83,18.83,18.38,18.38,18.16,18.25,18.25,18.25,18.38,18.91,18.83,18.91,18.25,17.50,16.39,15.16,13.47,12.81,12.81,12.59,12.38,12.38,12.50,12.28,12.38,12.38,12.59,12.28,12.14,12.38,12.14,12.59,12.50,12.38,12.38,12.50,12.06,12.06,12.50,12.38,12.59,12.38,12.28,12.38,12.38,12.38,12.38,12.14,12.14,12.38,12.06,12.14,12.38,12.38,12.28,12.38,12.50,12.06,12.14,12.14,12.28,12.06,12.50,12.50,12.38,12.38,12.38,12.28,12.59,12.50,12.59,12.59,12.38,12.28,12.28,12.38,12.38,12.28,12.38,12.28,12.28,12.50,12.06,12.38,12.50,12.50,12.50,12.38,12.38,12.28,12.38,12.38,12.38,12.38,12.14,12.59,12.38,12.50,12.50,12.38,12.28,12.72,12.06,12.50,12.38,12.50,12.38,12.28,12.38,12.14,12.38,12.28,12.59,12.38,12.38,12.38,12.59,12.38,12.28,12.38,12.28,12.50,12.38,12.38,12.38,12.38,12.59,12.50,12.38,12.38,12.50,12.72,12.72,12.59,12.72,12.50,12.38,12.38,12.38,12.50,12.38,12.81,12.81,12.38,12.38,12.59,12.38,12.38,12.50,12.50,12.59,12.38,12.72,12.59,12.38,12.59,12.50,12.50,12.38,12.38,12.72,12.50,12.59,12.50,12.50,12.28,12.50,12.14,12.38,12.38,12.28,12.28,12.59,12.38,12.06,12.28,12.38,12.38,12.38,12.38,12.59,12.38,12.72,12.38,12.14,12.38,12.06,12.14,12.28,12.14,12.59,12.50,12.06,12.38,12.38,12.50,12.38,12.38,12.14,12.50,12.50,12.59,12.28,12.28,12.38,12.14,12.38,12.14,12.38,12.28,12.28,12.59,12.38,12.50,12.38,12.28,12.59,12.38,12.38,12.50,12.38,12.38,12.38,12.72,12.38,12.38,12.28,12.38,12.50,12.72,12.50,12.81,12.72,12.81,12.81,13.03,13.03,13.25,12.94,13.03,13.03
12.94,19.58,19.58,19.66,19.58,19.58,19.22,19.12,19.12,19.05,19.34,19.12,19.05,19.05,18.69,18.59,18.69,18.38,18.59,18.16,18.03,18.38,18.16,18.59,19.05,19.05,18.59,17.94,17.05,16.39,14.70,13.47,12.72,12.50,12.72,12.14,12.14,12.38,12.50,12.28,12.38,12.59,12.28,12.28,12.06,12.28,12.38,12.06,12.06,12.28,12.06,12.28,12.28,12.38,12.38,12.28,11.92,12.06,11.92,12.28,12.14,11.92,12.06,12.28,12.14,12.59,12.14,12.14,12.14,11.92,12.06,12.06,12.06,12.28,12.38,12.38,12.06,12.38,12.38,12.28,12.28,12.28,12.14,12.14,12.28,12.28,12.38,12.28,12.06,12.28,12.28,12.14,12.14,12.38,12.38,12.28,12.38,12.28,12.50,12.50,12.38,12.59,12.38,11.92,12.38,12.38,12.50,12.38,12.50,12.50,12.72,12.38,12.50,12.28,12.38,12.28,12.28,12.28,12.28,12.06,12.06,12.14,12.38,12.14,12.06,12.28,12.38,12.06,12.38,12.59,12.50,12.38,12.38,12.38,12.38,12.06,11.92,12.59,12.06,12.50,12.38,12.28,12.50,12.38,12.50,12.38,12.38,12.28,12.28,12.50,12.38,12.50,12.59,12.50,12.28,12.28,12.50,12.72,12.38,12.38,12.50,12.59,12.50,12.59,12.59,12.28,12.50,12.81,12.38,12.50,12.50,12.50,12.50,12.38,12.14,12.14,12.59,12.50,12.50,12.50,12.38,12.38,12.38,12.50,12.28,12.28,12.50,12.59,12.50,12.28,12.38,12.38,12.38,12.06,12.28,12.50,12.38,12.28,12.38,12.28,12.06,12.28,12.50,12.38,12.14,12.06,12.38,12.50,12.50,12.14,12.14,12.38,12.50,12.28,12.14,12.06,12.06,12.06,12.59,11.80,12.38,12.14,12.14,12.28,12.38,12.38,12.38,12.06,12.38,12.38,12.28,12.14,12.38,12.38,12.38,12.50,12.50,12.50,12.06,12.38,12.14,12.50,12.38,12.81,12.38,12.59,12.50,12.59,12.72,12.38,12.81,12.94,12.72,13.03,12.72,12.81
12.81,19.58,19.44,19.58,19.66,19.44,19.44,19.34,19.34,19.22,19.34,19.22,18.83,19.05,18.47,18.38,18.16,18.38,18.25,18.38,18.25,18.59,18.83,18.91,19.12,19.05,18.47,17.72,16.83,16.03,14.41,13.47,12.72,12.38,12.38,12.14,12.38,12.38,12.14,12.38,12.50,12.28,12.06,12.28,12.14,12.06,12.14,12.06,12.06,12.38,12.14,12.38,12.06,12.28,12.06,12.38,12.06,12.28,12.28,12.28,12.59,12.28,12.28,12.28,12.06,12.28,12.14,12.28,12.14,12.14,12.14,12.28,12.14,12.06,12.06,12.06,12.38,12.06,12.28,12.14,11.92,12.50,12.38,12.14,12.06,12.38,12.38,12.14,12.06,12.38,12.28,12.14,12.50,12.38,12.28,12.06,12.06,12.14,12.06,12.38,12.28,12.28,12.28,12.14,12.06,12.14,12.38,12.38,12.14,12.28,12.50,12.28,12.50,12.38,12.28,12.28,12.28,12.50,12.50,12.38,12.38,12.38,12.59,12.28,12.38,12.38,12.38,12.38,12.38,12.06,12.06,12.38,12.28,12.50,12.38,12.06,12.38,12.50,12.38,12.06,12.50,12.14,12.59,12.38,12.50,12.28,12.38,12.14,12.28,12.28,12.28,12.38,12.38,12.38,12.38,12.14,12.59,12.28,12.28,12.50,12.50,12.50,12.38,12.38,12.72,12.28,12.14,12.50,12.38,12.50,12.59,466.03,12.38,12.50,12.28,12.06,12.50,12.50,12.38,12.50,12.38,12.72,12.06,12.38,12.50,12.06,12.38,12.28,12.38,12.38,12.28,12.38,12.50,12.38,12.38,12.50,12.28,12.38,12.14,12.38,12.38,12.28,12.06,12.38,12.14,12.38,12.14,12.06,12.28,12.14,12.38,12.06,12.38,12.38,12.28,12.14,12.14,12.06,12.06,12.50,12.06,12.38,12.38,12.06,11.92,12.28,12.06,12.14,12.38,11.92,12.28,11.92,12.28,12.38,12.06,12.38,12.28,12.28,12.94,12.38,11.92,12.28,12.38,12.38,12.38,12.38,12.50,12.28,12.50,12.59,12.38,12.81,12.72,12.59,12.81,12.81
12.81,13.17,19.34,19.44,19.44,19.58,19.66,19.34,19.58,19.34,19.05,19.12,19.05,18.59,18.59,18.59,18.38,18.38,18.16,18.25,18.38,18.47,18.38,18.83,19.12,19.22,18.91,18.38,17.50,16.70,15.95,14.19,13.03,12.59,12.38,12.28,12.50,12.14,12.38,11.92,12.14,11.80,12.06,12.06,12.14,11.80,12.06,12.50,12.06,12.14,12.38,12.28,12.06,12.38,11.92,12.14,12.06,11.80,12.14,12.14,11.92,12.06,12.28,12.28,12.28,12.14,12.14,11.92,12.06,12.06,12.06,12.06,12.38,12.38,12.38,12.28,12.38,12.38,12.14,12.06,12.14,12.38,12.14,12.06,12.38,12.50,12.59,12.38,12.50,12.38,12.28,12.06,12.14,12.14,12.50,12.50,12.50,12.14,12.14,12.06,12.28,12.59,12.28,12.28,12.14,12.06,12.14,12.38,12.38,12.38,12.38,12.38,12.38,12.38,12.28,12.38,12.50,12.14,12.06,12.38,12.06,12.28,12.28,12.50,12.28,12.50,12.38,12.59,12.06,12.50,11.92,12.06,12.28,12.28,12.50,12.38,12.14,12.06,12.38,12.38,12.28,12.50,12.38,12.50,12.50,12.50,12.50,12.50,12.28,12.50,12.28,12.59,12.14,12.59,12.38,12.59,12.50,12.59,12.38,12.38,12.38,12.50,12.38,12.38,12.50,12.28,12.38,12.38,12.50,12.28,12.50,12.59,12.50,12.59,12.59,12.50,12.38,12.14,12.28,12.59,12.06,12.28,12.38,12.50,12.38,12.50,12.28,12.14,12.38,12.14,12.38,12.38,12.38,12.28,12.38,12.14,12.38,12.28,12.38,12.06,12.14,12.38,12.06,12.28,12.38,12.14,12.06,12.06,12.06,12.28,12.38,12.38,12.50,12.14,12.59,12.38,12.28,12.38,12.28,12.50,12.28,12.14,12.38,12.38,12.38,12.14,11.92,12.38,12.38,12.14,12.06,12.28,12.38,12.28,12.28,12.38,12.38,12.50,12.38,12.50,12.50,12.50,12.38,12.14,12.50,12.50,12.38,12.59,12.50,12.50,12.38,12.81,12.59,12.81,12.94,12.81
13.03,12.72,19.58,19.34,19.44,19.44,19.66,19.34,19.58,19.12,19.22,18.91,18.83,18.69,18.47,18.38,18.38,18.25,18.47,18.47,18.47,18.47,19.05,19.22,19.12,18.83,18.47,17.94,17.50,16.39,15.50,14.27,13.03,12.38,12.59,12.59,12.06,12.14,12.38,12.38,12.38,12.28,12.38,12.28,12.14,12.50,12.06,12.38,11.92,12.38,12.06,12.14,12.06,12.14,12.14,12.06,12.50,12.38,12.28,12.06,12.06,12.38,12.06,12.38,12.38,12.14,12.14,12.14,12.38,12.59,12.14,12.06,12.28,12.06,12.38,12.06,12.38,12.28,12.14,12.14,12.28,12.59,12.38,12.38,12.28,12.28,12.06,12.50,12.50,12.38,12.38,12.14,12.50,12.14,12.28,12.59,12.28,12.38,12.28,12.50,12.50,12.28,12.38,12.50,12.28,12.28,12.38,12.50,12.38,12.38,12.59,12.28,12.50,12.38,12.06,12.28,12.28,12.28,12.38,12.72,12.50,12.50,12.38,12.50,12.38,12.50,12.38,12.38,12.50,12.50,12.59,12.38,12.28,12.59,12.50,12.50,12.72,12.28,12.28,12.28,12.50,12.38,12.28,12.38,12.14,12.50,12.28,12.81,12.72,12.38,12.38,12.28,12.50,12.72,12.50,12.38,12.38,12.50,12.28,12.28,12.38,12.38,12.50,12.59,12.50,12.50,12.38,12.38,12.50,12.59,12.50,12.72,12.59,12.38,12.28,12.28,12.59,12.38,12.38,12.38,12.59,12.50,12.28,12.50,12.38,12.59,12.38,12.72,12.50,12.38,12.38,12.50,12.38,12.14,12.06,12.38,12.50,12.72,12.38,12.28,12.28,12.28,12.38,12.38,12.50,12.14,12.28,12.14,12.38,12.38,12.06,12.38,12.50,12.50,12.50,12.38,12.14,12.38,12.50,12.50,12.28,12.38,12.38,12.06,12.06,12.50,12.06,12.38,12.38,12.38,11.92,12.14,12.50,12.38,12.59,12.38,12.50,12.38,12.28,12.38,12.38,12.28,12.38,12.72,12.28,12.59,12.38,12.38,12.38,12.50,12.59,12.81,12.81,13.17,12.72,12.59
12.81,12.81,19.58,19.12,19.34,19.44,19.44,19.22,19.12,18.91,19.12,18.69,18.59,18.59,18.38,18.38,18.16,18.03,18.25,18.38,18.59,18.83,19.12,19.05,19.12,18.59,18.38,17.94,16.92,16.17,15.16,13.95,12.94,12.38,12.38,12.38,12.06,12.06,12.06,12.38,12.06,12.06,12.06,12.28,11.92,12.06,12.06,12.59,12.38,12.06,12.28,12.06,12.06,12.28,12.14,12.06,12.28,12.14,12.06,12.06,12.14,12.14,12.14,12.14,12.28,12.38,12.28,12.06,12.06,12.06,12.38,12.28,12.06,12.14,12.06,12.38,12.28,12.06,12.06,12.28,12.38,12.50,12.06,12.06,12.14,12.59,12.06,12.38,12.28,11.92,12.59,12.14,12.50,12.50,12.28,12.38,12.14,12.38,12.38,12.38,12.50,12.14,12.38,12.38,12.06,12.14,12.38,12.59,12.38,12.14,12.14,12.59,12.38,12.38,12.38,12.72,12.50,12.50,12.38,12.38,12.38,12.72,12.59,12.59,12.38,12.50,12.72,12.59,12.38,12.28,12.28,12.38,12.38,12.38,12.59,12.38,12.50,12.59,12.38,12.28,12.50,12.38,12.59,12.38,12.38,12.50,12.14,12.38,12.59,12.50,12.28,12.50,12.28,12.38,12.38,12.38,12.38,12.28,12.38,12.28,12.38,12.06,12.38,12.50,12.38,12.38,12.38,12.38,12.50,12.50,12.81,12.28,12.38,12.59,12.38,12.14,12.50,12.38,12.14,12.59,12.72,12.38,12.38,12.38,12.81,12.06,12.38,12.50,12.72,12.14,12.38,12.14,12.38,11.80,12.50,12.38,12.38,12.38,12.38,12.14,12.38,12.14,12.06,12.38,12.28,12.28,12.14,12.14,12.06,12.14,12.06,12.38,12.38,12.38,12.06,12.06,12.38,12.28,12.14,12.28,12.06,12.38,12.14,12.14,12.14,12.06,12.38,12.59,12.06,12.38,12.06,12.28,12.50,12.28,12.28,12.38,12.38,12.28,12.14,12.06,12.28,12.38,12.28,12.50,12.38,12.38,12.59,12.38,12.28,12.38,12.38,12.38,12.50,12.81,12.72,12.81
12.59,12.72,19.44,19.12,19.58,19.58,19.58,19.05,19.12,18.91,18.91,18.59,18.69,18.47,18.47,18.59,18.38,18.25,18.03,18.69,18.91,19.12,19.22,19.22,18.91,18.59,18.38,17.72,17.05,16.25,15.16,13.73,12.94,12.59,12.50,12.59,12.28,12.50,12.59,12.50,12.28,12.38,12.28,12.38,12.14,12.50,12.28,12.28,12.28,12.06,12.38,12.06,12.38,12.14,12.28,12.50,12.38,12.38,11.92,12.38,12.28,12.38,12.14,12.28,12.28,12.38,12.06,12.38,12.38,12.14,12.38,12.38,12.38,12.38,11.92,12.14,12.50,12.38,12.38,12.14,12.50,12.50,12.28,12.38,12.38,12.38,12.38,12.14,12.14,12.28,12.28,12.38,12.38,12.50,12.38,12.59,12.28,12.28,12.28,12.59,12.38,12.38,12.50,12.59,12.28,12.50,12.28,12.38,12.38,12.59,12.50,12.38,12.06,12.38,12.38,12.38,12.38,12.50,12.50,12.50,12.59,12.59,12.59,12.50,12.38,12.38,12.50,12.28,12.38,12.28,12.59,12.38,12.38,12.59,12.50,12.28,12.38,12.38,12.38,12.38,12.50,12.50,12.59,12.38,12.38,12.50,12.38,12.38,12.59,12.50,12.50,12.50,12.72,12.59,12.38,12.38,12.50,12.38,12.50,12.72,12.28,12.28,12.50,12.50,12.59,12.50,12.59,12.14,12.59,12.38,12.72,12.59,12.72,12.38,12.38,12.72,12.50,12.38,12.50,12.50,12.72,12.28,12.59,12.50,12.72,12.59,12.50,12.50,12.59,12.72,12.38,12.38,12.38,12.38,12.38,12.50,12.38,12.59,12.38,12.14,12.59,12.50,12.28,12.38,12.50,12.38,12.38,12.38,12.50,12.38,12.28,12.38,12.38,12.14,12.28,12.38,12.38,12.38,12.38,12.38,11.92,12.14,12.38,12.38,12.14,12.14,12.50,12.28,12.06,12.38,12.28,12.14,12.38,12.38,12.50,12.28,12.72,12.38,12.38,12.72,12.38,12.50,12.50,12.59,12.38,12.38,12.50,12.38,12.38,12.50,12.59,12.72,12.72,12.94,12.81,12.72
12.81,12.72,19.44,19.44,19.12,19.12,19.34,19.12,19.05,18.91,19.12,18.83,18.47,18.59,18.47,18.38,18.16,18.25,18.38,18.59,18.83,19.12,19.66,19.34,19.05,18.83,18.25,17.50,16.83,15.81,14.84,13.39,12.38,12.59,12.50,12.06,12.28,12.59,12.38,12.38,12.50,12.38,12.38,12.14,12.06,12.28,12.06,12.38,12.06,12.28,12.28,12.14,12.14,12.14,12.14,12.38,12.38,12.50,12.06,12.38,12.14,12.38,12.50,12.14,12.38,12.38,12.38,12.38,12.14,12.59,12.38,12.38,12.38,12.14,11.92,12.14,12.38,12.38,12.38,12.38,12.38,12.28,12.06,12.28,12.38,12.50,12.59,12.38,12.59,12.38,12.50,12.38,12.59,12.59,12.59,12.14,12.38,12.28,12.50,12.72,12.59,12.28,12.50,12.28,12.50,12.59,12.38,12.14,12.38,12.38,12.38,12.38,12.38,12.38,12.50,12.50,12.38,12.50,12.38,12.59,12.38,12.59,12.50,12.28,12.38,12.50,12.59,12.38,12.59,12.06,12.59,12.38,12.38,12.50,12.50,12.50,12.50,12.38,12.50,12.38,12.59,12.50,12.38,12.38,12.50,12.38,12.38,12.38,12.72,12.28,12.59,12.38,12.50,12.59,12.50,12.72,12.38,12.50,12.38,12.28,12.50,12.38,12.50,12.38,12.50,12.50,12.50,12.50,12.59,12.50,12.38,12.59,12.59,12.50,12.28,12.59,12.38,12.38,12.38,12.38,12.50,12.72,12.38,12.38,12.50,12.59,12.38,12.50,12.59,12.59,12.38,12.59,12.38,12.28,12.06,12.38,12.50,12.50,12.38,12.38,12.59,12.50,12.38,12.14,12.50,12.38,12.38,12.38,12.28,12.38,12.28,12.38,12.38,12.38,12.72,12.38,12.28,12.38,12.28,12.38,12.28,12.59,12.14,12.28,12.38,12.38,12.14,12.14,12.38,12.50,12.38,12.38,12.38,12.28,12.50,12.38,12.50,12.50,12.38,12.59,12.28,12.50,12.28,12.38,12.28,12.50,12.50,12.14,12.38,12.14,12.72,12.72,12.72,12.59,12.81,12.59
12.59,12.81,19.58,19.12,19.44,19.34,19.34,19.12,19.34,18.83,19.12,18.59,18.38,18.47,18.38,18.38,18.25,18.47,18.59,18.83,19.44,19.44,19.34,19.05,18.59,18.25,18.03,17.28,16.61,15.59,14.41,13.39,12.81,12.50,12.50,12.38,12.38,12.38,12.14,12.38,12.28,12.50,12.28,12.14,12.28,12.28,12.14,12.50,12.14,12.14,12.28,12.14,12.38,12.06,12.38,12.38,12.38,12.38,12.28,12.06,12.06,12.38,12.28,12.38,12.28,12.38,12.28,12.38,12.38,12.38,12.28,12.06,12.28,12.28,11.92,12.28,12.14,12.28,12.38,12.38,12.38,12.38,12.50,12.14,12.38,12.14,12.14,12.50,12.38,12.14,12.38,12.50,12.50,12.59,12.50,12.38,12.38,12.38,12.28,12.50,12.38,12.38,12.59,12.50,12.59,12.38,12.38,12.59,12.28,12.50,12.50,12.38,12.38,12.38,12.50,12.38,12.50,12.38,12.38,12.59,12.14,12.72,12.59,12.28,12.50,12.38,12.50,12.38,12.38,12.50,12.38,12.50,12.38,12.59,12.59,12.28,12.50,12.50,12.38,12.59,12.50,12.38,12.38,12.38,12.38,12.14,12.38,12.50,12.38,12.28,12.38,12.14,12.59,12.81,12.50,12.72,12.50,12.50,12.50,12.50,12.28,11.92,12.50,12.38,12.38,12.50,12.28,12.50,12.59,12.38,12.38,12.38,12.50,12.14,12.59,12.50,12.38,12.38,12.38,12.28,12.38,12.50,12.72,12.38,12.38,12.59,12.14,12.59,12.38,12.38,12.14,12.14,12.50,12.50,12.50,12.50,12.28,12.28,12.50,12.50,12.72,12.38,12.14,12.38,12.59,12.50,12.38,12.38,12.38,12.14,12.28,12.38,12.50,12.28,12.06,12.38,12.28,12.50,12.28,12.28,12.38,12.28,12.38,12.38,12.38,12.06,12.38,12.28,12.38,12.14,12.38,12.50,12.14,12.06,12.28,12.50,12.38,12.38,12.28,12.50,12.06,12.28,12.28,12.38,12.28,12.28,12.59,12.38,12.28,12.14,12.50,12.72,12.38,12.50,12.72,12.72
12.59,12.72,19.05,19.34,19.12,19.12,19.05,18.91,18.83,18.91,18.91,18.83,18.47,18.47,18.38,18.25,18.38,18.47,18.38,19.12,19.44,19.58,19.44,18.83,18.83,18.25,18.03,17.05,16.39,15.50,14.27,12.81,12.81,12.50,12.59,12.38,12.38,12.38,12.38,12.38,12.14,12.38,12.38,12.06,12.38,12.38,12.28,11.92,12.28,12.06,12.38,12.38,12.06,12.14,12.38,12.06,12.28,12.28,12.06,12.28,12.28,12.28,12.38,12.06,12.14,12.14,12.06,12.38,12.28,12.06,12.38,12.14,12.14,12.06,12.28,12.14,12.28,12.50,12.38,12.28,12.50,12.50,12.38,12.14,12.38,12.72,12.38,12.50,12.50,12.38,12.59,12.38,12.38,12.38,12.38,12.38,12.38,12.50,12.38,12.50,12.59,12.50,12.50,12.50,12.50,12.38,12.38,12.50,12.38,12.50,12.50,12.50,12.50,12.38,12.50,12.38,12.72,12.06,12.50,12.59,12.50,12.38,12.38,12.50,12.38,12.50,12.59,12.38,12.38,12.50,12.72,12.50,12.72,12.38,12.50,12.38,12.50,12.59,12.59,12.59,12.50,12.50,12.50,12.59,12.50,12.50,12.59,12.38,12.72,12.38,12.38,12.50,12.72,12.59,12.38,12.38,12.50,12.72,12.50,12.59,12.59,12.59,12.38,12.50,12.38,12.38,12.38,12.38,12.72,12.28,12.50,12.14,12.38,12.38,12.59,12.38,12.50,12.38,12.50,12.14,12.38,12.50,12.38,12.50,12.50,12.38,12.38,12.59,12.72,12.28,12.59,12.38,12.50,12.38,12.50,12.50,12.38,12.28,12.28,12.38,12.50,12.50,12.50,12.38,12.50,12.38,12.38,12.14,12.38,12.38,12.38,12.38,12.38,12.50,12.06,12.06,12.38,12.38,12.14,12.38,12.38,12.28,12.28,12.14,12.38,12.38,12.38,12.28,12.06,12.38,12.38,12.28,12.59,12.06,12.50,12.38,12.38,12.28,12.50,12.38,12.28,12.14,12.50,12.72,12.14,12.14,12.38,12.38,12.50,12.38,12.28,12.59,12.38,12.59,12.81,12.59
12.50,12.59,19.12,19.05,19.34,19.12,19.05,18.83,18.83,18.59,18.83,18.47,18.25,18.47,18.16,18.38,18.38,18.69,18.83,19.58,19.34,19.22,19.12,18.91,18.38,17.94,17.58,16.83,16.17,15.16,13.83,13.17,12.72,12.50,12.14,12.28,12.14,12.28,12.06,12.14,12.14,12.38,12.14,11.92,12.06,12.14,12.28,12.06,12.14,12.06,12.06,12.06,11.92,12.06,12.28,12.06,12.06,12.38,12.38,12.14,12.06,12.06,12.38,12.28,12.14,12.06,12.38,12.06,12.14,12.06,12.06,12.06,12.28,12.28,12.06,12.28,12.28,11.92,12.38,12.28,12.50,11.92,12.38,12.38,12.50,12.50,12.38,12.06,12.38,12.28,12.50,12.38,12.38,12.38,12.28,12.59,12.38,12.50,12.38,12.28,12.14,12.14,12.28,12.38,12.38,12.38,12.28,12.38,12.38,12.38,12.38,12.38,12.38,12.38,12.50,12.14,12.50,12.28,12.38,12.50,12.38,12.72,12.59,12.59,12.28,12.38,12.38,12.59,12.38,12.38,12.38,12.72,12.38,12.38,12.50,12.28,12.38,12.38,12.38,12.28,12.38,12.28,12.59,12.50,12.50,12.28,12.38,12.59,12.38,12.50,12.38,12.38,12.59,12.72,12.38,12.38,12.38,12.38,12.50,12.50,12.38,12.50,12.38,12.38,12.38,12.14,12.28,12.50,12.50,12.38,12.50,12.59,12.50,12.14,12.38,12.50,12.38,12.38,12.28,12.06,12.50,12.59,12.50,12.50,12.50,12.28,12.38,12.14,12.38,12.38,12.38,12.38,12.38,12.38,12.38,12.14,12.28,12.14,12.38,12.38,12.38,12.38,12.50,12.28,12.28,12.14,12.14,12.72,12.38,12.06,12.28,12.38,12.14,12.06,12.06,12.06,12.38,12.14,12.50,12.06,12.28,11.92,12.06,12.28,12.14,12.38,12.28,12.38,12.14,12.50,12.14,12.38,12.14,12.14,11.80,12.28,12.14,12.38,12.38,12.14,12.28,12.06,12.38,12.38,12.38,12.50,12.14,12.14,12.38,12.50,12.38,12.14,12.38,12.50,12.59,12.59
12.14,12.38,19.12,19.44,19.12,19.12,19.12,18.91,19.05,18.59,18.69,18.38,18.59,18.47,18.38,18.38,18.59,18.83,19.22,19.44,19.34,19.22,19.05,19.05,18.38,17.80,17.50,16.83,16.17,15.06,13.73,12.72,12.50,12.38,12.50,12.72,12.50,12.06,12.06,12.38,12.38,11.92,12.50,11.92,12.38,12.06,12.06,12.28,12.14,12.38,12.06,11.80,12.28,12.50,12.06,12.28,12.28,12.38,12.14,12.06,12.38,12.14,12.38,12.38,12.38,12.28,12.06,12.38,12.06,12.59,12.14,12.14,12.38,12.38,12.28,12.28,12.38,12.28,12.06,12.28,12.38,12.38,12.50,12.14,12.28,12.50,12.50,12.59,12.38,12.50,12.38,12.50,12.38,12.50,12.50,12.50,12.38,12.72,12.50,12.38,12.50,12.28,12.38,12.14,12.38,12.50,12.50,12.50,12.72,12.50,12.14,12.59,12.28,12.59,12.06,12.59,12.59,12.38,12.38,12.72,12.50,12.28,12.50,12.38,12.38,12.38,12.50,12.38,12.28,12.72,12.50,12.59,12.38,12.50,12.59,12.28,12.38,12.28,12.59,12.38,12.50,12.38,12.38,12.59,12.50,12.38,12.38,12.59,12.38,12.38,12.50,12.50,12.50,12.38,12.59,12.59,12.50,12.72,12.59,12.59,12.59,12.59,12.59,12.50,12.50,12.38,12.38,12.50,12.28,12.28,12.72,12.59,12.50,12.50,12.59,12.38,12.38,12.50,12.50,12.38,12.50,12.59,12.50,12.28,12.38,12.38,12.50,12.59,12.50,12.50,12.50,12.59,12.59,12.38,12.38,12.50,12.38,12.38,12.59,12.38,12.50,12.50,12.38,12.50,12.38,12.59,12.38,12.28,12.50,12.14,12.14,11.92,12.50,12.28,12.38,12.38,12.28,12.50,12.28,12.28,12.28,12.14,12.50,11.92,12.28,12.28,12.50,12.28,12.14,12.38,12.28,12.14,12.38,12.38,12.50,12.38,12.50,12.38,12.28,12.38,12.50,12.06,12.38,12.38,12.50,12.14,12.06,12.38,12.38,12.50,12.28,12.50,12.28,12.50,12.50,12.94
12.50,12.59,19.12,19.22,19.12,18.91,18.91,19.12,18.83,18.83,18.47,18.38,18.16,18.38,18.59,18.38,18.83,19.05,19.66,19.44,19.34,19.12,18.83,18.69,18.38,17.72,17.05,16.48,15.59,14.70,13.47,12.94,12.28,12.38,12.38,12.14,12.50,12.06,12.06,12.14,12.38,12.14,12.38,12.14,12.14,12.14,12.38,12.14,11.92,12.28,12.06,12.06,12.50,12.38,12.14,12.14,12.38,12.14,12.28,12.38,12.28,12.14,12.14,12.28,12.14,12.14,12.28,12.28,12.28,12.14,12.28,12.14,12.28,12.06,12.38,12.38,12.14,12.28,12.28,12.38,12.38,12.28,12.38,12.50,12.38,12.50,12.38,12.50,12.38,12.38,12.81,12.50,12.28,12.50,12.38,12.50,12.38,12.59,12.50,12.14,12.38,12.50,12.59,12.38,12.50,12.38,12.38,12.59,12.14,12.50,12.14,12.50,12.59,12.50,12.38,12.38,12.94,12.38,12.38,12.50,12.28,12.59,12.50,12.72,12.50,12.50,12.38,12.72,12.38,12.38,12.50,12.59,12.28,12.50,12.59,12.50,12.59,466.03,12.38,12.38,12.50,12.50,12.59,12.38,12.59,12.38,12.38,12.72,12.72,12.28,12.59,12.50,12.50,12.38,12.72,12.50,12.72,12.50,12.50,12.50,12.59,12.38,12.50,12.50,12.38,12.38,12.59,12.38,12.28,12.59,12.14,12.50,12.50,12.59,12.50,12.50,12.38,12.38,12.50,12.38,12.50,12.38,12.72,12.50,12.50,12.59,12.38,12.28,12.59,12.38,12.72,12.38,12.14,12.06,12.14,12.38,12.38,12.38,12.38,12.38,12.50,12.59,12.28,12.50,12.06,12.59,12.28,12.50,12.38,12.38,12.06,12.28,12.38,12.50,12.38,12.38,12.28,12.06,12.06,12.28,12.38,12.50,12.28,12.38,12.14,12.06,12.38,12.38,12.38,12.14,12.38,12.14,12.06,12.38,12.28,12.38,12.06,12.28,12.38,12.14,12.38,12.28,12.06,11.80,12.38,12.06,12.50,12.50,12.50,12.38,12.50,12.50,12.72,12.50,12.38,12.81
12.72,12.50,12.72,19.05,18.83,18.91,19.05,18.91,18.83,18.47,18.25,18.38,18.25,18.25,18.03,18.38,18.69,18.83,19.44,19.58,19.34,19.22,18.91,18.83,18.16,18.38,17.58,16.70,16.39,15.38,14.62,13.17,12.59,12.59,12.38,12.14,12.14,12.14,12.28,12.28,12.06,12.06,11.92,11.92,12.06,12.38,12.06,12.14,12.28,12.06,12.38,12.14,11.70,12.50,12.06,12.38,12.14,12.14,11.92,12.38,11.80,12.06,12.06,12.06,12.38,12.06,12.06,12.28,12.28,11.92,11.92,12.14,12.06,12.06,12.38,12.28,12.38,12.06,12.38,12.50,12.28,12.06,12.38,12.28,12.50,12.50,12.50,12.38,12.38,12.50,12.38,12.50,12.38,12.50,12.28,12.50,12.28,12.59,12.38,12.28,12.38,12.28,12.14,12.50,12.50,12.38,12.06,12.59,12.50,12.50,12.50,12.50,12.59,12.28,12.38,12.38,12.50,12.59,12.38,12.38,12.50,12.38,12.50,12.59,12.59,12.38,12.38,12.50,12.38,12.38,12.38,12.50,12.38,12.38,12.59,12.50,12.59,12.38,12.06,12.28,12.14,12.38,12.50,12.38,12.50,12.59,12.38,12.50,12.72,12.06,12.38,12.38,12.50,12.38,12.59,12.38,12.50,12.50,12.38,12.50,12.59,12.38,12.38,12.38,12.28,12.50,12.38,12.06,12.38,12.38,12.14,12.59,12.59,12.14,12.28,12.38,12.28,12.50,12.50,12.50,12.50,12.06,12.14,12.50,12.06,12.50,12.28,12.38,12.38,12.28,12.28,12.38,12.28,12.14,12.28,12.06,12.38,12.59,12.14,12.50,12.06,12.28,12.14,12.50,12.38,12.06,12.06,12.38,12.06,12.14,12.38,12.38,12.14,12.38,12.14,12.50,12.38,12.38,12.28,12.72,12.38,12.06,12.14,12.38,12.38,12.06,12.14,12.28,12.38,12.38,12.06,12.14,12.38,12.38,11.92,12.28,12.38,12.14,12.28,12.38,12.28,12.38,12.28,12.28,12.06,12.14,12.06,12.28,12.38,12.14,12.28,12.38,12.38,12.38,12.59,12.50
12.59,12.38,12.38,18.83,19.05,18.91,18.83,18.91,18.83,18.47,18.38,18.38,18.38,18.38,18.25,18.59,18.83,19.12,19.44,19.34,19.44,19.12,18.69,18.47,18.25,17.72,17.36,16.83,16.17,15.38,14.19,12.94,12.72,12.59,12.38,12.14,12.28,12.38,12.28,12.14,12.28,12.14,12.38,12.38,12.14,12.38,12.06,12.06,12.14,11.80,12.28,12.14,12.06,12.38,12.38,12.14,12.28,12.14,12.14,12.28,12.14,12.38,12.38,11.92,12.28,12.06,12.38,12.38,12.06,12.38,12.38,12.06,12.06,12.38,12.14,12.38,12.38,12.14,12.14,12.28,12.38,12.14,12.59,12.38,12.06,12.38,12.38,12.06,12.59,12.59,12.50,12.59,12.38,12.38,12.38,12.50,12.59,12.38,12.50,12.14,12.38,12.50,12.50,12.38,12.38,12.59,12.38,12.38,12.59,12.38,12.38,12.38,12.59,12.59,12.14,12.59,12.72,12.38,12.38,12.50,12.28,12.72,12.59,12.59,12.72,12.59,12.50,12.59,12.38,12.72,12.50,12.50,12.50,12.38,12.59,12.59,12.38,12.59,12.38,12.50,12.72,12.38,12.28,12.59,12.59,12.50,12.38,12.38,12.59,12.72,12.50,12.59,12.59,12.81,12.50,12.50,12.59,12.72,12.06,12.59,12.50,12.14,12.50,12.59,12.50,12.38,12.38,12.38,12.59,12.50,12.38,12.38,12.38,12.38,12.14,12.38,12.38,12.50,12.59,12.28,12.50,12.72,12.38,12.50,12.14,12.28,12.50,12.38,12.38,12.72,12.38,12.59,12.72,12.06,12.72,12.59,12.50,12.50,12.28,12.59,12.14,12.50,12.38,12.38,12.28,12.38,12.14,12.14,12.14,12.38,12.28,12.59,12.38,12.72,12.38,12.38,12.38,12.38,12.28,12.38,12.28,12.06,12.28,12.59,12.38,12.28,12.06,12.38,12.38,12.06,12.06,12.14,12.06,12.38,12.50,12.06,12.28,12.28,12.38,12.38,12.38,12.38,12.28,12.14,12.14,12.38,12.38,12.14,12.14,12.38,12.59,12.50,12.38,12.28,12.38,12.59
12.50,12.38,12.50,18.91,18.69,18.91,18.59,18.91,18.59,18.38,18.47,18.25,18.38,18.16,18.25,18.69,18.91,19.34,19.34,19.58,19.05,19.05,18.83,18.47,18.25,17.58,17.14,16.61,15.81,15.28,13.73,12.72,12.28,12.59,12.38,12.50,12.50,12.06,12.38,12.28,12.38,12.14,12.06,12.28,12.14,12.06,12.06,11.80,12.06,12.06,12.38,12.06,12.14,11.92,12.38,12.28,12.06,12.06,11.92,12.38,12.06,12.06,12.06,12.38,12.38,12.28,12.06,12.14,12.06,12.38,12.14,12.06,12.14,12.14,11.92,12.06,12.38,12.28,12.50,12.06,12.14,12.14,12.38,12.38,12.38,12.38,12.38,12.50,12.50,12.50,12.59,12.50,12.38,12.28,12.14,12.50,12.28,12.50,12.06,12.38,12.28,12.50,12.38,12.50,12.50,12.38,12.38,12.59,12.59,12.50,12.59,12.72,12.50,12.59,12.38,12.50,12.59,12.50,12.50,12.81,12.50,12.50,12.59,12.59,12.38,12.50,12.59,12.38,12.38,12.38,12.38,12.38,12.50,12.50,12.50,12.59,12.59,12.72,12.38,12.50,12.38,12.59,12.59,12.38,12.59,12.50,12.50,12.81,12.59,12.59,12.38,12.50,12.59,12.50,12.38,12.38,12.50,12.50,12.06,12.72,12.38,12.38,12.38,12.59,12.59,12.50,12.28,12.38,12.50,12.38,12.38,12.38,12.50,12.38,12.38,12.50,12.38,12.38,12.38,12.38,12.50,12.50,12.72,12.28,12.14,12.50,12.50,12.38,12.28,12.38,12.14,12.38,12.28,12.06,12.50,12.50,12.50,12.38,12.50,12.38,12.38,12.50,12.28,12.72,12.14,12.06,12.28,12.38,12.50,12.38,12.06,12.38,12.38,12.59,12.50,12.14,12.38,12.14,12.38,12.38,12.06,12.28,12.38,12.50,12.06,12.38,12.38,12.38,12.06,12.59,12.38,12.38,12.38,12.14,12.50,12.38,12.38,12.28,12.50,12.28,12.14,12.06,12.38,12.28,12.38,12.06,12.14,12.38,12.38,12.38,12.50,12.38,12.28,12.38,12.28,12.72
12.38,12.50,12.28,19.12,18.83,18.83,18.69,18.59,18.47,18.47,18.38,18.03,18.38,18.16,18.59,18.83,19.12,19.44,19.44,19.34,18.91,19.05,18.83,18.38,17.80,17.58,16.92,16.61,15.50,14.84,13.73,12.72,12.50,12.59,12.38,12.14,12.28,12.14,12.28,12.14,12.50,12.28,12.28,12.28,12.06,11.92,12.14,12.28,12.28,12.06,12.38,12.28,12.38,12.28,12.28,12.28,12.28,12.28,12.38,12.06,12.14,12.28,11.92,12.28,11.80,12.06,12.28,12.28,12.14,12.38,12.38,12.38,12.06,12.06,12.14,12.28,12.38,12.14,12.28,12.38,12.50,12.50,12.50,12.38,12.38,12.38,12.50,12.50,12.50,12.38,12.50,12.38,12.50,12.50,12.38,12.59,12.50,12.38,12.14,12.28,12.50,12.50,12.50,12.50,12.50,12.38,12.38,12.50,12.38,12.38,12.59,12.14,12.59,12.38,12.50,12.38,12.50,12.50,12.50,12.14,12.59,12.38,12.59,12.50,12.50,12.38,12.50,12.50,12.59,12.72,12.50,12.50,12.50,12.38,12.59,12.59,12.38,12.72,12.38,12.50,12.72,12.50,12.50,12.50,12.28,12.50,12.50,12.59,12.38,12.50,12.50,12.59,12.38,12.38,12.38,12.38,12.50,12.38,12.59,12.59,12.38,12.50,12.50,12.59,12.59,12.38,12.38,12.50,12.38,12.50,12.14,12.28,12.38,12.14,12.14,12.14,12.38,12.50,12.38,12.38,12.59,12.38,12.59,12.50,12.59,12.28,12.38,12.38,12.38,12.50,12.38,12.38,12.14,12.59,12.38,12.59,12.06,12.50,12.28,12.38,12.38,12.38,12.14,12.14,12.38,12.38,12.38,12.28,12.38,12.28,12.28,12.28,12.28,12.50,12.14,12.38,12.38,12.14,12.14,12.28,12.06,12.38,12.38,12.06,12.28,12.38,12.06,12.06,12.38,12.14,12.38,12.50,12.38,12.06,12.14,12.06,12.06,12.14,12.38,12.50,12.50,12.14,12.28,12.14,12.06,12.06,12.38,12.06,12.14,12.38,12.06,12.38,12.38,12.14,12.28,12.38
12.14,12.59,12.38,18.69,18.69,18.69,18.38,18.59,18.38,18.59,18.38,18.38,18.16,18.47,18.47,18.91,19.22,19.58,19.34,19.12,18.83,18.47,18.38,18.25,17.94,17.36,16.70,16.03,15.38,14.27,13.39,12.59,12.50,12.38,12.38,12.14,11.92,12.14,12.28,12.06,12.06,12.38,12.14,11.92,12.28,12.06,12.38,12.14,12.06,12.06,12.06,12.06,12.06,12.28,12.14,12.06,12.28,12.28,11.92,12.14,11.92,12.06,12.28,12.06,12.06,12.14,12.14,11.92,12.28,12.06,12.06,12.06,12.06,12.06,12.14,12.06,12.38,12.38,12.28,12.14,12.14,12.50,12.06,12.14,12.50,12.28,12.38,12.38,12.50,12.14,12.38,12.28,12.14,12.06,12.59,12.50,12.06,12.28,12.38,12.50,12.28,12.59,12.38,12.59,12.28,12.38,12.50,12.59,12.38,12.59,12.28,12.72,12.38,12.38,12.50,12.38,12.72,12.59,12.50,12.59,12.38,12.38,12.50,12.38,12.50,12.38,12.50,12.28,12.50,12.50,12.14,12.50,12.59,12.72,12.59,12.38,12.28,12.50,12.59,12.59,12.50,12.38,12.59,12.50,12.50,12.50,12.50,12.38,12.72,12.72,12.38,12.50,12.72,12.81,12.50,12.50,12.28,12.59,12.28,12.38,12.06,12.50,12.28,12.38,12.59,12.72,12.50,12.38,12.59,12.14,12.06,12.38,12.38,12.50,12.38,12.38,12.28,12.28,12.59,12.38,12.38,12.59,12.38,12.28,12.28,12.38,12.38,12.06,12.14,12.38,12.28,12.59,12.38,12.50,12.38,12.38,12.28,12.50,12.38,12.38,12.38,12.14,12.06,12.38,12.28,12.38,12.38,12.28,12.38,12.38,12.06,12.38,12.28,12.50,12.38,12.06,12.06,12.38,12.38,12.38,12.38,12.14,12.28,12.14,12.14,12.28,12.06,12.38,12.06,12.50,12.38,12.28,12.06,12.38,12.14,12.14,12.06,12.06,12.38,12.14,12.14,12.14,12.28,12.14,12.14,12.06,12.50,12.38,12.38,11.92,12.14,12.06,12.14,12.06,12.28,12.28
12.14,12.38,12.59,19.05,18.59,18.69,18.83,18.25,18.38,18.47,18.16,18.38,18.03,18.25,18.91,19.80,19.58,19.34,19.22,19.12,18.91,18.59,18.38,18.25,17.80,17.28,16.83,16.25,15.28,14.41,13.39,12.59,12.50,12.14,12.38,12.38,12.38,12.38,12.28,12.38,12.28,12.50,12.14,12.50,12.06,12.06,12.38,12.06,12.06,12.28,11.92,12.38,12.38,12.38,12.14,12.14,12.06,11.92,12.38,12.38,12.28,12.38,12.06,12.50,12.28,12.38,12.06,12.14,12.28,12.06,12.28,12.38,11.92,12.50,12.50,12.28,12.38,12.50,12.38,12.28,12.14,12.14,12.50,12.59,12.50,12.81,12.59,12.59,12.50,12.72,12.59,12.50,12.38,12.59,12.38,12.50,12.38,12.59,12.50,12.14,12.50,12.38,12.38,12.38,12.50,12.38,12.38,12.50,12.50,12.50,12.38,12.38,12.59,12.38,12.59,12.72,12.72,12.50,12.59,12.38,12.59,12.59,12.50,12.59,12.50,12.72,12.72,12.59,12.72,12.38,12.59,12.50,12.72,12.59,12.72,12.50,12.38,12.59,12.50,12.81,12.72,12.59,12.72,12.38,12.50,12.72,12.72,12.81,12.59,12.38,12.50,12.72,12.72,12.81,12.50,12.50,12.38,12.50,12.38,12.50,12.50,12.50,12.50,12.59,12.50,12.50,12.50,12.50,12.59,12.59,12.38,12.59,12.28,12.38,12.14,12.38,12.28,12.59,12.59,12.50,12.59,12.50,12.50,12.14,12.50,12.38,12.28,12.38,12.38,12.38,12.14,12.50,12.38,12.50,12.50,12.50,12.50,12.50,12.59,12.50,12.28,12.59,12.59,12.59,12.50,12.59,12.14,12.28,12.50,12.38,12.38,12.14,12.50,12.28,12.38,12.28,12.38,12.06,12.28,12.59,12.28,12.14,12.50,12.28,12.38,12.38,12.28,12.38,12.28,12.38,12.50,12.06,12.38,12.38,12.38,12.38,12.38,12.28,12.14,12.14,12.38,12.06,12.28,12.28,12.06,12.28,12.28,12.06,12.14,12.38,12.38,12.38,12.38,12.14,12.38,12.50
12.14,12.38,12.28,18.69,18.47,18.69,18.47,18.69,18.16,17.94,18.16,18.25,18.38,18.91,19.58,19.34,19.44,19.34,19.12,18.83,18.91,18.25,18.03,17.94,17.28,16.92,16.03,15.50,14.84,13.73,12.81,12.59,12.38,12.38,12.28,12.14,12.06,12.14,12.06,12.06,12.06,12.38,12.14,12.28,11.80,11.80,12.38,12.06,12.06,12.06,12.14,11.80,12.06,12.14,12.28,12.38,12.38,12.06,11.92,12.14,12.06,12.28,12.14,11.80,12.14,12.14,12.06,11.80,11.92,12.06,12.14,12.28,12.38,12.38,12.06,12.14,12.06,12.14,12.14,12.14,12.06,12.14,12.28,12.06,11.92,12.28,12.38,12.38,12.38,12.50,12.38,12.14,12.28,12.38,12.38,12.38,12.14,12.28,12.38,12.38,12.50,12.28,12.38,12.38,12.28,12.14,12.38,12.38,12.50,12.50,12.38,12.50,12.50,12.50,12.50,12.72,12.28,12.38,12.50,12.28,12.50,12.59,12.59,12.50,12.50,12.50,12.38,12.72,12.59,12.38,12.38,12.59,12.50,12.50,12.50,12.59,12.59,12.59,12.50,12.59,12.72,12.59,12.38,12.28,12.38,12.50,12.38,12.38,12.38,12.38,12.72,12.38,12.59,12.50,12.59,12.59,12.59,12.50,12.59,12.59,12.50,12.38,12.38,12.38,12.50,12.38,12.50,12.06,12.38,12.59,12.50,12.38,12.28,12.28,12.38,12.38,12.38,12.28,12.14,12.38,12.28,12.06,12.38,12.50,12.38,12.28,12.38,12.38,12.38,12.28,12.28,12.38,12.50,12.50,12.50,12.50,12.38,12.28,12.28,12.50,12.28,12.59,12.14,12.38,12.38,12.50,12.06,12.28,12.38,12.38,12.14,12.50,12.38,12.38,12.14,12.06,12.14,12.38,12.14,12.38,12.14,12.06,12.28,12.50,12.38,12.14,12.14,12.14,11.92,12.28,12.38,12.38,12.06,12.06,12.28,12.14,12.14,12.38,12.28,12.28,12.38,12.06,12.38,12.50,12.06,12.38,12.06,12.06,12.38,12.38,11.80,12.38,12.38,12.28,12.28,12.50
12.28,12.50,12.28,18.47,18.38,18.38,18.59,18.47,18.25,18.25,18.03,18.38,18.47,19.05,19.12,19.58,19.44,19.34,18.91,18.83,18.47,18.38,17.94,17.28,17.05,16.92,16.03,15.50,14.70,13.73,12.94,12.81,12.38,12.28,12.14,12.28,12.06,12.06,12.38,12.06,12.06,12.06,11.70,12.06,12.28,12.06,12.06,12.06,12.14,12.14,12.06,12.28,12.38,12.38,12.28,12.06,12.06,12.06,11.92,12.06,12.06,12.14,11.92,12.28,11.92,12.14,12.14,12.06,12.06,12.06,11.80,12.14,12.06,12.14,12.28,12.06,12.14,12.06,12.28,12.38,12.28,12.14,12.38,12.38,12.28,12.38,12.28,12.50,12.14,12.59,12.38,12.38,12.38,12.38,12.14,12.38,12.38,12.38,12.50,12.50,12.28,12.38,12.50,12.14,12.28,12.50,12.38,12.50,12.38,12.50,12.50,12.50,12.50,12.38,12.28,12.59,12.59,12.50,12.28,12.38,12.59,12.50,12.59,12.28,12.59,12.38,12.14,12.50,12.59,12.59,12.50,12.59,12.50,12.59,12.59,12.59,12.38,12.38,12.28,12.50,12.38,12.50,12.50,12.50,12.59,12.50,12.38,12.50,12.50,12.38,12.38,12.28,12.50,12.59,12.59,12.38,12.59,12.50,12.72,12.59,12.59,12.38,12.50,12.14,12.59,12.38,12.14,12.50,12.59,12.59,12.38,12.50,12.59,12.28,12.28,12.28,12.38,12.38,12.28,12.28,12.38,12.14,12.14,12.14,12.59,12.38,12.59,12.38,12.38,12.38,12.50,12.06,12.59,12.28,12.38,12.28,12.38,12.38,12.28,12.28,12.38,12.38,12.06,12.06,12.06,12.50,11.92,12.14,12.38,12.06,12.14,12.28,12.38,12.50,12.06,12.38,12.28,12.14,12.06,12.38,12.06,12.06,12.38,12.06,12.14,12.06,12.14,12.06,12.14,11.92,12.50,12.14,12.28,12.38,12.06,11.92,11.92,12.06,12.06,12.14,12.38,12.06,12.28,12.14,11.80,11.80,12.14,12.28,12.14,12.06,11.80,12.06,12.38,12.38,12.06,11.92
12.14,12.38,12.06,18.59,18.38,18.59,18.38,18.03,18.16,18.25,18.38,18.69,18.83,19.22,19.34,19.44,19.22,19.12,18.91,18.83,18.59,18.25,18.03,17.72,17.05,16.70,15.95,15.16,13.95,13.39,12.72,12.59,12.28,12.14,12.06,12.06,12.14,12.28,12.14,12.14,12.38,12.06,12.06,12.28,12.28,12.06,12.38,12.06,12.06,12.38,12.38,12.14,11.92,12.28,12.06,12.28,12.38,12.14,12.28,12.06,12.06,12.06,12.06,12.06,12.28,12.14,12.28,11.80,12.06,12.14,12.38,12.28,12.06,12.38,12.38,12.06,12.38,12.14,12.14,12.28,12.50,12.38,12.38,12.38,12.50,12.38,12.38,12.59,12.38,12.38,12.38,12.38,12.50,12.28,12.38,12.38,12.50,12.50,12.72,12.38,12.38,12.38,12.38,12.50,12.50,12.28,12.38,12.59,12.38,12.59,12.59,12.59,12.72,12.72,12.38,12.38,12.38,12.50,12.38,12.28,12.38,12.38,12.50,12.50,12.72,12.59,12.38,12.59,12.38,12.59,12.38,12.72,12.59,12.59,12.50,12.50,12.59,12.50,12.59,12.59,12.50,12.59,12.59,12.59,12.38,12.59,12.38,12.50,12.59,12.59,12.38,12.38,12.59,12.59,12.72,12.59,12.59,12.38,12.59,12.38,12.38,12.38,12.50,12.50,12.38,12.38,12.59,12.59,12.50,12.50,12.59,12.59,12.50,12.38,12.38,12.38,12.38,12.50,12.38,12.38,12.59,12.38,12.50,12.14,12.38,12.50,12.59,12.38,12.38,12.28,12.50,12.59,12.38,12.38,12.28,12.50,12.28,12.06,12.38,12.59,12.38,12.59,12.50,12.38,12.28,12.50,12.38,12.38,12.28,12.28,12.38,12.06,12.59,12.38,12.28,12.50,12.14,12.38,12.38,12.38,12.28,12.50,12.28,12.28,12.38,12.38,12.14,12.50,12.50,12.14,12.14,12.14,12.38,12.38,12.38,12.06,12.28,12.38,12.59,12.38,12.14,11.80,12.50,12.38,12.28,12.06,12.06,12.28,12.50,12.14,12.38,12.06,12.38,12.06,12.38,12.28
12.38,12.38,12.28,18.38,18.38,18.38,17.94,18.25,18.38,18.03,18.38,18.83,19.22,19.44,19.34,19.22,19.05,18.91,18.69,18.38,18.16,18.25,17.58,17.72,16.83,16.39,15.81,15.16,14.05,13.17,12.38,12.50,12.28,12.38,12.14,12.14,12.06,12.06,11.92,12.06,12.28,12.06,12.06,11.92,12.14,12.06,12.06,12.28,12.38,12.14,12.06,11.80,11.92,12.06,12.06,11.92,12.06,12.06,12.06,12.06,11.80,11.70,12.06,12.06,12.06,12.14,11.80,12.06,12.06,12.28,12.14,12.28,12.06,11.80,12.28,12.14,12.06,12.28,12.06,12.38,12.06,12.38,12.28,12.06,12.28,12.38,12.38,12.50,12.28,12.38,12.38,12.38,12.38,12.14,12.14,12.06,12.38,12.14,12.59,12.38,12.28,12.50,12.38,466.03,12.28,12.38,12.14,12.38,12.59,12.38,12.38,12.50,12.59,12.38,12.38,12.38,12.28,12.38,12.14,12.14,12.50,12.38,12.72,12.72,12.50,12.38,12.81,12.59,12.50,12.50,12.50,12.59,12.59,12.50,12.50,12.72,12.59,12.50,12.38,12.50,12.50,12.38,12.50,12.50,12.38,12.59,12.50,12.50,12.59,12.38,12.50,12.50,12.50,12.59,12.50,12.59,12.38,12.38,12.28,12.50,12.50,12.50,12.38,12.28,12.38,12.50,12.38,12.38,12.28,12.59,12.50,12.50,12.28,12.50,12.28,12.38,12.38,12.38,12.06,12.28,12.28,12.38,12.28,12.38,12.38,12.38,12.38,12.38,12.38,12.38,12.28,12.38,12.50,12.38,12.38,12.28,12.38,12.50,12.28,12.50,12.50,12.72,12.38,12.38,12.38,12.38,12.38,12.38,12.38,12.50,12.28,12.06,12.14,12.14,12.38,12.28,12.06,12.38,12.38,12.50,12.28,12.14,12.06,12.28,12.14,12.38,12.14,12.38,11.80,12.06,12.38,12.28,12.38,12.06,12.38,12.28,12.06,12.28,12.38,12.28,12.06,12.06,12.06,12.28,12.14,12.14,12.06,12.06,12.14,12.06,11.92,12.06,12.06,12.38,11.92,12.06
12.06,12.38,12.28,12.14,18.47,18.38,18.03,18.38,18.25,18.25,18.25,18.25,18.91,19.12,19.44,19.34,19.12,19.05,18.59,18.59,18.16,18.25,17.94,17.72,17.05,17.05,16.39,15.73,15.06,13.83,12.81,12.59,12.38,12.06,12.38,12.14,12.06,12.38,12.06,12.06,12.06,12.14,12.14,12.06,12.06,12.06,12.06,11.92,11.80,12.06,12.06,12.28,11.80,11.92,11.80,12.06,12.14,12.38,12.50,12.06,12.50,12.06,11.80,12.38,12.28,12.14,12.14,12.06,11.80,11.80,12.28,12.28,12.50,12.06,12.50,12.38,12.14,12.06,12.06,12.38,12.38,12.50,12.28,12.28,12.28,12.38,12.38,12.38,12.38,12.50,12.50,12.14,12.38,12.14,12.38,12.28,12.28,12.28,12.28,12.06,12.38,12.06,12.38,12.59,12.72,12.50,12.50,12.14,12.28,12.50,12.50,12.59,12.72,12.72,12.72,12.50,12.50,12.50,12.59,12.38,12.50,12.50,12.38,12.50,12.59,12.50,12.59,12.50,12.59,12.59,12.59,12.38,12.72,12.59,12.50,12.59,12.38,12.72,12.59,12.59,12.50,12.50,12.50,12.72,12.59,12.50,12.38,12.59,12.72,12.81,12.50,12.59,12.50,12.38,12.50,12.59,12.38,12.59,12.50,12.59,12.38,12.38,12.50,12.72,12.59,12.38,12.50,12.38,12.50,12.14,12.50,12.38,12.38,12.72,12.50,12.28,12.50,12.50,12.50,12.06,12.28,12.38,12.38,12.38,12.38,12.38,12.28,12.59,12.38,12.06,12.14,12.38,12.38,12.38,12.28,12.38,12.50,12.59,12.28,12.38,12.38,12.14,12.50,12.14,12.38,12.38,12.50,12.50,12.38,12.14,12.38,12.38,12.38,12.38,12.38,12.06,12.38,12.50,12.38,12.06,12.28,12.50,12.38,12.28,12.38,12.38,12.38,12.06,12.38,12.14,12.14,12.06,12.38,12.38,12.28,12.28,11.80,12.06,12.38,12.14,12.28,12.28,12.06,12.06,12.14,12.06,12.14,11.92,12.14,12.14,12.06,12.38,12.38,12.06,12.06,12.14
12.38,12.14,11.92,12.28,18.59,18.16,18.25,18.38,18.03,18.47,18.38,18.69,19.34,19.12,19.34,19.44,19.34,18.83,18.83,18.47,18.25,18.03,17.94,17.50,17.05,16.83,16.03,15.16,14.70,13.47,12.81,12.38,12.50,12.59,12.38,12.06,11.80,12.06,12.14,12.38,12.06,12.06,12.14,12.28,12.28,12.28,12.38,12.50,12.28,11.80,12.38,11.92,12.28,12.06,12.14,12.38,12.28,12.28,12.14,11.80,12.14,12.06,12.28,12.38,12.14,12.28,12.06,12.06,12.38,12.38,12.14,12.38,12.06,12.38,12.28,12.14,12.28,12.28,12.06,12.14,12.28,12.38,12.38,12.38,12.28,12.14,12.06,12.14,12.38,12.14,12.38,12.14,12.06,12.06,12.59,12.28,12.50,12.38,12.28,12.06,12.50,12.38,12.50,12.59,12.50,12.59,12.38,12.38,12.38,12.38,12.50,12.72,12.72,12.59,12.50,12.59,12.59,12.38,12.50,12.59,12.50,12.59,12.38,12.72,12.81,12.72,12.38,12.59,12.38,12.38,12.50,12.50,12.72,12.50,12.59,12.59,12.38,12.72,12.59,12.72,12.81,12.38,12.72,12.38,12.59,12.94,12.81,12.38,12.72,12.59,12.72,12.38,12.38,12.50,12.50,12.94,12.59,12.50,12.59,12.38,12.59,12.50,12.50,12.50,12.38,12.38,12.50,12.59,12.38,12.38,12.50,12.50,12.50,12.50,12.38,12.50,12.50,12.38,12.38,12.06,12.50,12.06,12.38,12.38,12.38,12.14,12.38,12.50,12.28,12.38,12.14,12.28,12.50,12.38,12.38,12.38,12.06,12.28,12.50,12.38,12.72,12.38,12.72,12.38,12.50,12.50,12.14,12.50,12.50,12.28,12.50,12.28,12.28,12.38,12.50,12.06,12.38,12.38,12.59,12.28,12.14,12.38,12.06,12.14,12.38,12.28,12.38,12.14,12.38,12.28,11.92,12.14,12.06,12.14,12.06,12.06,12.06,12.38,12.38,12.06,12.14,12.38,12.38,12.28,12.14,11.92,12.06,12.38,11.92,12.06,12.06,12.06,12.28,12.59,12.28,12.38
12.14,12.14,12.14,12.14,18.25,18.03,18.03,18.25,18.47,18.47,18.47,18.59,19.34,19.22,19.22,19.12,19.05,18.69,19.05,18.03,17.94,17.72,17.72,17.14,16.92,16.39,15.81,14.84,14.19,12.94,12.38,12.28,12.38,12.06,12.14,11.92,12.28,12.14,12.06,12.06,12.28,12.06,12.28,12.14,11.80,12.06,12.14,12.06,11.80,12.06,12.28,12.14,11.80,12.14,12.14,11.80,11.92,12.06,12.14,12.28,11.92,12.06,12.06,12.06,12.28,12.14,12.14,12.06,12.06,12.14,12.28,12.38,12.06,12.28,12.38,12.06,12.06,12.38,12.38,12.50,12.59,12.14,12.28,12.38,12.38,12.14,12.14,12.50,12.38,12.38,12.38,12.38,12.28,12.38,12.38,12.14,12.59,12.38,12.28,12.38,12.38,12.50,12.50,12.06,12.50,12.28,12.38,12.38,12.50,12.50,12.50,12.38,12.38,12.50,12.38,12.50,12.50,12.38,12.38,12.38,12.38,12.59,12.72,12.50,12.81,12.72,12.50,12.38,12.50,12.38,12.50,12.50,12.72,12.50,12.50,12.50,12.50,12.59,12.59,12.50,12.38,12.28,12.50,12.59,12.50,12.72,12.59,12.50,12.81,12.59,12.59,12.38,12.28,12.50,12.50,12.38,12.06,12.81,12.72,12.59,12.59,12.38,12.50,12.59,12.50,12.50,12.50,12.59,12.59,12.38,12.72,12.50,12.59,12.59,12.38,12.38,12.28,12.38,12.38,12.14,12.38,12.38,12.50,12.06,12.14,12.28,12.50,12.38,12.50,12.28,12.38,12.38,12.50,12.14,12.14,12.14,12.28,12.38,12.38,12.50,12.50,12.06,12.38,12.38,12.28,12.14,12.38,12.28,12.50,12.06,12.14,12.38,12.38,12.28,12.38,12.28,12.28,12.38,12.28,12.14,12.06,12.28,12.28,12.38,12.59,12.28,12.14,12.14,12.06,12.28,12.06,12.28,12.06,12.06,12.38,12.28,11.92,12.14,12.38,12.06,12.14,11.92,12.06,12.28,11.80,12.14,12.06,12.14,12.06,12.06,12.14,12.38,12.28,12.50,12.06,12.38
12.06,12.06,12.38,12.14,18.25,17.80,18.25,18.38,18.38,18.38,18.59,19.12,19.34,19.34,19.12,19.12,18.83,18.69,18.47,18.03,17.94,17.72,17.58,17.14,16.61,16.17,15.38,14.70,13.95,12.81,12.38,12.38,12.50,12.06,12.28,11.80,11.92,11.80,12.06,12.06,11.80,12.28,12.14,12.06,12.14,12.28,12.06,12.06,11.92,11.92,11.92,12.14,12.06,12.06,12.14,12.28,12.28,11.92,12.06,12.06,12.14,12.06,12.06,11.92,11.80,12.14,12.06,12.06,11.92,11.92,12.38,12.06,12.38,12.28,12.14,12.14,12.06,12.50,12.28,12.06,12.28,12.06,12.14,12.28,12.50,12.06,12.28,12.06,12.14,12.28,12.38,12.28,12.38,12.50,12.28,12.38,12.06,12.28,12.38,12.06,12.38,12.72,12.38,12.38,12.38,12.38,12.59,12.59,12.38,12.28,12.14,12.50,12.59,12.38,12.38,12.59,12.59,12.59,12.38,12.50,12.38,12.59,12.59,12.59,12.50,12.59,12.50,12.14,12.50,12.59,12.38,12.59,12.59,12.50,12.50,12.14,12.38,12.59,12.50,12.50,12.50,12.50,12.38,12.38,12.59,12.59,12.59,12.38,12.59,12.38,12.50,12.38,12.50,12.38,12.50,12.72,12.38,12.50,12.38,12.38,12.38,12.50,12.59,12.14,12.50,12.59,12.28,12.38,12.28,12.06,12.06,12.14,12.59,12.38,12.28,12.72,12.38,12.06,12.50,12.50,12.50,12.28,12.14,12.06,12.06,12.06,12.14,12.28,12.38,12.28,12.06,12.38,12.28,12.50,12.38,12.28,12.38,12.28,12.38,12.38,12.38,12.38,12.38,12.14,12.28,12.38,12.14,12.59,12.50,12.50,12.38,12.14,12.28,12.14,12.28,12.14,12.14,12.38,12.14,12.38,12.50,12.14,12.06,12.38,12.38,12.14,12.06,12.38,12.06,11.92,12.14,12.28,12.14,12.14,12.14,12.14,12.06,12.14,12.38,12.28,11.80,11.80,12.06,12.06,12.14,12.06,11.80,12.14,12.06,12.28,12.28,12.28,12.14,12.28,12.06,12.06
11.92,12.06,12.28,12.28,18.03,17.80,18.25,18.03,18.25,18.59,18.47,19.34,19.34,19.22,19.12,18.83,18.59,18.47,18.25,18.03,17.72,17.50,17.28,17.05,16.39,15.73,15.38,14.62,13.73,12.72,12.38,12.38,12.38,12.28,12.28,11.92,12.38,12.06,11.80,12.38,11.80,12.14,12.14,11.70,11.80,12.14,12.06,11.92,12.14,12.14,12.06,11.80,11.92,12.06,11.80,12.14,12.06,12.14,12.28,12.28,12.14,12.06,12.14,12.38,12.06,12.06,11.92,12.28,12.06,12.06,12.28,12.14,11.80,12.28,12.38,12.38,12.06,12.14,12.06,12.14,12.06,12.14,12.50,12.50,12.38,12.28,12.38,12.38,12.38,12.38,12.38,12.28,12.38,12.38,12.50,12.28,12.14,12.38,12.28,12.28,12.38,12.14,12.38,12.50,12.38,12.38,12.38,12.50,12.59,12.38,12.59,12.38,12.50,12.50,12.38,12.50,12.38,12.38,12.28,12.38,12.28,12.50,12.50,12.38,12.59,12.50,12.50,12.50,12.38,12.28,12.38,12.38,12.59,12.38,12.59,12.59,12.72,12.38,12.50,12.38,12.59,12.59,12.59,12.72,12.59,12.59,12.38,12.50,12.38,12.28,12.59,12.72,12.50,12.50,12.38,12.59,12.59,12.59,12.50,12.38,12.50,12.38,12.38,12.38,12.59,12.38,12.50,12.38,12.59,12.50,12.38,12.50,12.38,12.50,12.38,12.38,12.38,12.50,12.38,12.38,12.38,12.50,12.50,12.28,12.06,12.28,12.28,12.50,12.38,12.38,12.38,12.38,12.38,12.14,12.38,12.28,12.14,12.38,12.28,12.28,12.38,12.38,12.06,12.38,12.38,12.38,12.14,12.50,12.38,12.14,12.50,12.50,12.50,12.14,12.50,12.28,12.06,12.38,12.14,12.06,12.50,12.38,12.38,12.38,12.38,12.06,12.38,12.28,12.50,12.06,12.06,12.14,12.28,12.14,12.14,12.14,12.38,11.92,12.38,11.70,12.06,11.92,12.28,12.14,12.06,12.06,12.28,12.14,12.06,11.80,11.92,12.14,12.06,12.38,12.14,12.38
12.06,12.06,12.38,12.28,18.03,17.80,18.25,18.47,18.25,18.59,19.05,19.22,19.12,19.22,19.12,19.12,18.59,18.38,18.25,18.03,17.80,17.36,17.05,16.61,16.17,15.81,15.28,14.19,13.25,12.72,12.38,12.38,12.38,11.92,11.92,12.38,11.92,11.80,12.14,12.06,11.92,12.38,11.80,12.06,11.80,12.06,12.14,12.06,12.06,12.06,11.80,12.38,12.06,12.14,12.06,11.92,12.06,12.14,11.92,12.06,12.28,12.06,12.06,11.80,12.06,12.14,12.38,12.06,12.06,12.06,12.38,12.14,12.28,12.38,12.38,12.38,12.38,12.38,12.50,12.06,12.28,12.38,12.38,12.14,12.28,12.38,12.28,12.59,12.59,12.14,12.38,12.14,12.38,12.38,12.38,12.06,12.38,12.50,12.38,12.06,12.38,12.38,12.28,12.50,12.38,12.38,12.14,12.72,12.59,12.72,12.59,12.59,12.50,12.50,12.59,12.59,12.50,12.50,12.59,12.50,12.38,12.72,12.50,12.50,12.81,12.59,12.59,12.81,12.50,12.38,12.38,12.38,12.59,12.59,12.72,12.72,12.50,12.38,12.50,12.50,12.38,12.50,12.50,12.50,12.38,12.50,12.72,12.59,12.50,12.59,12.59,12.50,12.59,12.59,12.50,12.50,12.38,12.50,12.38,12.59,12.72,12.38,12.72,12.50,12.94,12.59,12.59,12.38,12.50,12.38,12.38,12.50,12.50,12.38,12.59,12.50,12.50,12.50,12.50,12.38,12.59,12.28,12.50,12.06,12.28,12.38,12.14,12.28,12.38,12.38,12.50,12.38,12.50,12.38,12.38,12.38,12.38,12.38,12.38,12.38,12.38,12.38,12.06,12.50,12.28,12.38,12.38,12.38,12.38,12.38,12.38,12.28,12.28,12.28,12.38,12.06,12.14,12.28,12.14,12.50,12.38,12.38,12.38,12.28,12.38,12.38,12.38,11.92,12.28,12.38,12.38,12.28,12.38,12.06,12.28,12.28,12.06,11.92,11.92,12.06,12.14,12.38,12.06,12.14,12.06,12.06,12.38,12.14,11.80,12.28,12.06,11.92,12.38,12.38,11.92,12.14
12.06,11.80,12.14,12.14,18.38,18.03,18.38,18.38,18.69,19.05,19.12,19.12,19.34,19.05,18.83,18.83,18.47,18.25,18.16,17.80,17.28,17.14,17.36,16.70,16.39,15.73,15.28,14.05,13.39,12.38,12.59,12.38,12.59,12.38,12.28,12.50,12.38,12.28,12.28,12.14,12.38,12.38,11.80,12.06,12.14,11.70,11.92,12.28,11.92,12.28,12.06,12.14,12.14,12.14,11.92,12.06,12.06,12.28,12.06,12.38,11.92,11.92,12.14,12.14,12.06,12.06,12.38,12.28,12.38,12.50,12.38,12.38,12.38,12.50,12.38,12.38,12.38,12.38,12.14,12.38,12.38,12.38,12.38,12.28,12.38,12.28,12.38,12.59,12.28,12.38,12.38,12.28,12.38,12.38,12.28,12.50,12.50,12.28,12.38,12.50,12.50,12.28,12.59,12.50,12.50,12.50,12.50,12.38,12.50,12.59,12.50,12.38,12.38,12.72,12.38,12.59,12.72,12.50,12.59,12.50,12.59,12.59,12.38,12.50,12.50,12.50,12.59,12.50,12.72,12.72,12.72,12.59,12.81,12.72,12.50,12.59,12.59,12.59,12.81,12.59,12.72,12.59,12.72,12.72,12.72,12.81,12.59,12.38,12.59,12.72,12.81,12.59,12.50,12.72,12.50,12.50,12.59,12.59,12.59,12.59,12.59,12.50,12.38,12.50,12.59,12.50,12.38,12.50,12.38,12.38,12.50,12.50,12.59,12.50,12.50,12.81,12.38,12.59,12.50,12.38,12.38,12.50,12.50,12.72,12.38,12.50,12.38,12.50,12.28,12.38,12.50,12.28,12.38,12.59,12.38,12.50,12.38,12.28,12.14,12.50,12.50,12.14,12.50,12.38,12.38,12.59,12.38,12.06,12.38,12.38,12.50,12.28,12.50,12.28,12.50,12.06,12.38,12.38,12.28,12.50,12.59,12.50,12.38,12.28,12.38,12.14,12.28,12.38,12.59,12.50,12.06,12.50,12.38,12.14,12.59,12.14,12.50,12.06,12.06,12.38,12.38,12.06,12.28,12.06,12.38,12.28,12.28,12.06,12.06,12.28,12.38,11.92,12.28,12.38,12.06,12.50
12.14,12.06,12.28,12.28,18.25,17.94,18.38,18.47,18.69,19.12,19.22,19.12,19.05,19.12,18.83,18.25,18.38,17.80,17.72,17.80,17.50,17.05,16.83,16.61,16.03,15.50,14.84,13.39,13.03,12.72,12.38,12.06,11.80,12.38,12.06,12.28,12.06,12.38,12.28,12.14,12.06,12.06,12.14,12.14,12.06,12.14,11.92,11.92,12.06,11.80,11.92,12.06,12.06,11.80,12.28,12.06,11.92,12.06,12.28,11.92,12.06,11.70,12.28,12.38,12.06,12.38,12.38,11.80,12.06,12.28,12.14,12.06,12.28,12.28,12.38,12.28,12.28,12.38,12.06,12.14,12.14,12.28,12.28,11.92,12.14,12.38,12.28,12.38,12.38,12.38,12.28,12.38,12.38,12.38,12.38,12.28,12.38,12.38,12.14,12.28,12.38,12.50,12.38,12.38,12.38,12.50,12.38,12.50,12.59,12.72,12.59,12.38,12.38,12.59,12.50,12.38,12.59,12.38,12.38,12.50,12.38,12.72,12.59,12.59,12.50,12.59,12.59,12.59,12.59,12.50,12.81,12.38,12.50,12.59,12.72,12.81,12.50,12.59,12.50,12.38,12.50,12.59,12.50,12.72,12.72,12.38,12.59,12.50,12.14,12.50,12.28,12.59,12.59,12.38,12.38,12.38,12.72,12.50,12.81,12.72,12.59,12.50,12.50,12.72,12.59,12.50,12.50,12.50,12.50,12.59,12.38,12.38,12.38,12.28,12.38,12.06,12.38,12.50,12.59,12.38,12.38,12.28,12.50,12.59,12.59,12.38,12.50,12.06,12.28,12.38,12.38,12.38,12.28,12.38,12.14,12.50,12.38,12.14,12.38,12.38,12.14,12.06,12.38,12.38,12.38,12.28,12.38,12.38,12.14,12.38,12.38,12.38,12.38,12.38,12.38,12.28,11.92,12.38,12.28,12.14,12.38,12.38,12.14,12.38,12.50,12.14,12.06,12.14,12.06,12.38,12.38,11.92,12.50,12.50,12.06,11.80,12.28,12.28,12.06,12.06,12.06,12.06,12.06,12.06,12.28,12.28,12.06,12.06,12.28,12.06,12.06,12.14,11.92,12.28,12.14,12.14
12.06,11.80,12.14,12.06,17.80,18.03,18.38,18.59,18.59,19.12,19.05,19.12,18.91,18.83,18.59,18.47,17.80,17.72,17.58,17.50,17.28,16.92,16.83,16.03,15.59,15.16,14.48,13.47,12.94,12.38,12.38,11.92,11.92,12.38,12.06,12.06,12.38,12.06,11.80,11.92,11.92,12.06,12.14,12.06,12.06,12.06,12.06,12.06,11.80,11.92,11.70,11.92,12.06,12.06,12.28,11.92,11.80,12.06,11.80,12.06,12.06,11.92,12.06,12.06,12.28,12.50,12.28,11.80,11.92,11.80,12.38,12.14,12.28,12.28,12.06,12.06,12.06,11.80,11.92,12.06,12.38,12.28,12.38,12.38,12.38,12.28,12.38,12.50,12.28,12.14,12.38,12.06,12.28,12.28,12.38,12.14,12.06,12.14,12.38,12.14,12.38,12.38,12.38,12.28,12.14,12.38,12.50,12.14,12.81,12.14,12.38,12.50,12.38,12.38,12.50,12.38,12.50,12.50,12.50,12.38,12.14,12.59,12.38,12.59,12.59,12.38,12.38,12.38,12.38,12.50,12.38,12.50,12.38,12.38,12.38,12.50,12.59,12.50,12.59,12.38,12.59,12.38,12.59,12.59,12.59,12.59,12.28,12.59,12.72,12.59,12.38,12.50,12.50,12.50,12.38,12.59,12.59,12.59,12.38,12.59,12.38,12.38,12.38,12.38,12.38,12.38,12.38,12.50,12.28,12.38,12.38,12.38,12.59,12.50,12.28,12.50,12.38,12.38,12.06,12.38,12.38,12.50,11.92,12.28,12.28,12.50,12.38,12.38,12.28,12.14,12.28,12.14,12.38,12.14,12.38,12.28,12.50,12.50,12.38,12.06,12.50,11.80,12.14,12.28,12.06,12.14,12.28,12.38,12.28,12.14,12.14,12.50,12.38,12.38,12.38,12.28,12.28,12.14,12.38,12.28,12.06,11.80,12.06,12.28,12.28,12.14,12.14,12.28,12.14,11.92,11.80,12.14,12.28,12.06,11.92,12.06,12.28,12.28,12.06,12.14,12.38,11.92,12.06,11.92,12.38,11.92,12.06,12.06,12.06,11.80,12.06,12.06,12.14,12.06,12.06,12.06
12.06,11.92,11.80,12.38,18.16,18.03,18.16,18.47,19.05,18.91,18.91,19.05,18.83,18.91,18.59,18.25,18.03,17.72,17.36,17.28,16.92,16.83,16.70,16.17,15.59,14.84,13.83,13.03,12.59,12.38,12.28,12.06,12.38,12.14,12.06,12.28,12.06,12.14,11.80,12.06,11.80,12.06,12.38,12.06,12.06,11.80,12.38,12.06,12.14,12.14,11.80,12.06,12.06,11.80,12.06,12.06,12.28,12.14,12.06,12.06,11.70,11.70,12.06,12.06,11.80,12.06,12.06,12.06,12.28,466.03,12.06,12.06,12.38,12.38,11.92,12.28,12.28,12.06,12.50,12.50,12.14,12.14,12.28,12.50,12.06,12.28,12.14,12.38,12.38,12.14,12.38,12.28,12.28,12.28,12.06,12.38,12.14,12.28,12.50,12.14,12.28,12.38,12.38,12.50,12.14,12.50,12.50,12.38,12.50,12.50,12.59,12.38,12.50,12.28,12.38,12.59,12.28,12.38,12.38,12.59,12.38,12.59,12.38,12.50,12.72,12.59,12.50,12.59,12.28,12.50,12.50,12.50,12.38,12.72,12.59,12.50,12.72,12.50,12.38,12.50,12.38,12.50,12.81,12.72,12.72,12.50,12.59,12.50,12.59,12.38,12.38,12.50,12.50,12.59,12.38,12.59,12.50,12.38,12.72,12.50,12.38,12.59,12.50,12.38,12.38,12.72,12.59,12.50,12.50,12.38,12.50,12.50,12.50,12.59,12.38,12.50,12.38,12.59,12.38,12.38,12.72,12.50,12.50,12.28,12.59,12.38,12.38,12.38,12.38,12.28,12.14,11.92,12.28,11.80,12.06,12.28,12.28,12.28,12.50,12.28,12.06,12.38,12.06,12.59,12.38,12.06,12.28,12.28,12.14,12.14,12.50,12.50,12.28,12.14,12.38,12.38,12.38,12.06,12.38,12.06,12.38,12.28,12.14,12.14,12.28,12.28,12.38,12.38,12.06,12.28,12.28,12.06,12.14,12.14,12.50,12.14,12.06,12.38,12.06,12.38,12.28,12.06,12.06,12.38,12.06,12.14,12.06,12.14,12.28,11.92,12.06,12.06,12.06,12.06,12.14,12.06
12.28,12.38,11.92,12.14,12.14,18.03,18.03,18.38,18.91,19.05,18.83,19.05,18.69,18.47,18.25,18.38,17.94,17.94,17.72,17.14,17.14,17.05,16.70,16.39,15.81,15.38,14.62,13.61,12.72,12.28,12.38,12.06,11.80,12.14,11.80,11.92,11.92,12.28,12.06,11.70,12.06,11.80,11.92,11.80,11.80,11.80,11.80,11.92,12.06,12.06,12.06,11.70,11.80,12.28,12.06,12.06,12.06,11.92,12.28,12.06,11.92,12.06,11.92,12.06,11.80,12.14,12.14,12.06,12.06,12.06,12.06,12.06,12.06,12.14,12.06,12.14,12.28,12.28,12.06,12.28,12.06,12.14,12.28,11.92,12.14,12.38,12.28,12.14,12.28,12.38,12.14,12.38,12.38,12.38,12.06,12.38,12.06,12.38,12.28,12.28,12.50,12.28,12.38,12.50,12.38,12.50,12.38,12.38,12.59,12.38,12.38,12.50,12.38,12.38,12.50,12.38,12.50,12.50,12.38,12.38,12.38,12.59,12.50,12.59,12.72,12.59,12.72,12.38,12.38,12.50,12.28,12.38,12.38,12.28,12.28,12.59,12.59,12.50,12.59,12.50,12.38,12.50,12.38,12.59,12.59,12.50,12.59,12.38,12.81,12.38,12.38,12.38,12.59,12.38,12.38,12.50,12.72,12.28,12.50,12.38,12.59,12.59,12.50,12.50,12.50,12.38,12.59,12.50,12.38,12.50,12.38,12.28,12.38,12.59,12.38,12.38,12.28,12.14,12.28,12.14,12.38,12.28,12.38,12.28,12.28,12.28,12.28,12.14,12.38,12.38,12.38,12.38,12.06,12.06,12.38,12.06,12.28,12.38,12.38,12.38,12.14,12.14,12.14,12.14,12.50,12.38,12.14,12.14,12.28,12.28,12.38,12.38,12.59,12.38,12.06,12.28,12.06,12.06,12.14,12.38,12.28,12.28,12.14,12.28,12.14,12.28,12.06,11.92,12.28,12.14,12.06,12.06,12.38,12.06,12.06,12.06,11.92,12.06,11.80,12.38,12.06,11.80,11.92,12.28,11.80,12.06,12.28,12.06,12.06,11.80,11.92,12.06,12.38,11.92,12.38,11.92
12.06,12.14,11.80,12.06,12.06,18.16,18.25,18.59,18.59,19.12,19.05,18.91,18.91,18.69,18.59,18.38,17.94,17.94,17.72,17.50,17.28,16.70,16.70,16.03,15.59,14.94,14.62,13.47,12.81,12.50,12.14,12.50,12.14,12.06,11.80,12.14,12.06,12.06,12.06,12.14,11.80,11.80,12.14,12.06,12.14,11.70,11.80,11.70,12.06,12.28,12.14,12.38,12.06,11.70,12.06,12.06,12.06,12.38,12.28,12.14,12.06,12.28,12.14,12.28,12.38,12.38,12.06,12.06,12.38,12.14,12.28,12.38,12.14,12.28,12.38,12.38,12.14,12.38,12.50,12.14,12.14,12.28,12.06,12.14,12.38,12.50,12.28,12.28,12.38,12.06,12.50,12.72,12.38,12.38,12.50,12.50,12.50,12.38,12.28,12.38,12.28,12.28,12.38,12.38,12.14,12.50,12.38,12.50,12.50,12.50,12.50,12.50,12.59,12.50,12.50,12.72,12.50,12.59,12.50,12.59,12.50,12.59,12.50,12.59,12.59,12.72,12.72,12.81,12.59,12.50,12.50,12.50,12.38,12.50,12.38,12.72,12.59,12.81,12.50,12.59,12.50,12.59,12.72,12.81,12.72,12.72,12.81,12.38,12.59,12.59,12.59,12.50,12.38,12.50,12.59,12.59,12.38,12.59,12.81,12.50,12.50,12.59,12.50,12.72,12.72,12.38,12.72,12.50,12.50,12.59,12.59,12.38,12.50,12.50,12.28,12.59,12.38,12.50,12.38,12.50,12.38,12.50,12.50,12.50,12.50,12.50,12.28,12.38,12.38,12.38,12.06,12.38,12.06,12.06,12.06,12.06,12.14,12.38,12.06,11.92,12.38,11.92,12.38,12.50,12.50,12.14,12.14,12.50,12.28,12.50,12.06,12.14,12.38,12.28,12.50,12.38,12.06,12.28,12.06,12.38,12.14,11.92,12.28,12.38,12.28,12.38,12.14,11.92,12.38,12.38,12.38,12.14,12.38,12.38,12.14,12.06,11.92,12.14,12.14,12.06,12.38,12.14,12.06,12.14,12.14,12.06,12.06,12.28,12.38,12.28,12.06,12.38,12.28,12.06,12.38,11.80
12.06,12.14,12.14,12.28,12.06,18.16,18.16,18.59,18.91,19.22,18.83,18.69,18.59,18.25,18.16,17.94,18.03,17.58,17.58,17.28,16.70,16.61,16.25,15.81,15.16,15.06,14.05,13.47,12.81,12.38,12.14,12.28,12.38,12.06,11.80,11.92,12.06,12.38,11.80,12.28,12.06,12.06,12.28,11.80,12.06,11.92,11.92,12.28,12.06,11.80,12.06,12.14,12.06,12.14,11.70,12.28,11.80,11.92,12.14,11.92,12.14,12.14,11.80,12.06,12.14,12.38,12.06,12.06,12.28,12.38,12.06,12.06,12.14,12.06,11.92,12.06,12.28,12.28,12.38,12.06,12.28,12.06,12.14,12.38,12.14,12.14,12.14,12.38,12.28,12.50,12.28,12.59,12.28,12.28,12.14,12.14,12.38,12.38,12.50,12.38,12.28,12.38,12.50,12.38,12.28,12.72,12.38,12.72,12.38,12.50,12.50,12.28,12.50,12.38,12.28,12.38,12.59,12.59,12.50,12.50,12.50,12.59,12.50,12.38,12.72,12.59,12.50,12.28,12.59,12.50,12.38,12.59,12.59,12.59,12.38,12.72,12.50,12.50,12.50,12.59,12.38,12.38,12.38,12.50,12.50,12.50,12.59,12.81,12.72,12.38,12.50,12.50,12.50,12.50,12.50,12.50,12.38,12.50,12.50,12.38,12.50,12.38,12.38,12.38,12.59,12.59,12.50,12.38,12.38,12.50,12.38,12.72,12.50,12.38,12.38,12.38,12.38,12.50,12.38,12.06,12.14,12.38,12.28,12.50,12.38,12.38,12.50,12.38,12.38,12.38,12.38,12.59,12.28,11.92,12.28,12.14,12.06,12.28,12.14,12.50,12.06,12.28,12.06,12.06,12.06,12.28,12.14,12.28,12.28,12.28,12.06,12.50,12.28,12.38,12.14,12.38,12.38,12.28,12.38,12.38,12.14,12.38,12.38,12.14,12.14,12.50,12.14,12.06,12.14,12.14,12.38,12.14,12.28,12.38,11.80,12.38,12.14,12.14,12.06,11.80,12.06,11.80,12.38,12.06,11.80,11.80,12.28,12.06,12.14,11.80,12.06,12.06,12.06,12.28,12.38,11.80
12.28,12.38,12.38,12.06,12.38,18.03,18.16,18.47,18.59,19.05,18.83,18.69,18.59,18.59,18.25,17.94,17.80,17.36,17.36,17.28,17.05,16.61,15.95,15.81,15.28,14.70,14.05,12.59,12.38,12.28,12.06,12.14,12.06,12.38,12.06,12.06,12.06,12.38,11.80,12.06,12.28,11.80,11.80,11.80,11.92,12.06,11.70,11.92,12.06,12.06,12.14,11.92,12.28,12.06,11.92,11.80,11.92,12.06,11.80,11.92,12.06,12.06,11.70,12.14,12.28,12.06,12.28,12.14,12.14,12.28,12.38,12.14,12.28,12.50,12.38,12.14,12.28,12.14,12.28,12.50,12.14,12.38,12.38,12.50,12.14,12.59,12.38,12.38,12.38,12.06,12.06,12.38,12.28,12.06,12.38,12.38,12.06,12.28,12.72,12.50,12.28,12.38,12.14,12.50,12.38,12.59,12.38,12.50,12.38,12.50,12.50,12.50,12.50,12.59,12.59,12.50,12.59,12.50,12.81,12.59,12.50,12.38,12.72,12.59,12.59,12.38,12.59,12.50,12.72,12.59,12.50,12.38,12.59,12.59,12.59,12.50,12.50,12.50,12.59,12.38,12.59,12.50,12.38,12.50,12.59,12.72,12.38,12.50,12.59,12.59,12.59,12.59,12.59,12.50,12.50,12.59,12.94,12.50,12.81,12.50,12.50,12.59,12.50,12.38,12.59,12.38,12.72,12.50,12.38,12.50,12.59,12.81,12.28,12.59,12.38,12.28,12.38,12.38,12.59,12.38,12.72,12.14,12.59,12.28,12.14,12.50,12.38,12.38,12.28,12.50,12.38,12.50,12.28,12.38,12.38,12.14,12.28,12.38,12.14,12.38,12.28,12.38,12.14,12.50,12.14,12.38,12.28,12.38,12.06,12.28,12.38,12.06,12.14,12.28,12.06,12.38,12.38,12.06,12.38,12.38,12.28,12.28,12.06,12.28,12.28,12.38,12.38,12.06,12.38,12.06,12.06,12.38,12.06,12.06,12.38,12.38,12.06,11.80,12.14,12.38,12.06,11.92,12.50,12.14,12.06,12.06,12.06,12.06,12.06,12.06,12.06,12.14,12.14,12.06,12.38,12.14
12.06,12.14,12.06,12.06,12.14,18.47,18.38,18.83,18.69,18.83,18.47,18.83,18.38,18.16,18.16,17.80,17.36,17.36,17.05,16.70,16.61,16.25,15.95,15.73,14.94,14.19,13.39,12.72,12.38,12.06,12.06,12.14,12.38,11.80,11.80,12.06,11.80,12.06,11.92,12.06,11.80,11.80,12.06,12.06,12.14,12.06,12.14,11.92,11.92,12.06,11.92,11.92,11.92,12.06,12.06,11.80,11.80,12.06,12.06,11.80,11.80,11.70,12.06,12.14,11.92,12.14,12.28,12.06,12.06,12.06,12.28,12.38,12.38,12.06,12.38,12.14,11.70,11.92,12.14,12.38,12.14,12.14,12.28,12.38,12.38,12.59,12.06,12.14,12.38,12.06,12.38,12.28,12.38,12.38,12.06,12.50,12.38,12.50,12.14,12.28,12.06,12.38,12.38,12.38,12.28,12.50,12.38,12.38,12.72,12.59,12.38,12.38,12.38,12.38,12.50,12.38,12.59,12.59,12.59,12.50,12.50,12.50,12.72,12.38,12.59,12.50,12.72,12.59,12.50,12.28,12.38,12.59,12.59,12.81,12.50,12.38,12.59,12.59,12.72,12.28,12.50,12.50,12.38,12.38,12.38,12.50,12.81,12.50,12.50,12.72,12.59,12.72,12.50,12.59,12.50,12.50,12.50,12.59,12.50,12.28,12.50,12.38,12.59,12.38,12.28,12.59,12.72,12.38,12.50,12.50,12.38,12.14,12.50,12.72,12.38,12.72,12.14,12.28,12.50,12.28,12.50,12.38,12.50,12.38,12.38,12.38,12.38,12.38,12.38,12.14,12.50,12.14,12.38,12.38,12.28,12.38,12.06,12.14,12.06,12.28,12.28,12.28,12.06,12.14,12.28,12.06,12.06,12.06,12.14,12.28,12.50,12.14,12.14,12.06,12.28,12.14,12.50,12.28,12.28,12.38,12.14,11.92,12.59,12.06,12.06,12.06,12.06,12.14,12.28,12.38,12.14,11.80,12.38,12.06,12.28,12.38,12.14,11.92,12.14,12.06,11.80,12.06,12.14,11.80,11.80,12.14,11.80,12.06,12.06,11.92,11.92,12.06,12.06,11.92,12.06,12.06
12.14,12.14,11.80,12.06,11.92,18.25,18.16,18.59,18.59,18.59,18.38,18.47,18.59,18.03,17.94,17.72,17.50,17.14,17.14,16.61,16.61,16.25,15.73,15.16,14.48,13.95,13.17,12.50,12.38,12.06,12.06,12.06,11.80,12.06,11.80,12.06,11.70,12.14,11.80,11.92,11.80,11.80,11.80,11.70,12.06,12.06,11.80,11.92,11.92,12.06,11.80,12.06,12.06,12.14,12.06,12.14,12.06,11.80,11.92,12.06,12.14,11.92,11.80,12.06,12.06,12.14,12.06,12.14,12.06,12.38,12.28,12.38,12.06,12.06,12.14,12.38,12.28,12.38,12.59,12.50,12.38,12.38,12.28,12.38,12.38,12.38,12.06,12.28,12.38,12.38,12.14,12.38,12.38,12.28,12.50,12.38,12.38,12.50,12.59,12.38,12.38,12.06,12.28,12.38,12.38,12.06,12.28,12.38,12.38,12.50,12.59,12.38,12.59,12.50,12.50,12.50,12.59,12.50,12.59,12.59,12.50,12.50,12.38,12.50,12.50,12.50,12.59,12.38,12.59,12.81,12.38,12.38,12.59,12.59,12.59,12.59,12.50,12.50,12.94,12.38,12.59,12.50,12.59,12.50,12.72,12.38,12.38,12.50,12.72,12.50,12.59,12.50,12.38,12.38,12.28,12.59,12.81,12.38,12.50,12.59,12.38,12.72,12.59,12.38,12.38,12.50,12.50,12.59,12.59,12.38,12.38,12.28,12.50,12.59,12.72,12.38,12.38,12.38,12.28,12.28,12.38,12.38,12.28,12.50,12.28,12.38,12.28,12.50,12.38,12.28,12.28,12.06,12.28,12.50,12.38,12.38,12.06,12.14,12.06,12.06,12.06,12.50,12.06,12.14,12.38,12.14,12.38,12.14,12.14,12.38,12.38,12.28,12.14,12.14,12.38,12.38,12.28,12.14,12.38,12.38,12.38,12.38,12.50,12.38,12.28,12.50,12.28,12.06,12.38,12.06,12.28,12.28,12.06,12.06,12.28,12.28,11.92,12.14,12.06,11.92,11.80,11.92,12.06,12.06,12.14,12.28,12.38,12.50,12.06,12.14,12.14,11.70,12.14,11.92,12.14,11.92
12.28,12.50,12.14,12.14,12.06,18.38,18.25,18.47,18.83,18.38,18.25,18.69,18.03,17.94,17.94,17.50,17.50,17.05,16.70,16.25,16.17,15.95,15.50,15.06,14.70,13.83,13.03,12.38,12.28,12.06,11.80,11.92,11.92,12.06,11.80,11.92,11.92,11.92,12.06,11.80,12.06,12.06,12.14,11.80,11.92,12.06,12.28,11.92,12.06,11.80,12.06,11.92,11.92,11.70,11.80,12.06,11.92,12.06,12.06,12.06,12.06,11.92,11.80,11.80,12.38,12.06,11.80,12.28,12.06,12.28,12.38,12.38,12.28,12.06,12.14,12.06,12.06,11.92,12.14,12.38,12.06,12.38,12.28,12.38,12.28,12.38,12.14,12.38,12.38,12.38,12.38,12.50,12.28,12.14,12.38,12.28,12.38,12.28,12.50,12.38,12.50,12.14,12.59,12.38,12.50,12.50,12.59,12.50,12.14,12.06,12.38,12.38,12.50,12.28,12.59,12.50,12.59,12.50,12.38,12.38,12.72,12.50,12.50,12.38,12.59,12.50,12.59,12.38,12.28,12.50,12.59,12.50,12.28,12.50,12.38,12.38,12.72,12.38,12.59,12.59,12.72,12.50,12.59,12.28,12.59,12.59,12.50,12.38,12.50,12.59,12.59,12.59,12.59,12.59,12.38,12.72,12.50,12.38,12.59,12.50,12.59,12.59,12.72,12.38,12.50,12.38,12.28,12.59,12.50,12.50,12.59,12.38,12.28,12.50,12.38,12.50,12.59,12.50,12.50,12.06,12.06,12.50,12.38,12.38,12.38,12.14,12.38,12.38,12.06,12.38,12.38,12.38,12.28,12.50,12.14,12.38,12.14,12.38,11.80,12.06,12.06,12.14,12.06,12.28,12.14,12.38,12.06,12.28,12.14,11.92,11.92,12.14,12.06,12.28,12.38,12.14,12.50,12.38,12.38,12.28,12.06,11.92,12.06,12.50,12.06,12.28,12.06,12.38,12.14,11.92,12.14,12.38,11.92,12.06,12.14,12.28,12.14,12.14,12.06,12.06,11.80,12.06,12.06,11.80,12.14,12.06,11.80,11.80,12.06,11.80,11.58,11.80,12.06,11.92,11.80,11.92
12.06,12.06,11.92,12.14,11.92,18.03,18.47,18.38,18.38,18.69,17.94,18.25,17.94,17.80,17.72,17.50,17.05,16.70,16.70,16.61,16.03,15.95,15.50,15.06,14.27,13.47,12.59,12.14,12.06,11.92,11.92,12.06,12.14,11.80,11.80,11.70,12.06,12.06,12.06,12.14,12.06,12.06,12.06,12.14,12.14,12.06,11.80,11.70,11.70,11.92,11.80,11.92,12.14,11.80,11.80,11.80,11.80,12.06,11.92,12.06,12.06,11.80,11.92,12.06,12.38,12.14,11.70,11.92,12.06,11.92,12.06,12.14,12.14,12.06,12.14,12.14,12.14,12.28,12.28,12.06,12.06,12.06,12.14,12.38,12.06,12.38,12.28,12.38,12.06,11.92,12.06,12.06,12.06,12.38,12.06,12.14,12.28,12.38,12.50,12.38,12.38,12.38,12.28,12.38,12.28,12.38,12.14,12.38,12.06,12.50,12.38,12.38,12.14,12.38,12.50,12.38,12.38,12.50,12.59,12.50,12.50,12.38,12.38,12.28,12.38,12.38,12.38,12.38,12.28,12.38,12.28,12.38,12.50,12.38,12.59,12.50,12.59,12.38,12.50,12.50,12.50,12.14,12.50,12.59,12.59,12.38,12.38,12.38,12.81,12.50,12.28,12.50,12.38,12.50,12.50,12.50,12.59,12.28,12.50,12.38,12.50,12.14,12.59,12.50,12.50,12.28,12.50,12.50,12.50,12.50,12.38,12.59,12.50,12.38,12.38,12.38,12.50,12.28,12.14,12.06,12.50,12.38,12.06,12.50,12.28,12.06,12.14,12.28,12.28,12.38,12.38,12.50,12.06,12.06,12.28,12.14,12.06,12.14,12.28,12.14,12.38,12.06,12.06,12.38,11.80,12.14,12.14,12.14,12.06,12.06,11.80,12.28,12.14,11.92,12.14,12.14,12.06,12.06,12.06,12.38,12.14,12.06,12.28,12.06,12.38,12.28,11.92,12.06,12.06,12.38,12.28,12.14,11.92,11.92,12.38,12.28,12.14,11.80,11.80,12.28,11.92,12.06,12.06,11.92,11.92,12.28,12.06,12.06,12.14,11.80,11.92,11.92,12.06,12.06,12.50,12.06
12.06,12.06,12.14,11.80,12.28,18.25,18.25,18.38,18.47,18.03,18.25,18.03,17.72,17.72,17.72,17.28,16.70,16.92,16.61,16.25,15.95,15.59,15.16,14.62,14.19,12.94,12.38,12.28,12.06,11.80,12.06,11.92,12.06,11.92,11.80,11.80,11.80,11.80,11.70,11.80,11.92,11.80,11.80,12.06,11.92,11.92,12.06,12.06,11.80,11.92,12.14,12.14,11.80,11.70,11.80,11.80,11.70,11.58,11.80,11.80,12.14,12.14,11.92,12.06,11.80,11.92,11.70,12.06,12.06,11.80,12.06,11.70,12.06,12.38,11.80,12.06,11.80,12.06,12.14,11.80,12.06,12.06,12.06,12.06,12.38,12.14,12.06,12.14,12.28,12.14,11.80,12.38,12.14,12.38,12.59,12.38,12.38,12.28,12.38,12.14,12.28,12.06,12.06,12.38,12.38,12.38,12.28,12.28,12.38,12.28,12.38,12.38,12.50,12.28,12.38,12.50,12.38,12.38,12.50,12.50,12.14,12.59,12.72,12.28,12.38,12.50,12.38,12.38,12.38,12.28,12.06,12.38,12.14,12.38,12.72,12.50,12.14,12.28,12.50,12.59,12.38,12.59,12.50,12.38,12.38,12.38,12.59,12.50,12.38,12.38,12.28,12.50,12.38,12.28,12.38,12.38,12.50,12.38,12.50,12.38,12.38,12.50,12.38,12.28,12.50,12.14,12.38,12.38,12.59,12.28,12.38,12.06,12.38,12.38,12.38,12.28,12.50,12.59,12.14,12.28,12.38,12.28,12.38,12.28,12.38,12.28,12.28,12.28,12.14,12.06,12.06,12.06,12.28,12.06,12.06,12.14,12.38,12.06,12.14,12.06,12.14,12.06,11.92,11.80,12.06,11.80,12.06,11.92,12.06,12.06,12.28,11.80,12.06,12.14,12.14,12.14,11.80,12.06,11.92,11.92,12.06,11.92,12.38,11.80,11.92,12.06,11.80,12.06,11.92,12.06,12.14,11.80,12.06,12.28,12.06,12.28,12.38,12.06,11.80,11.80,11.80,12.06,12.06,12.06,12.14,11.80,12.06,11.70,11.80,11.80,11.80,11.80,11.80,11.70,11.80,12.06
11.92,12.06,11.58,11.92,12.28,18.25,18.16,18.38,18.03,18.25,17.94,17.94,17.72,17.72,17.05,17.28,16.61,16.39,16.39,16.17,15.95,15.50,14.94,14.41,13.47,12.94,12.59,11.80,12.14,11.80,11.80,12.06,12.28,11.70,12.06,466.03,11.70,11.80,11.92,11.80,11.80,11.80,11.70,11.70,11.80,11.70,11.80,11.58,11.80,11.80,11.80,11.80,11.80,12.28,11.80,11.70,11.80,11.58,11.80,11.70,11.70,11.70,11.80,11.80,11.80,12.06,11.80,12.06,11.80,11.80,12.06,11.70,12.06,11.80,11.92,12.14,12.06,11.92,11.80,12.06,11.92,12.06,12.06,12.28,12.14,11.80,12.38,12.06,12.14,11.92,12.06,12.06,12.14,12.06,12.14,11.92,12.38,11.92,12.38,12.14,12.28,12.14,12.14,12.38,12.28,12.28,12.14,12.38,12.59,12.14,12.38,12.50,12.14,12.14,12.14,12.14,12.50,12.28,12.50,12.50,12.38,12.50,12.14,12.38,12.38,12.38,12.38,12.38,12.38,12.59,12.38,12.38,12.59,12.38,12.50,12.59,12.50,12.38,12.50,12.50,12.50,12.50,12.38,12.14,12.38,12.14,12.38,12.28,12.50,12.59,12.38,12.28,12.38,12.38,12.38,12.28,12.38,12.28,12.28,12.38,12.06,12.28,12.28,12.28,12.28,12.28,12.59,12.50,12.28,12.50,12.38,12.38,12.38,12.28,12.38,12.50,12.38,12.28,12.28,12.38,12.14,12.06,12.28,12.06,12.28,12.38,12.06,12.28,12.28,12.38,12.14,12.28,12.14,12.14,12.38,12.38,12.06,11.92,12.14,11.92,11.92,12.14,11.80,11.80,12.06,12.06,12.06,11.80,12.06,12.06,12.14,12.06,12.06,11.80,12.50,12.06,12.06,12.06,11.92,11.92,12.06,11.80,12.06,11.92,12.14,12.06,11.80,11.70,11.92,12.14,11.80,12.38,11.70,12.14,11.92,12.06,11.70,11.92,11.80,11.70,12.06,12.14,11.80,12.06,11.92,12.28,12.06,11.80,11.80,11.70,12.14,11.92,11.80,11.92,12.06,11.80
11.58,11.70,11.92,11.80,12.06,11.80,18.03,18.38,18.38,18.16,17.94,18.03,17.94,17.80,17.58,17.36,17.05,17.05,16.83,16.25,15.95,15.95,15.38,14.84,14.41,13.47,12.72,12.38,12.06,12.14,12.06,11.92,12.06,11.58,11.92,11.80,11.92,11.80,11.80,11.92,11.92,12.06,11.70,12.06,11.80,12.06,11.80,11.80,11.70,12.06,11.92,11.80,12.06,11.80,11.80,11.70,12.06,11.48,11.80,12.06,12.06,12.06,12.06,11.80,12.06,11.92,12.14,11.92,11.92,12.28,11.80,12.06,12.28,12.06,12.28,11.80,12.28,12.28,12.28,11.80,12.28,12.28,12.06,12.06,12.06,12.06,12.28,12.28,12.06,12.06,12.38,12.06,12.28,12.06,12.14,12.28,12.38,12.28,12.38,12.38,12.38,12.14,12.14,12.14,12.50,12.38,12.06,12.38,12.38,12.06,12.38,12.28,12.38,12.28,12.28,12.28,12.38,12.38,12.38,12.50,12.38,12.59,12.50,12.59,12.72,12.50,12.72,12.38,12.38,12.38,12.59,12.28,12.38,12.59,12.50,12.50,12.38,12.38,12.72,12.59,12.38,12.38,12.59,12.38,12.50,12.59,12.38,12.50,12.59,12.50,12.59,12.50,12.59,12.59,12.38,12.59,12.50,12.28,12.50,12.50,12.59,12.38,12.38,12.38,12.38,12.38,12.38,12.50,12.38,12.50,12.59,12.38,12.38,12.14,12.59,12.59,12.14,12.38,12.50,12.59,12.28,12.50,12.38,12.38,12.38,12.38,12.38,12.14,12.06,12.28,12.28,12.28,12.38,12.06,12.06,12.14,12.28,12.14,12.38,12.06,12.06,12.14,12.14,12.06,12.06,12.06,12.06,12.14,12.06,12.06,12.38,12.06,12.14,12.06,11.92,11.92,12.38,12.06,12.06,12.06,11.92,12.14,11.80,12.06,12.38,12.06,12.06,12.14,11.80,11.92,12.28,11.92,12.06,12.14,12.28,11.80,12.28,12.06,11.80,11.80,12.14,12.14,12.14,11.92,11.80,11.92,11.92,11.92,11.92,11.80,12.28,11.80,12.06,12.06,12.14,12.06
12.06,12.06,12.28,11.80,12.06,11.80,18.16,18.38,18.16,18.03,18.03,17.94,17.72,17.50,17.36,17.36,16.92,16.61,16.70,16.17,16.03,15.73,15.28,14.41,14.27,13.25,12.38,12.14,12.28,11.80,11.92,11.80,11.92,11.92,11.70,11.70,11.80,11.70,11.70,12.14,11.70,11.70,12.28,12.06,11.70,11.80,11.80,11.70,12.06,11.80,11.92,11.92,11.58,11.80,11.80,11.58,11.70,11.80,11.70,11.92,11.70,12.14,11.92,11.92,12.14,12.06,12.06,12.06,12.06,12.06,12.06,12.06,12.38,12.06,12.06,12.06,12.06,12.14,12.38,12.06,12.06,12.14,12.06,12.06,12.06,12.14,12.38,12.38,12.14,12.38,12.14,11.92,12.14,12.06,12.38,12.38,12.38,12.06,12.14,12.14,12.38,12.38,12.06,12.14,12.50,12.50,12.28,12.38,12.28,12.38,12.72,12.38,12.59,12.38,12.38,12.50,12.59,12.50,12.38,12.50,12.59,12.50,12.50,12.38,12.38,12.50,12.59,12.38,12.38,12.59,12.38,12.28,12.28,12.28,12.50,12.50,12.38,12.38,12.38,12.38,12.50,12.50,12.50,12.38,12.38,12.59,12.72,12.50,12.59,12.50,12.38,12.50,12.50,12.38,12.50,12.38,12.38,12.38,12.50,12.38,12.38,12.59,12.59,12.38,12.06,12.50,12.38,12.38,12.59,12.38,12.28,12.38,12.38,12.38,12.38,12.38,12.50,12.50,12.38,12.38,12.28,12.50,12.50,12.28,12.50,12.59,12.59,12.28,12.06,12.38,12.38,12.06,12.06,12.38,12.38,12.06,12.28,12.06,12.14,12.06,12.06,12.14,12.38,12.06,12.06,12.06,12.06,12.06,11.92,12.06,12.06,12.06,12.06,11.80,12.06,12.38,12.50,12.06,12.28,12.14,12.38,12.14,12.14,12.06,12.06,12.06,12.14,12.06,12.06,12.28,12.06,12.14,12.06,12.28,11.70,12.06,12.06,11.92,12.06,12.06,11.92,11.80,12.06,12.06,11.80,11.80,12.06,11.92,11.80,11.92,11.80,12.06,11.80,11.92,12.14,11.92
12.28,11.92,11.70,11.80,12.06,11.92,18.03,17.94,17.94,17.80,17.94,17.80,17.72,17.36,17.36,17.14,16.92,16.48,16.39,16.17,15.95,15.59,15.28,14.41,13.83,12.81,12.59,12.28,12.14,12.06,11.70,11.92,12.06,11.70,11.92,11.80,11.70,12.06,11.80,11.70,12.06,11.80,11.92,12.06,12.06,11.80,11.80,12.06,11.92,11.92,11.80,11.92,11.80,11.92,11.92,11.70,11.70,11.58,11.80,12.06,11.92,12.06,11.80,12.38,11.92,12.06,11.80,12.06,12.06,11.92,12.38,11.80,11.92,12.06,12.06,12.28,12.14,12.14,12.14,12.06,12.06,12.38,12.28,12.06,12.06,12.28,12.06,12.38,12.28,12.38,11.92,12.38,12.28,12.06,12.06,12.28,12.50,11.92,12.38,12.06,12.14,12.38,12.38,12.28,12.50,12.14,12.14,12.59,12.38,12.28,12.28,12.50,12.38,12.50,12.59,12.38,12.38,12.38,12.38,12.14,12.72,12.28,12.50,12.50,12.72,12.59,12.50,12.72,12.14,12.59,12.28,12.38,12.50,12.38,12.50,12.59,12.38,12.81,12.50,12.59,12.38,12.38,12.38,12.38,12.50,12.38,12.38,12.50,12.50,12.50,12.59,12.50,12.38,12.14,12.28,12.50,12.50,12.28,12.38,12.50,12.59,12.28,12.38,12.50,12.50,12.50,12.59,12.59,12.50,12.38,12.50,12.81,12.38,12.59,12.28,12.50,12.28,12.59,12.50,12.50,12.38,12.28,12.59,12.38,12.38,12.28,12.38,12.38,12.50,12.38,12.14,12.28,12.38,12.38,12.14,12.38,12.28,12.14,12.06,12.06,12.38,12.28,12.06,12.14,12.28,12.28,12.06,12.06,12.38,11.80,12.14,12.28,12.06,12.06,12.06,11.92,12.14,12.06,12.06,12.38,12.14,11.92,11.92,12.38,12.38,12.14,12.06,11.80,12.06,12.28,12.06,12.06,11.92,12.14,12.06,12.06,12.50,12.06,12.06,11.80,12.06,11.80,11.92,11.70,11.92,12.06,12.06,12.06,11.80,12.06,12.06,12.06,12.28,12.06,11.92,12.28
12.38,12.14,12.06,12.06,12.06,11.80,18.03,18.03,17.94,17.80,17.94,17.58,17.36,17.28,17.36,17.14,16.83,16.70,16.39,16.17,16.17,15.38,14.94,14.48,13.73,12.59,12.28,11.80,11.92,11.80,12.06,12.06,11.70,12.06,12.06,12.06,11.80,12.06,11.48,11.92,12.06,11.92,11.70,11.80,12.06,12.06,11.80,11.80,11.80,11.80,11.80,11.70,12.06,11.70,11.80,11.80,12.06,11.48,11.92,12.06,11.92,11.92,12.06,11.92,11.80,11.80,11.92,11.80,12.14,12.14,12.14,11.92,11.80,11.92,12.06,12.14,12.14,12.14,12.06,12.06,12.14,12.38,12.14,12.06,12.14,11.80,12.14,12.14,12.14,12.06,11.80,12.28,12.50,12.50,12.50,12.06,12.38,12.06,12.38,12.28,12.50,12.50,12.06,12.06,12.06,12.28,12.50,12.38,12.59,12.72,12.38,12.38,12.38,12.38,12.28,12.14,12.50,12.38,12.50,12.59,12.14,12.14,12.59,12.50,12.59,12.50,12.59,12.50,12.38,12.50,12.50,12.28,12.72,12.38,12.50,12.38,12.38,12.59,12.50,12.50,12.50,12.38,12.38,12.50,12.38,12.38,12.38,12.50,12.50,12.59,12.59,12.59,12.38,12.38,12.38,12.50,12.59,12.38,12.50,12.59,12.38,12.59,12.59,12.72,12.50,12.38,12.50,12.50,12.50,12.59,12.14,12.59,12.50,12.50,12.50,12.50,12.38,12.38,12.14,12.28,12.38,12.14,12.38,12.38,12.38,12.14,12.50,12.28,12.06,12.38,12.28,12.28,12.14,12.28,12.06,12.06,12.06,12.38,12.28,12.06,12.06,12.28,12.06,12.28,12.50,12.06,12.14,11.80,12.06,11.92,12.38,11.92,12.14,11.80,12.06,12.06,12.28,12.14,12.28,12.06,12.06,12.06,12.14,12.38,12.06,12.06,12.50,11.92,12.38,12.28,12.06,12.28,11.92,12.06,12.28,12.28,11.80,11.92,11.92,11.80,11.80,11.80,12.38,12.06,11.80,12.06,12.14,11.92,12.06,12.06,12.06,11.92,12.28,11.92,12.14,11.80
12.38,12.06,12.06,11.80,12.06,11.80,17.80,17.72,17.72,17.94,17.72,17.28,17.36,17.28,17.05,16.83,16.39,16.61,16.25,16.17,15.73,15.16,14.84,14.19,13.17,12.59,12.14,11.92,12.06,12.06,12.14,11.80,11.80,11.80,11.80,12.06,11.48,11.58,11.80,11.80,11.80,12.06,12.06,11.92,11.80,11.80,11.92,11.80,11.80,12.14,11.70,11.58,11.92,11.80,11.70,11.92,11.80,11.80,11.80,11.80,12.06,11.70,11.80,11.92,11.80,11.70,12.06,11.80,12.06,12.06,11.70,11.80,12.06,12.06,11.92,12.06,12.06,12.06,12.06,12.06,11.80,12.06,11.92,12.14,12.28,12.28,12.14,12.06,12.14,12.28,12.28,12.50,12.28,12.14,12.50,12.28,12.28,12.14,12.28,12.14,12.50,12.06,12.28,12.50,12.28,12.28,12.38,12.28,12.28,12.28,12.38,12.38,12.38,12.38,12.38,12.50,12.38,12.38,12.38,12.28,12.38,12.38,12.50,12.38,12.38,12.38,12.38,12.59,12.59,12.38,12.50,12.50,12.28,12.50,12.38,12.38,12.38,12.50,12.59,12.50,12.50,12.50,12.38,12.38,11.92,12.50,12.50,12.38,12.59,12.59,12.72,12.72,12.38,12.14,12.38,12.38,12.28,12.28,12.50,12.38,12.06,12.38,12.38,12.59,12.50,12.59,12.59,12.50,12.50,12.38,12.38,12.50,12.38,12.50,12.38,12.38,12.14,12.14,12.38,12.38,12.38,11.80,12.38,12.06,12.28,12.38,12.38,12.38,12.38,12.28,12.38,12.06,12.50,12.14,12.38,12.38,12.06,12.06,12.06,11.92,12.06,12.28,11.92,11.92,11.80,12.14,12.38,12.06,11.92,12.06,12.06,11.80,12.14,11.92,11.92,11.80,11.92,12.38,12.14,12.06,11.80,12.06,12.14,12.28,12.06,12.06,12.06,11.80,12.38,11.80,12.06,12.06,12.06,12.06,12.06,11.92,12.06,12.06,11.80,12.06,11.80,11.70,11.70,11.92,11.80,11.92,11.80,11.80,11.80,11.92,12.06,11.92,12.14,11.92,11.80,12.06
11.70,11.70,12.06,12.06,11.58,11.92,17.72,17.72,17.72,17.72,17.36,17.50,17.50,17.28,16.92,16.70,16.61,16.61,16.25,15.95,15.59,15.50,14.70,14.05,13.03,12.38,12.14,11.92,11.80,11.80,12.06,11.70,11.80,11.80,11.80,12.06,12.06,11.80,12.06,11.58,11.92,11.70,11.92,12.06,12.06,11.80,11.70,12.06,11.80,11.92,11.70,12.06,12.06,12.06,12.06,11.58,11.80,11.80,12.38,12.06,12.06,12.14,12.28,11.92,12.06,12.14,12.06,12.06,12.14,12.06,12.14,12.06,12.06,12.50,12.06,12.06,12.38,12.28,12.38,12.38,12.50,12.14,12.14,12.28,12.28,12.28,12.38,12.14,12.38,12.50,12.38,12.38,12.50,12.38,12.28,12.28,12.38,12.28,12.50,12.06,12.28,12.50,12.38,12.38,12.06,12.38,12.38,12.38,12.38,12.38,12.50,12.50,12.50,12.38,12.38,12.59,12.50,12.38,12.50,12.59,12.59,12.50,12.38,12.28,12.50,12.72,12.50,12.59,12.50,12.50,12.59,12.59,12.81,12.72,12.50,12.38,12.50,12.50,12.38,12.72,12.59,12.38,12.59,12.50,12.50,12.59,12.50,12.50,12.50,12.38,12.50,12.59,12.50,12.72,12.59,12.59,12.38,12.28,12.81,12.38,12.59,12.50,12.50,12.28,12.38,12.50,12.59,12.59,12.59,12.59,12.38,12.72,12.50,12.38,12.59,12.38,12.38,12.38,12.06,12.38,12.38,12.38,12.50,12.38,12.59,12.50,12.38,12.38,12.38,12.28,12.06,12.50,12.14,12.28,12.06,12.38,12.38,12.28,12.38,12.06,12.14,12.14,12.14,11.92,12.38,12.14,12.28,12.06,12.06,12.06,11.80,12.14,11.92,12.06,11.80,11.80,11.92,12.06,12.06,11.92,11.92,12.06,12.38,12.06,11.92,12.28,12.38,11.92,11.92,12.06,12.06,12.14,12.28,12.28,11.92,11.92,11.80,11.92,11.92,11.70,11.80,12.06,12.28,12.06,11.92,11.80,12.06,12.28,11.92,11.80,11.92,12.06,12.06,12.06,12.06,12.14
11.92,12.28,12.28,12.14,12.06,11.92,17.72,17.72,17.72,17.72,17.28,17.28,17.14,16.92,17.05,16.70,16.39,16.39,15.95,15.73,15.50,15.28,14.41,13.73,12.72,12.14,12.06,11.80,11.92,11.70,11.80,11.70,11.92,11.92,11.70,11.58,11.80,11.80,11.80,11.92,11.80,11.80,11.92,11.80,11.70,11.80,11.80,11.70,12.06,12.28,12.06,11.80,11.80,12.06,11.80,11.80,12.06,12.06,11.92,11.80,12.06,11.80,12.06,11.80,12.06,12.06,11.80,11.92,12.06,12.14,11.80,12.06,12.28,12.28,12.28,12.38,12.06,12.14,12.06,12.06,12.06,11.92,12.06,12.14,12.14,12.06,12.14,12.14,12.14,12.28,12.28,12.38,12.14,12.28,12.28,12.38,12.38,12.06,12.28,12.14,12.06,12.38,12.06,12.06,12.38,12.38,12.59,12.50,12.38,12.14,12.38,12.50,12.50,12.14,12.38,12.50,12.38,12.38,12.38,12.38,12.59,12.50,12.14,12.50,12.59,12.38,12.50,12.38,12.50,12.59,12.59,12.50,12.38,12.50,12.50,12.50,12.50,12.50,12.59,12.50,12.50,12.38,12.59,12.50,12.72,12.50,12.59,12.50,12.50,12.59,12.59,12.72,12.50,12.50,12.38,12.50,12.59,12.14,12.59,12.59,12.50,12.59,12.50,12.38,12.38,12.28,12.50,12.59,12.14,12.50,12.50,12.59,12.38,12.38,12.38,12.38,12.38,12.28,12.59,12.50,12.06,12.28,12.50,12.28,12.38,12.50,12.28,12.38,12.28,12.38,12.14,12.38,12.50,12.28,12.06,12.38,12.06,12.28,12.06,12.14,11.92,12.28,12.28,12.38,12.28,12.38,12.38,12.14,12.38,12.28,12.28,11.80,12.06,12.06,12.06,12.06,11.80,12.06,11.92,12.06,12.14,12.06,11.92,12.06,12.28,12.06,11.80,12.06,12.28,12.14,12.06,11.80,12.06,12.14,12.06,11.80,12.28,12.06,12.06,12.06,12.28,11.92,12.06,11.92,12.38,11.80,11.80,12.06,11.80,11.80,12.14,11.92,11.80,12.06,11.80,11.92
11.80,11.92,11.92,12.14,11.80,12.06,17.80,17.36,17.36,17.58,17.36,16.83,17.05,16.92,16.70,16.92,16.39,16.61,16.25,15.95,15.59,14.84,14.27,13.03,12.28,12.06,12.14,12.06,11.80,11.92,11.80,11.58,11.80,12.06,11.70,11.80,12.06,11.70,11.80,11.92,11.80,11.70,11.80,11.80,11.80,11.80,11.80,11.80,12.06,11.70,12.06,12.06,11.92,12.06,11.70,11.80,11.70,11.92,11.80,11.92,11.80,12.28,12.14,11.92,11.92,11.80,12.06,12.06,11.92,11.92,11.80,11.70,12.06,12.06,12.28,12.14,12.14,12.14,12.14,12.38,12.06,11.92,12.38,12.06,12.06,12.38,12.28,12.28,12.28,12.38,12.14,11.92,12.06,12.28,12.06,12.28,12.38,11.92,12.50,12.06,12.14,12.28,12.59,12.14,12.28,12.28,12.50,12.38,12.38,12.38,12.50,12.38,12.28,12.50,12.38,12.38,12.38,12.50,12.38,12.38,12.50,12.38,12.50,12.38,12.38,12.38,12.38,12.50,12.38,12.50,12.50,12.38,12.28,12.38,12.59,12.59,12.50,12.38,12.59,12.50,12.38,12.59,12.50,12.14,12.50,12.06,12.50,12.50,12.59,12.38,12.38,12.28,12.38,12.38,12.38,12.38,12.50,12.14,12.38,12.59,12.50,12.38,12.59,12.14,12.38,12.50,12.72,12.38,12.50,12.28,12.38,12.50,12.50,12.50,12.59,12.28,12.28,12.38,12.50,12.38,12.14,12.38,12.38,12.38,12.38,12.38,12.14,12.28,12.28,12.38,12.14,12.06,12.06,11.92,12.14,12.06,11.92,12.14,12.38,12.28,12.06,12.06,11.92,12.06,12.06,12.38,12.06,12.06,12.06,12.06,12.28,12.06,11.80,12.06,11.80,12.06,11.80,11.70,11.92,12.06,12.06,12.06,11.92,12.14,11.80,12.06,12.28,12.14,11.92,12.06,11.80,11.80,12.06,12.28,12.06,12.06,12.06,11.80,11.80,12.06,12.06,11.80,12.28,12.14,12.06,11.80,12.06,11.80,11.92,11.80,11.80,11.92,11.80,11.80,12.06,12.28
12.06,11.92,12.06,12.06,12.06,11.80,17.58,17.36,17.50,17.36,17.50,17.14,17.14,16.70,16.92,16.83,16.61,16.39,16.03,15.59,15.16,14.94,13.83,13.17,12.38,11.80,12.14,12.06,12.06,11.70,11.92,11.80,12.06,11.70,11.58,11.58,11.92,11.92,11.70,11.80,11.70,12.06,11.80,11.80,12.06,11.80,11.80,11.92,12.06,12.14,11.80,11.80,11.80,11.80,11.70,11.80,11.70,11.80,12.06,12.38,11.80,11.92,11.80,11.80,12.06,12.06,12.06,11.80,12.06,11.92,12.06,12.06,12.06,12.06,12.06,12.28,12.38,12.06,12.28,11.92,12.38,12.06,12.06,12.28,11.92,12.28,12.38,12.50,12.06,12.28,12.14,12.14,12.28,12.38,12.28,12.38,12.38,12.14,12.38,12.14,12.06,12.38,12.28,12.28,12.38,12.38,12.59,12.14,12.59,12.38,12.28,12.50,12.50,12.72,12.38,12.38,12.38,12.38,12.50,12.38,12.38,12.38,12.50,12.06,12.38,12.50,12.59,12.50,12.50,12.28,12.50,12.38,12.50,12.50,12.50,12.59,12.59,12.50,12.38,12.38,12.38,12.59,12.38,12.38,12.50,12.50,12.50,12.50,12.38,12.38,12.38,12.50,12.50,12.50,12.72,12.38,12.50,12.72,12.50,12.72,12.50,12.59,12.50,12.50,12.38,12.14,12.38,12.50,12.59,12.38,12.38,12.50,12.14,12.14,12.59,12.50,12.28,12.38,12.38,12.38,12.50,12.50,12.38,12.14,12.59,12.50,12.28,12.50,12.06,12.38,12.38,12.14,12.06,11.92,12.28,12.38,12.06,12.38,12.14,12.28,12.06,12.14,12.38,12.06,12.38,12.38,12.28,12.06,11.92,12.06,12.14,12.06,12.14,12.06,11.92,12.06,11.80,11.80,11.92,12.14,12.14,12.28,11.92,12.06,12.06,12.06,12.06,12.14,12.14,12.06,11.80,12.06,12.06,11.92,12.14,12.06,12.06,12.28,12.14,12.06,12.06,11.92,12.06,11.80,11.80,11.92,11.70,11.92,11.80,12.06,12.14,12.06,11.92,12.06,12.06,12.28
12.06,466.03,12.06,12.28,11.80,12.06,12.06,17.72,17.50,17.36,17.50,17.05,16.70,16.92,16.92,16.61,16.48,16.25,15.95,15.81,15.50,14.94,14.48,13.73,12.50,12.28,11.80,12.06,11.80,11.70,11.70,11.70,11.58,11.92,11.70,11.70,11.70,11.80,11.70,11.70,11.80,11.70,11.58,11.58,11.70,11.80,11.92,11.92,11.80,11.80,11.48,11.80,11.80,11.70,12.06,12.06,11.80,11.70,11.92,11.80,11.92,11.80,11.80,12.06,12.06,11.80,12.14,12.06,11.80,12.14,12.06,11.92,12.06,12.38,12.06,12.06,12.06,11.70,12.06,12.28,12.06,12.14,12.14,12.38,12.06,12.06,12.06,12.38,12.38,12.06,12.38,12.06,12.28,12.38,12.38,12.38,12.14,12.28,12.38,12.38,12.38,12.28,12.28,12.38,12.14,12.28,12.38,12.38,12.38,12.50,12.06,12.38,12.59,12.14,12.38,12.38,12.38,12.50,12.14,12.38,12.14,12.28,12.14,12.38,12.28,12.38,12.59,12.50,12.59,12.38,12.38,12.38,12.50,12.59,12.72,12.50,12.38,12.06,12.38,12.59,12.59,12.50,12.50,12.50,12.50,12.38,12.38,12.50,12.59,12.59,12.38,12.81,12.50,12.59,12.72,12.38,12.59,12.59,12.50,12.28,12.38,12.59,12.72,12.50,12.38,12.50,12.59,12.38,12.50,12.38,12.50,12.38,12.50,12.50,12.38,12.28,12.38,12.59,12.14,12.38,12.38,12.38,12.28,12.38,12.14,12.28,12.38,12.38,12.38,12.50,12.38,12.28,12.06,12.06,12.28,12.06,12.14,12.14,12.06,12.28,12.28,11.92,12.28,12.38,11.80,12.14,12.38,12.06,12.28,12.06,12.06,12.06,12.06,12.06,12.14,11.80,12.06,11.92,11.92,12.06,12.06,11.80,12.06,12.06,11.70,12.06,11.80,12.28,12.06,12.06,11.80,12.06,11.92,11.80,11.92,11.80,11.92,12.06,12.06,11.58,11.92,12.38,11.92,11.92,12.14,11.80,11.80,11.92,11.70,11.92,11.80,11.80,11.80,12.06,11.80,12.06
12.06,12.06,11.92,12.06,11.92,12.06,11.80,17.36,17.50,17.36,17.50,17.05,16.83,17.05,16.92,16.83,16.39,16.25,16.17,15.81,15.38,15.16,14.27,13.39,12.50,12.14,11.70,11.70,11.58,12.06,11.80,11.48,11.70,11.80,12.06,11.80,11.70,11.80,11.70,11.92,11.80,11.58,11.70,11.70,11.80,11.70,11.92,11.80,11.70,11.58,11.70,11.92,11.80,11.80,11.92,11.92,11.70,11.70,11.70,12.14,12.06,11.80,12.06,11.80,11.92,12.14,12.06,12.14,12.06,11.70,12.06,11.92,11.80,12.06,11.80,12.06,12.06,12.14,12.06,12.06,12.06,12.06,12.06,12.28,12.06,12.28,12.06,12.38,11.92,12.06,12.14,12.06,12.06,12.50,12.14,12.14,12.28,12.50,12.06,12.59,12.06,12.14,12.38,12.72,12.38,12.38,12.38,12.38,12.38,12.38,12.59,12.59,12.28,12.28,12.14,12.38,12.38,12.38,12.14,12.59,12.14,12.38,12.50,12.38,12.38,12.59,12.38,12.50,12.50,12.06,12.59,12.38,12.50,12.50,12.38,12.38,12.72,12.28,12.81,12.38,12.59,12.59,12.28,12.38,12.38,12.38,12.59,12.38,12.38,12.59,12.38,12.50,12.38,12.38,12.50,12.38,12.38,12.38,12.38,12.28,12.38,12.38,12.50,12.50,12.38,12.38,12.50,12.38,12.50,12.38,12.38,12.28,12.38,12.14,12.38,12.38,12.38,12.38,12.38,12.28,12.50,12.28,12.50,12.38,12.38,12.38,12.14,12.28,12.38,12.38,12.28,12.06,12.38,12.28,11.80,12.28,12.06,12.14,12.06,12.28,12.38,12.14,12.38,12.38,12.06,12.38,11.92,12.06,12.06,11.92,11.92,11.92,11.70,11.80,11.80,11.92,11.80,11.80,12.06,11.92,11.80,11.70,12.06,11.92,11.70,11.70,12.14,12.28,12.06,12.06,12.06,11.80,12.06,12.06,12.06,12.06,12.06,11.80,12.28,12.06,12.06,12.06,11.92,12.06,11.80,12.06,12.14,12.06,12.06,11.80,12.06,11.92,11.80,11.80,11.80,11.80
12.06,11.70,12.06,12.06,12.06,12.06,12.06,17.58,17.50,17.28,17.36,17.14,16.92,16.70,16.83,16.61,16.48,16.48,15.81,15.50,14.84,14.27,13.83,13.03,11.92,12.28,12.06,11.80,11.80,11.70,11.80,11.80,11.80,11.80,11.80,11.80,11.58,12.06,11.80,11.48,11.58,11.58,11.58,11.80,12.14,11.70,11.80,11.80,11.70,11.70,11.58,11.70,11.70,11.58,11.92,11.80,11.92,11.80,12.06,11.70,11.80,11.70,11.92,11.80,12.06,11.80,11.80,11.92,11.80,12.06,12.06,12.14,12.06,12.14,12.14,11.92,11.70,12.06,12.14,12.06,12.06,12.14,12.38,12.14,12.14,12.06,12.06,12.28,12.28,12.14,12.38,12.28,12.14,12.28,12.14,12.28,12.38,12.14,12.06,12.38,12.06,12.50,12.38,12.28,12.38,12.50,12.38,12.28,12.38,12.38,12.28,12.50,12.50,12.28,12.59,12.38,12.38,12.38,12.28,12.59,12.50,12.50,12.50,12.50,12.28,12.28,12.50,12.59,12.50,12.50,12.38,12.38,12.50,12.28,12.50,12.38,12.59,12.38,12.50,12.38,12.50,12.59,12.38,12.50,12.50,12.50,12.38,12.28,12.38,12.38,12.38,12.38,12.59,12.59,12.81,12.50,12.59,12.50,12.59,12.38,12.50,12.72,12.14,12.28,12.59,12.38,12.38,12.38,12.50,12.50,12.06,12.38,12.38,12.38,12.50,12.28,12.50,12.38,12.50,12.38,12.38,12.14,12.38,12.38,12.06,12.38,12.72,12.38,12.28,12.28,12.06,12.06,12.14,12.38,12.14,12.28,11.92,12.06,12.28,12.28,12.14,12.14,12.28,12.28,11.80,11.92,12.06,12.06,11.80,11.80,12.06,12.14,12.38,12.14,12.28,12.06,12.14,11.92,11.80,11.92,11.80,11.80,12.06,11.80,11.92,12.06,12.06,12.06,12.06,12.06,12.06,12.06,12.06,12.06,11.80,12.06,11.92,12.06,12.06,11.80,12.06,11.92,11.80,11.92,12.06,11.80,11.80,12.06,11.80,11.92,12.06,12.06,11.92,11.80,11.70,11.92
11.80,12.06,11.92,12.14,12.06,11.92,12.06,17.72,17.58,17.50,17.28,17.05,17.05,16.92,17.05,16.92,16.25,16.25,15.81,15.38,14.84,14.62,13.73,12.72,12.28,12.38,11.92,12.14,11.80,12.06,11.92,12.06,12.06,11.80,11.92,12.06,11.80,12.06,11.80,11.58,11.58,12.06,11.80,11.70,11.80,11.92,12.06,12.06,11.80,11.80,11.92,11.92,12.06,11.80,12.06,11.92,11.92,12.06,12.06,11.70,12.06,11.80,12.06,12.28,12.14,12.06,11.80,12.28,11.92,12.14,12.06,11.80,11.80,12.28,11.92,12.38,12.06,12.06,12.06,12.38,12.38,12.38,12.14,12.06,12.14,12.06,12.06,12.28,12.38,12.28,12.50,12.38,12.50,12.14,12.38,12.06,12.06,12.38,12.38,12.38,12.28,12.28,12.38,12.38,12.38,12.38,12.50,12.38,12.38,12.50,12.50,12.50,12.59,12.50,12.50,12.50,12.72,12.38,12.50,12.38,12.59,12.50,12.38,12.14,12.59,12.50,12.50,12.50,12.50,12.59,12.59,12.59,12.59,12.38,12.50,12.50,12.72,12.50,12.50,12.59,12.50,12.50,12.50,12.59,12.59,12.38,12.59,12.38,12.50,12.50,12.14,12.38,12.59,12.28,12.38,12.50,12.38,12.38,12.59,12.38,12.38,12.59,12.50,12.38,12.38,12.28,12.28,12.50,12.59,12.59,12.59,12.50,12.59,12.59,12.38,12.38,12.38,12.28,12.50,12.50,12.28,12.38,12.38,12.38,12.28,12.14,12.06,12.50,12.28,12.59,12.38,12.38,12.38,12.14,12.38,12.06,12.06,12.06,12.06,12.59,12.38,12.14,12.38,12.14,12.06,12.38,12.06,12.14,12.06,12.06,12.38,12.28,12.06,11.92,12.06,12.14,11.80,12.14,11.80,12.14,11.80,11.92,12.14,12.28,12.06,11.70,12.14,12.06,11.80,12.14,12.06,12.06,12.06,12.06,11.92,12.06,12.06,11.92,11.92,12.06,12.14,12.06,11.70,11.80,12.06,11.92,12.06,12.06,12.06,12.06,12.14,12.06,12.14,12.14,12.06,12.14
11.80,11.92,12.06,12.06,12.28,12.06,12.38,17.58,17.36,17.36,16.92,17.50,16.83,16.83,16.92,16.48,16.48,16.17,15.59,14.94,14.48,13.95,13.03,12.59,12.14,12.06,11.80,11.80,12.06,11.70,11.80,11.80,11.92,12.06,11.80,11.80,11.80,12.06,11.58,12.14,11.80,11.80,11.70,11.80,11.80,11.92,11.80,11.70,11.92,11.80,11.80,11.70,11.80,11.80,11.92,11.80,11.80,11.92,12.06,11.92,12.06,12.06,12.28,12.06,11.92,12.28,11.80,11.70,11.92,12.38,12.14,12.06,12.06,11.92,12.06,12.06,11.70,12.14,12.28,12.28,11.92,12.28,12.14,12.38,12.50,12.06,12.14,12.14,11.92,12.06,12.50,12.28,12.38,12.59,12.50,12.59,12.28,12.38,12.38,12.38,12.38,12.38,12.06,12.59,12.38,12.38,12.38,12.50,12.59,12.38,12.38,12.38,12.50,12.72,12.50,12.38,12.38,12.59,12.59,12.59,12.59,12.50,12.38,12.28,12.38,12.59,12.50,12.50,12.50,12.50,12.50,12.59,12.50,12.38,12.59,12.38,12.38,12.38,12.59,12.38,12.38,12.38,12.38,12.38,12.38,12.50,12.50,12.59,12.50,12.59,12.72,12.38,12.50,12.59,12.38,12.50,12.59,12.50,12.38,12.50,12.38,12.59,12.38,12.38,12.38,12.38,12.50,12.50,12.38,12.38,12.38,12.72,12.59,12.28,12.38,12.50,12.38,12.50,12.59,12.38,12.50,12.59,12.50,12.28,12.38,12.59,12.14,12.06,12.50,12.38,12.28,12.50,12.38,12.28,12.38,12.38,12.38,12.28,12.28,12.14,12.14,12.28,12.06,12.14,12.06,12.06,12.06,11.92,12.06,11.80,11.92,12.06,12.14,12.06,12.06,11.80,11.80,12.14,11.92,12.28,11.92,12.06,11.92,12.06,12.06,12.06,11.92,12.06,12.06,11.80,12.06,12.38,11.80,12.06,12.06,12.14,11.92,12.14,11.80,11.80,11.80,12.06,11.70,12.06,12.06,11.80,11.80,11.92,12.28,12.14,11.80,11.92,12.06,12.06,11.92,12.06
12.28,11.80,12.14,12.06,12.06,12.06,12.06,17.58,17.50,17.14,17.28,17.28,16.92,16.61,16.70,16.25,15.95,15.59,15.28,14.94,14.27,13.47,12.72,12.38,12.14,12.06,11.80,12.14,11.92,11.80,11.70,11.80,11.70,11.70,12.06,11.70,11.70,11.70,12.06,12.06,11.80,11.80,11.80,11.80,12.14,11.92,11.80,11.80,11.80,11.70,11.80,11.80,11.80,11.80,11.80,11.70,11.80,11.80,11.80,11.80,12.06,12.06,11.80,12.06,12.06,12.06,11.92,12.06,12.06,11.80,12.06,12.14,12.14,12.38,12.06,11.80,11.92,12.28,12.06,11.92,12.14,12.28,12.28,12.28,12.14,12.06,12.28,12.50,12.14,12.38,12.38,12.38,12.14,12.38,12.06,12.28,12.38,12.28,12.38,12.28,12.14,12.14,12.38,12.38,12.38,12.59,12.59,12.38,12.38,12.38,12.50,12.38,12.50,12.59,12.38,12.59,12.38,12.38,12.38,12.38,12.38,12.14,12.06,12.38,12.14,12.28,12.59,12.72,12.50,12.38,12.50,12.38,12.38,12.59,12.28,12.38,12.72,12.50,12.50,12.38,12.38,12.59,12.50,12.72,12.38,12.38,12.38,12.50,12.50,12.50,12.38,12.38,12.81,12.59,12.14,12.28,12.50,12.50,12.50,12.59,12.72,12.38,12.14,12.59,12.28,12.59,12.50,12.38,12.38,12.50,12.38,12.59,12.59,12.28,12.50,12.50,12.28,12.28,12.14,12.38,12.72,12.38,12.14,12.38,12.38,12.28,12.28,12.06,12.06,12.50,12.38,12.38,12.14,12.28,12.14,12.06,12.06,12.06,12.14,12.28,12.28,12.06,12.38,12.06,12.06,12.06,12.14,12.06,12.06,12.06,12.28,12.06,12.06,12.06,12.06,12.38,12.50,12.28,12.06,12.06,12.06,12.06,12.06,11.92,12.14,12.14,11.80,11.80,11.80,11.80,12.06,12.06,12.14,12.06,11.92,12.06,12.06,11.80,12.14,11.92,11.92,11.80,11.80,11.70,11.80,12.06,11.80,11.80,12.06,11.70,11.80,11.92,11.92,11.92,11.92,12.06
12.06,11.80,11.92,11.80,11.92,12.06,11.80,17.50,17.05,17.14,17.05,16.92,16.61,16.70,16.61,16.25,16.17,15.59,15.06,14.48,13.83,13.39,12.50,12.06,12.06,11.70,11.92,12.14,11.80,11.80,11.80,11.70,11.80,11.48,11.70,11.70,11.48,11.58,11.70,11.80,11.70,11.70,11.70,11.80,12.06,12.06,11.70,11.80,11.80,11.80,11.92,11.80,11.80,11.92,11.70,11.58,11.80,12.06,11.92,11.58,11.58,11.92,11.80,11.92,11.92,11.80,11.70,12.06,12.06,12.06,12.06,12.14,12.28,12.14,12.06,12.06,11.92,12.28,12.06,12.28,12.06,12.38,12.28,12.14,12.28,12.06,12.06,12.28,12.38,12.28,12.28,12.28,12.38,12.28,12.38,12.38,12.28,12.38,12.06,12.06,12.28,12.38,12.28,12.38,12.28,12.28,12.50,12.38,12.38,12.28,12.14,12.14,12.50,12.38,12.38,12.50,12.38,12.38,12.38,12.28,12.50,12.50,12.50,12.38,12.38,12.38,12.59,12.50,12.50,12.38,12.72,12.50,12.50,11.92,12.59,12.38,12.72,12.38,12.38,12.50,12.38,12.38,12.50,12.38,12.14,12.50,12.38,12.06,12.59,12.38,12.50,12.38,12.72,12.50,12.38,12.38,12.59,12.59,12.72,12.59,12.50,12.50,12.38,12.38,12.38,12.28,12.50,12.38,12.38,12.50,12.38,12.50,12.38,12.38,12.38,12.38,12.50,12.14,12.38,12.50,12.50,12.14,12.38,12.28,12.28,12.28,12.59,12.14,12.06,12.14,12.38,12.14,12.14,12.06,12.06,12.14,12.14,11.92,12.38,12.38,12.14,12.06,12.06,12.28,11.92,12.14,12.14,12.06,12.06,12.06,11.92,12.06,11.92,11.92,12.14,11.92,11.80,12.06,12.06,11.92,12.06,12.14,12.14,12.06,11.80,11.80,11.70,11.80,11.80,11.92,12.06,11.92,11.80,12.06,11.92,11.80,11.92,11.80,12.28,12.06,11.92,11.92,11.92,12.06,11.80,11.80,11.58,12.06,11.80,11.70,11.80,12.14,11.92,11.70,11.80,11.80
12.06,11.92,12.06,12.28,11.80,11.92,12.06,17.72,17.36,17.05,16.92,17.05,16.92,16.83,16.39,15.81,15.59,15.06,14.70,14.05,13.47,12.72,12.38,11.80,11.80,11.80,11.70,11.80,11.80,11.70,11.58,11.80,11.80,11.58,11.70,11.48,11.80,11.80,11.58,11.80,11.58,11.70,11.70,11.70,11.80,11.48,11.92,11.80,11.70,11.80,11.80,11.58,11.80,11.80,12.06,11.58,11.58,11.80,11.80,11.92,11.70,11.80,12.06,11.80,11.80,12.06,11.80,11.70,12.06,12.14,11.92,12.06,11.92,12.06,12.06,11.92,11.92,12.06,12.06,12.06,12.06,12.38,12.06,12.28,12.14,12.14,12.06,12.28,12.28,12.28,12.06,12.14,12.38,11.92,12.38,12.14,12.06,12.38,12.28,12.06,12.38,11.92,12.28,12.28,12.38,12.06,12.28,12.59,12.38,12.50,12.38,12.28,12.50,12.06,12.50,12.50,12.38,12.38,12.38,12.06,12.50,12.28,12.06,12.38,12.06,12.28,12.38,12.14,12.50,12.14,12.38,12.28,12.38,12.38,12.38,12.50,12.50,12.59,12.38,12.50,12.14,12.50,12.06,12.38,12.14,12.14,12.50,12.38,12.38,12.50,12.50,12.38,12.59,12.50,12.38,12.14,12.50,12.59,12.14,12.38,12.38,12.72,12.14,12.50,12.38,12.38,12.38,12.50,12.59,12.50,12.14,12.38,12.14,12.28,12.28,12.50,12.38,12.38,12.28,12.28,12.28,12.28,12.06,12.38,12.14,12.38,11.92,12.28,12.06,12.28,11.92,12.38,12.28,12.38,12.38,12.06,12.38,11.80,12.14,12.06,12.14,11.80,12.38,12.06,12.06,12.14,11.92,12.06,12.14,11.80,12.06,12.06,11.80,11.70,11.80,12.06,12.28,11.80,12.06,12.14,11.80,12.06,11.80,11.80,11.80,11.80,11.92,11.92,11.92,12.06,12.06,12.06,11.80,11.70,12.06,11.92,12.06,12.06,11.80,12.06,11.80,11.92,11.92,12.06,11.92,12.06,12.06,11.70,11.80,11.92,11.80,12.06,12.06,11.80,11.58,11.70
12.06,11.70,11.80,12.06,11.80,11.80,12.06,17.58,17.28,17.14,17.05,16.83,16.48,16.61,16.03,15.95,15.73,15.28,14.48,13.61,12.81,12.59,11.92,11.92,12.06,11.70,11.80,11.48,11.80,11.92,11.70,11.80,11.80,11.70,11.70,11.70,11.80,11.58,11.58,11.80,11.70,11.58,12.06,11.70,11.70,11.70,11.80,11.80,11.80,11.80,11.70,11.80,12.06,11.80,12.06,11.80,11.80,11.80,11.80,11.92,11.70,11.92,12.06,11.80,11.92,11.92,11.92,12.06,12.14,11.92,11.92,11.80,12.06,12.14,12.14,12.06,11.80,12.06,12.14,12.06,12.06,12.38,12.14,12.50,12.14,12.14,12.06,12.38,12.28,12.28,12.14,12.06,12.28,12.28,12.28,12.28,12.06,12.38,12.38,12.38,12.28,12.28,12.38,12.38,12.06,12.50,12.38,12.38,12.06,12.38,12.38,12.38,12.38,12.28,12.59,12.38,12.50,12.38,12.38,12.50,12.50,12.38,12.28,12.28,12.59,12.50,12.28,12.38,12.50,12.28,12.50,12.50,12.38,12.38,12.38,12.72,12.38,12.38,12.59,12.59,12.38,12.50,12.50,12.38,12.59,12.28,12.50,12.50,12.50,12.59,12.59,12.50,12.59,12.50,12.14,12.50,12.59,12.59,12.38,12.38,12.38,12.38,12.38,12.28,12.50,12.72,12.59,12.38,12.38,12.38,12.38,12.38,12.14,12.38,12.28,12.06,12.38,12.38,12.38,12.38,12.38,12.28,12.38,12.28,12.14,12.38,12.50,12.14,12.38,12.50,12.50,12.06,12.06,12.14,12.14,12.14,11.92,12.14,12.14,12.28,12.38,12.06,12.28,12.28,12.28,12.28,12.06,12.14,12.06,12.06,12.06,11.80,11.80,12.06,11.92,11.80,11.80,12.06,12.06,12.06,11.80,12.06,12.28,11.92,11.80,11.70,12.06,11.80,11.48,11.70,11.70,11.80,12.14,12.06,11.80,11.80,11.80,11.80,11.92,11.92,11.70,11.92,12.14,12.06,12.06,11.92,11.70,11.92,11.80,12.06,11.80,12.06,11.92,12.06,11.80,12.06
11.80,11.48,11.92,11.92,11.80,12.06,11.92,17.36,17.28,17.05,16.92,16.92,16.25,16.25,16.03,15.95,15.28,14.70,14.19,13.39,12.81,12.28,11.92,11.80,11.70,11.80,12.06,11.80,11.48,11.80,11.48,11.36,11.80,11.70,11.70,11.70,11.70,11.70,11.80,11.80,11.92,11.58,11.80,11.92,11.70,11.80,11.80,11.58,11.80,11.80,11.48,11.70,11.80,11.92,11.92,11.80,11.92,11.80,11.92,12.06,11.70,11.80,12.06,12.06,12.06,11.80,11.80,12.06,11.70,12.06,11.92,11.80,12.06,12.14,12.28,12.14,12.14,12.06,12.14,12.06,12.38,12.28,12.06,12.38,12.06,12.14,12.28,12.50,12.14,12.14,12.28,12.14,12.38,12.28,12.14,12.28,12.14,12.38,12.28,12.59,12.38,12.06,12.14,12.06,12.38,12.59,12.38,12.14,12.38,12.06,12.38,12.28,12.50,12.50,12.28,12.50,12.50,12.59,12.50,12.38,12.38,12.72,12.38,12.50,12.50,12.59,12.50,12.38,12.50,12.59,12.50,12.50,12.38,12.50,12.59,12.59,12.38,12.38,12.50,12.38,12.59,12.50,12.28,12.50,12.38,12.38,12.38,12.50,12.38,12.59,12.72,12.50,12.50,12.59,12.38,12.28,12.59,12.38,12.50,12.59,12.59,12.38,12.50,12.38,12.38,12.59,12.14,12.38,12.59,12.50,12.28,12.28,12.38,12.38,12.50,12.38,12.38,12.50,12.38,12.38,12.38,12.38,12.28,12.14,12.28,12.14,12.06,12.38,12.28,12.38,12.38,12.06,11.92,12.38,12.28,12.14,12.06,12.06,12.14,12.06,12.28,11.80,12.38,12.28,11.80,12.14,12.06,12.28,12.06,12.14,11.80,12.06,12.06,12.06,12.06,12.06,12.14,11.80,12.06,12.06,12.06,11.80,12.14,466.03,11.80,12.06,11.70,11.92,12.06,11.80,11.80,11.80,12.06,11.80,11.92,12.06,12.38,11.70,12.06,12.06,11.80,11.80,12.06,12.06,11.80,11.80,11.70,12.06,12.14,12.06,11.80,12.06,12.14,12.14,12.06,11.80
11.92,12.14,12.06,12.06,11.80,11.92,11.80,11.70,17.36,17.28,16.92,16.92,16.70,16.61,16.48,15.81,15.59,14.94,14.41,14.05,13.03,12.28,12.06,12.06,11.92,11.80,11.70,12.06,11.92,11.80,12.06,11.80,11.80,11.80,11.80,11.58,11.92,11.80,11.70,11.80,11.58,11.70,11.80,11.80,11.92,11.80,11.70,11.92,11.58,11.92,11.70,11.70,11.80,11.70,11.80,12.06,11.80,12.06,12.06,11.80,12.06,11.80,11.80,11.80,12.14,11.80,12.06,12.14,11.92,12.14,11.92,11.92,11.80,12.06,11.92,12.38,12.28,11.92,12.06,12.06,12.06,12.38,12.38,12.14,12.38,12.28,12.06,12.28,12.38,12.38,12.28,12.38,12.14,12.38,12.14,12.28,12.14,12.06,12.38,12.06,12.38,12.50,12.38,12.38,12.06,12.14,12.38,12.14,12.50,12.50,12.38,12.50,12.38,12.50,12.14,12.59,12.38,12.50,12.72,12.50,12.59,12.50,12.38,12.50,12.50,12.59,12.50,12.38,12.94,12.50,12.59,12.59,12.38,12.38,12.50,12.28,12.59,12.38,12.50,12.50,12.59,12.38,12.28,12.59,12.59,12.38,12.38,12.50,12.50,12.50,12.38,12.72,12.72,12.50,12.38,12.38,12.72,12.38,12.38,12.38,12.50,12.50,12.72,12.59,12.50,12.59,12.28,12.50,12.50,12.50,12.38,12.38,12.59,12.59,12.50,12.38,12.59,12.38,12.38,12.38,12.38,12.59,12.72,12.38,12.38,12.50,12.38,12.50,12.38,12.50,12.50,12.38,12.38,12.06,12.06,12.14,12.14,12.14,12.06,12.38,12.14,12.06,12.06,12.06,12.06,12.14,12.06,12.06,12.06,12.06,12.06,12.06,12.06,12.28,11.92,12.14,12.28,12.06,11.92,11.80,11.70,11.92,12.28,12.14,11.80,12.06,11.70,12.06,11.80,12.06,12.06,11.92,11.80,11.92,11.80,11.70,12.14,12.06,11.92,12.06,12.06,12.06,11.80,12.14,11.80,12.06,12.06,11.80,12.06,12.06,12.38,12.06,12.14,11.80,11.80,12.14
12.06,11.92,12.14,12.28,11.80,11.80,12.38,11.70,17.58,17.05,17.05,16.48,16.61,16.25,15.95,15.95,15.16,14.70,13.83,13.25,12.38,12.06,12.28,12.06,12.06,11.70,11.92,11.70,11.58,11.58,11.80,11.80,11.70,11.58,11.70,11.80,11.70,11.36,11.80,11.48,11.80,11.70,11.58,11.80,11.70,11.80,11.70,11.80,11.80,11.80,11.58,11.36,11.70,11.70,11.80,11.58,11.80,12.06,11.92,11.70,11.80,11.80,11.80,11.58,11.80,12.06,12.06,11.80,11.80,12.06,12.06,12.06,12.06,12.06,12.14,12.14,12.14,11.80,12.38,11.92,12.06,12.14,12.14,12.14,12.06,12.28,12.06,11.80,12.14,11.92,12.38,12.50,12.06,12.14,12.38,12.28,12.06,11.92,12.14,12.14,12.38,12.14,12.14,12.28,12.38,12.50,12.28,12.38,12.50,12.28,12.50,12.59,12.28,12.38,12.28,12.50,12.38,12.28,12.14,12.50,12.14,12.28,12.14,12.38,12.59,12.59,12.59,12.38,12.50,12.38,12.50,12.50,12.38,12.50,12.38,12.50,12.50,12.38,12.38,12.38,12.50,12.38,12.06,12.38,12.50,12.38,12.59,12.38,12.50,12.50,12.38,12.38,12.50,12.72,12.50,12.38,12.50,12.59,12.38,12.59,12.50,12.38,12.28,12.38,12.38,12.06,12.38,12.50,12.38,12.50,11.92,12.38,12.14,12.38,12.38,12.38,12.38,12.38,12.14,12.38,12.38,12.38,12.38,12.50,12.28,12.28,12.50,12.38,12.38,12.06,12.14,12.50,12.28,12.28,12.14,12.38,12.28,12.06,12.06,12.28,12.06,11.92,12.06,12.28,12.14,11.80,12.28,12.06,12.38,11.92,12.06,11.92,11.92,11.80,12.06,11.70,11.80,12.06,11.80,11.92,11.92,11.80,12.06,11.92,12.06,11.92,11.80,11.92,11.80,11.80,11.70,12.06,11.92,12.06,11.70,12.28,11.80,11.92,11.80,11.92,11.80,11.80,12.06,11.92,11.80,12.06,11.58,11.70,11.92,11.80,11.80,11.80,12.06,12.06,11.80,11.80
12.06,11.92,11.92,11.80,11.80,11.58,11.70,11.80,17.28,17.05,17.05,16.70,16.39,16.03,15.95,15.28,14.84,14.27,13.25,12.72,12.06,12.14,12.06,11.92,11.80,11.80,11.80,11.58,11.58,11.70,11.36,11.48,11.58,11.92,11.58,11.70,11.80,11.70,11.70,11.70,11.80,11.70,11.80,11.70,11.58,11.70,11.70,11.48,11.58,11.70,11.70,11.80,11.92,11.48,11.70,11.80,11.80,11.58,11.80,11.80,11.70,11.80,12.14,12.06,11.80,12.06,11.80,11.80,12.06,11.80,11.70,11.70,12.06,11.92,11.92,12.14,12.06,12.28,12.38,12.06,11.70,12.38,12.38,12.28,12.28,11.70,12.14,12.14,12.06,12.06,12.28,12.38,12.14,11.92,12.14,12.06,12.14,12.14,12.14,12.14,12.38,12.14,12.28,12.14,12.14,12.28,12.38,12.38,12.14,12.38,12.38,12.38,12.14,12.50,12.38,12.28,12.06,12.38,12.38,12.28,12.50,12.50,12.38,12.28,12.38,12.50,12.14,12.38,12.50,12.38,12.50,12.38,12.06,12.50,12.14,12.59,12.59,12.38,12.38,12.38,12.38,12.28,12.50,12.72,12.50,12.38,12.50,12.50,12.14,12.38,12.50,12.72,12.81,12.50,12.38,12.50,12.38,12.50,12.50,12.38,12.81,12.59,12.28,12.59,12.72,12.28,12.50,12.50,12.38,12.28,12.38,12.38,12.38,12.50,12.28,12.14,12.50,12.50,12.59,12.50,12.50,12.38,12.50,12.14,12.59,12.28,12.28,12.38,12.14,12.06,12.38,12.28,12.14,12.06,12.06,12.38,12.28,12.28,12.06,12.06,12.06,12.28,11.92,12.06,12.38,11.92,12.06,12.06,11.92,12.06,12.14,11.80,11.92,12.06,11.92,11.92,11.80,11.92,11.80,11.80,11.92,12.06,11.80,12.06,12.28,12.06,12.14,11.80,11.80,11.92,12.06,11.92,12.06,11.92,11.92,11.92,12.06,11.80,11.92,11.80,12.14,11.92,11.80,12.06,11.80,12.14,11.92,11.80,11.80,11.80,12.06,11.92,12.14,12.14,12.06,11.80
12.06,11.80,11.80,11.92,11.80,12.06,11.70,11.92,16.92,16.92,16.92,16.39,16.39,15.95,15.81,15.06,14.70,13.95,12.81,12.38,12.06,12.06,12.06,11.58,11.92,12.14,11.70,12.06,11.58,12.06,11.70,11.58,11.80,11.70,11.58,11.80,11.58,11.58,11.70,11.70,11.92,11.80,11.80,11.92,11.80,11.80,11.70,11.80,11.80,11.80,11.80,11.70,11.70,11.48,11.92,11.58,12.06,11.70,11.92,11.92,11.80,11.92,11.80,12.06,11.80,11.92,12.06,11.92,12.14,11.92,11.92,12.06,11.92,12.06,12.28,12.06,12.06,12.06,12.14,12.38,11.92,12.06,12.06,12.14,12.14,12.06,12.38,12.28,12.38,12.28,12.06,12.38,12.38,12.28,12.28,12.06,12.14,12.14,12.38,12.14,12.14,12.06,12.38,12.38,12.38,12.38,12.38,12.38,12.38,12.38,12.59,12.59,12.59,12.50,12.38,12.59,12.38,12.59,12.59,12.38,12.50,12.06,12.38,12.38,12.50,12.50,12.50,12.50,12.50,12.50,12.38,12.50,12.50,12.50,12.50,12.38,12.38,12.72,12.38,12.72,12.50,12.50,12.50,12.50,12.50,12.38,12.50,12.38,12.38,12.38,12.72,12.50,12.50,12.28,12.14,12.14,12.50,12.50,12.59,12.38,12.50,12.38,12.38,12.28,12.38,12.38,12.50,12.38,12.59,12.50,12.38,12.38,12.38,12.50,12.50,12.50,12.28,12.38,12.38,12.38,12.38,12.38,12.38,12.14,12.28,12.38,12.50,12.59,12.38,12.14,12.06,12.38,12.38,12.06,12.14,12.38,12.14,12.06,12.28,12.14,11.92,12.06,12.06,12.28,12.14,12.06,12.38,11.80,12.28,11.92,12.06,12.06,12.14,12.38,11.80,12.06,11.80,11.80,12.06,11.80,12.06,11.80,11.80,12.06,12.28,12.06,11.92,11.92,12.06,12.14,11.70,12.06,11.80,11.92,12.06,11.70,11.92,12.06,11.92,11.80,11.70,12.38,11.80,12.06,12.06,12.28,11.80,11.80,12.06,11.70,11.92,11.80,12.06,12.14,11.70,12.06
12.06,11.80,11.70,12.14,12.06,11.92,12.06,11.80,16.83,16.92,16.70,16.17,15.95,15.95,15.50,14.84,14.27,13.17,12.72,12.28,11.80,11.80,11.80,12.14,11.92,11.48,11.70,11.80,11.70,11.70,11.36,11.70,11.58,11.48,11.58,11.92,11.58,11.70,11.80,11.36,11.58,11.70,12.06,11.80,11.80,11.58,11.70,11.70,11.70,11.80,11.80,11.58,11.80,12.06,11.80,11.70,11.92,11.58,11.80,11.80,12.06,11.92,12.06,11.80,11.80,11.80,12.06,11.92,11.80,12.14,12.14,11.92,11.80,11.92,12.14,12.38,11.92,12.06,12.06,11.80,12.14,12.06,12.28,11.92,12.06,12.28,12.06,12.06,12.38,12.38,12.38,12.14,12.14,11.92,12.28,12.14,12.50,12.28,12.14,12.28,12.28,12.38,12.06,12.38,12.06,12.38,12.50,12.50,12.72,12.14,12.72,12.14,12.06,12.50,12.28,12.50,12.38,12.14,12.50,12.28,12.50,12.50,12.38,12.38,12.38,12.50,12.28,12.38,12.50,12.38,12.38,12.38,12.59,12.38,12.59,12.38,12.38,12.28,12.50,12.38,12.59,12.38,12.59,12.38,12.59,12.50,12.59,12.50,12.50,12.38,12.59,12.50,12.38,12.38,12.38,12.38,12.28,12.38,12.59,12.59,12.59,12.38,12.38,12.59,12.38,12.50,12.28,12.38,12.28,12.38,12.38,12.38,12.38,12.38,12.38,12.38,12.14,12.14,12.59,12.59,12.38,12.38,12.38,12.14,12.38,12.38,12.28,12.38,12.50,12.14,12.06,12.38,12.06,12.06,12.06,12.38,12.14,12.06,12.38,11.92,11.92,12.14,11.92,12.14,12.38,12.06,12.14,12.38,12.28,12.06,12.14,11.80,11.80,12.06,12.06,11.70,11.70,12.06,11.80,12.06,12.06,11.80,12.14,11.70,12.06,12.06,12.38,12.06,12.06,11.92,11.80,11.80,11.70,11.80,11.70,11.92,11.80,11.80,11.70,11.80,12.06,11.80,12.06,11.80,12.06,11.92,11.80,11.92,11.92,11.70,12.06,11.92,11.92,11.80,12.06,11.80
12.06,11.80,12.06,11.92,11.92,11.92,11.92,12.06,16.83,16.48,16.39,15.81,15.73,15.16,14.84,14.41,13.47,12.72,12.14,12.06,12.38,11.80,11.70,11.48,11.92,11.80,11.58,12.06,11.58,11.70,11.58,11.48,11.70,11.48,11.58,11.70,11.58,11.70,11.58,11.92,11.92,11.80,11.80,11.58,11.80,11.80,11.36,11.80,12.06,11.80,11.70,11.58,11.58,11.80,11.58,11.92,11.70,11.80,11.80,11.80,11.58,11.58,11.80,12.06,11.92,11.80,11.80,11.80,12.06,11.70,12.06,11.80,11.70,11.70,11.92,12.06,12.06,12.06,12.06,12.06,11.92,11.92,12.06,11.92,12.06,12.06,12.28,12.38,12.14,12.38,12.06,12.38,12.06,12.50,12.38,12.14,12.06,12.38,12.06,12.06,12.06,12.28,11.92,12.28,12.50,12.28,12.38,12.59,12.14,12.06,12.38,12.50,12.38,12.50,12.14,12.28,12.38,12.28,12.59,12.50,12.38,12.14,12.38,12.28,12.50,12.38,12.50,12.14,12.50,12.38,12.59,12.38,12.50,12.38,12.38,12.50,12.38,12.50,12.38,12.38,12.38,12.50,12.14,12.38,12.06,12.59,12.38,12.38,12.59,12.59,12.38,12.72,12.50,12.59,12.28,12.50,12.38,12.38,12.50,12.38,12.38,12.59,12.38,12.59,12.28,12.14,12.06,12.38,12.38,12.50,12.38,12.14,12.38,12.38,12.59,12.38,12.38,12.14,12.38,11.92,12.38,12.28,12.14,12.06,12.38,12.06,12.28,12.06,12.14,12.14,12.06,12.14,12.14,12.14,12.06,12.14,11.92,12.28,12.06,11.80,12.06,11.92,11.92,12.38,12.06,12.06,12.06,12.06,12.06,12.06,11.92,12.06,12.14,12.06,11.70,12.14,11.80,11.80,12.06,11.70,11.80,11.80,11.80,11.92,11.70,11.80,11.70,11.92,11.70,11.92,11.92,12.06,12.06,12.06,11.70,11.58,11.70,11.70,11.70,11.80,11.80,11.70,11.80,11.80,12.06,11.80,11.58,11.80,11.70,11.80,11.58,11.80,11.92,12.06,11.80,11.80
12.06,11.70,11.80,11.92,11.80,11.80,11.92,11.80,16.48,15.95,16.17,15.59,15.28,14.84,14.27,13.83,13.03,12.38,12.14,12.06,11.70,11.80,11.58,11.70,11.70,11.70,11.70,11.58,11.80,11.70,11.70,11.70,11.92,11.92,11.70,11.80,11.92,11.70,11.80,11.80,11.80,11.58,11.70,11.70,11.70,11.92,11.58,11.80,11.70,11.80,11.70,11.80,11.80,11.70,11.58,11.58,11.58,11.70,11.70,11.70,12.06,11.80,12.06,11.92,11.92,12.06,11.80,12.06,12.06,11.80,12.14,12.38,12.14,12.06,11.80,12.38,12.38,12.14,12.14,12.38,12.14,12.06,12.06,12.06,12.38,12.28,12.06,12.28,12.14,12.38,12.28,12.14,12.28,12.38,12.38,12.38,12.50,12.14,12.50,12.38,12.14,12.14,12.14,12.28,12.14,12.50,12.38,12.38,12.38,12.50,12.38,12.28,12.59,12.38,12.50,12.38,12.50,12.72,12.28,12.59,12.28,12.59,12.50,12.28,12.38,12.28,12.72,12.59,12.59,12.38,12.50,12.50,12.28,12.50,12.38,12.38,12.59,12.38,12.59,12.28,12.50,12.59,12.72,12.50,12.38,12.59,12.50,12.38,12.50,12.38,12.50,12.59,12.59,12.50,12.38,13.03,12.14,12.50,12.50,12.38,12.50,12.59,12.59,12.50,12.59,12.38,12.59,12.38,12.59,12.81,12.38,12.50,12.50,12.50,12.72,12.38,12.38,12.50,12.28,12.14,12.38,12.59,12.28,12.50,12.38,12.50,12.50,12.38,12.38,12.06,12.06,12.06,12.06,12.14,12.38,12.14,12.28,12.28,12.06,12.14,12.28,12.38,12.06,12.38,12.28,12.14,12.14,12.28,12.06,11.92,12.14,12.06,11.92,11.92,11.80,11.92,11.70,11.92,11.80,11.92,11.92,12.28,12.06,11.70,11.80,12.06,11.80,11.80,11.92,11.70,11.92,12.06,11.70,12.06,11.92,11.92,11.92,11.70,11.80,11.70,11.80,11.58,12.06,11.80,12.14,11.80,12.28,11.80,11.80,12.06,11.80,12.06,12.14,11.80,11.92,12.06
11.80,11.92,11.80,12.14,11.92,11.80,11.92,11.80,16.39,15.81,15.59,15.06,14.94,14.19,13.83,12.72,12.28,11.80,12.06,12.06,11.58,11.70,11.80,11.80,11.70,11.80,11.92,11.58,11.70,11.80,11.70,11.80,11.80,11.70,11.70,11.70,11.70,11.58,12.06,11.70,11.80,11.80,11.80,11.70,11.58,11.36,11.80,11.70,11.58,11.80,11.58,11.48,11.70,11.80,11.70,11.80,11.58,11.58,11.80,11.80,11.70,11.80,11.80,11.80,11.92,11.92,11.70,11.80,11.92,12.06,12.06,11.92,11.80,11.92,12.06,12.06,12.38,12.06,12.38,12.06,12.14,12.14,12.06,12.06,12.38,12.28,12.06,12.14,12.06,12.38,12.28,12.50,12.28,12.14,12.14,12.28,12.38,12.28,12.28,12.06,12.06,12.38,12.14,12.38,12.38,12.28,12.28,12.38,12.59,12.14,12.38,12.06,12.50,12.50,12.06,12.38,12.38,12.50,12.38,12.38,12.38,12.50,12.28,12.38,12.06,12.38,12.38,12.50,12.14,12.38,12.59,12.50,12.50,12.14,12.38,12.38,12.38,12.50,12.38,12.38,12.72,12.38,12.59,12.50,12.38,12.50,12.50,12.28,12.38,12.50,12.59,12.50,12.59,12.38,12.38,12.28,12.38,12.38,12.50,12.28,12.28,12.28,12.59,12.50,12.38,12.50,12.50,12.50,12.38,12.50,12.38,12.50,12.06,12.50,12.38,12.38,12.14,12.50,12.28,12.38,12.28,12.50,12.38,12.28,12.28,12.38,12.28,12.14,12.28,12.28,12.06,12.06,12.38,12.28,12.06,12.06,11.92,12.28,12.06,12.14,12.06,11.92,11.80,12.06,12.06,12.06,11.80,12.06,12.06,11.92,12.14,11.80,12.38,11.80,12.06,12.06,11.92,11.92,12.06,12.06,11.70,12.06,11.70,12.06,12.06,12.14,11.70,12.28,11.80,11.70,11.80,12.14,11.92,12.06,11.80,11.80,11.70,11.92,11.80,11.80,11.70,11.80,11.70,11.80,12.06,11.92,11.92,11.70,11.92,12.06,11.92,11.80,11.80,11.70,11.80,11.80
12.06,11.80,11.92,11.80,11.80,11.80,11.92,11.70,15.73,15.28,15.16,14.48,13.83,13.17,12.59,12.28,12.06,11.92,11.80,11.80,11.48,11.92,11.70,11.92,11.92,11.70,11.48,11.70,11.80,11.80,11.58,11.70,11.80,11.70,11.36,11.48,11.58,11.48,11.70,11.58,11.70,11.80,11.48,11.58,11.70,11.80,11.58,11.80,11.70,11.70,11.36,11.70,11.80,11.70,11.80,11.58,11.70,11.92,12.06,11.80,11.80,11.58,11.80,11.80,11.80,11.92,11.92,11.80,12.06,12.14,11.70,11.92,12.14,12.06,12.06,12.28,12.06,11.92,12.06,12.06,12.06,12.06,12.14,12.38,12.06,11.92,12.14,12.28,12.38,12.38,12.06,12.38,11.92,12.38,12.28,11.92,12.38,12.38,12.59,12.38,12.38,12.50,12.14,12.38,12.28,12.38,12.38,12.06,12.38,12.38,12.38,12.28,12.38,12.38,12.06,12.38,12.38,12.50,12.50,12.38,12.50,12.38,12.50,12.59,12.50,12.38,12.50,12.50,12.28,12.38,12.38,12.72,12.38,12.38,12.14,12.38,12.38,12.28,12.50,12.59,12.38,12.28,12.38,12.50,12.28,12.50,12.72,12.50,12.72,12.59,12.38,12.50,12.59,12.50,12.14,12.28,12.06,12.38,12.50,12.59,12.50,12.59,12.06,12.28,12.50,12.59,12.38,12.38,12.38,12.38,12.50,12.38,12.28,12.28,12.38,12.28,12.38,12.50,12.14,12.38,12.14,12.28,12.38,12.28,12.06,12.14,12.50,12.14,12.14,12.06,12.06,12.38,12.06,12.06,12.06,12.06,12.38,12.06,12.14,12.38,11.80,12.06,12.06,11.92,12.14,12.14,12.14,12.14,12.06,11.92,12.14,12.14,12.14,11.70,11.80,12.14,11.92,11.70,12.06,11.80,12.06,12.06,12.06,11.80,12.06,11.92,11.80,11.80,11.80,11.70,11.80,11.80,11.70,11.92,12.06,11.92,11.80,11.92,11.80,11.80,11.92,11.70,11.80,12.14,11.92,11.58,11.80,11.80,11.92,11.80,11.80,11.80,11.92,11.80,11.80,11.58
11.80,12.06,11.80,11.80,11.92,11.70,11.80,12.06,15.16,14.70,14.27,13.83,13.03,12.50,12.72,12.28,12.06,11.80,12.06,11.92,11.80,11.70,11.58,12.06,11.92,11.80,11.80,11.70,11.80,11.80,11.80,11.80,11.80,11.70,11.70,11.80,11.58,11.92,11.58,11.36,11.70,11.80,11.80,11.70,11.70,11.80,11.80,11.80,11.58,11.70,11.80,11.70,11.70,11.92,11.92,11.80,11.80,11.80,11.80,11.80,11.80,11.80,11.70,11.80,11.92,11.70,11.80,12.14,11.92,11.80,11.58,12.06,11.80,11.92,12.06,12.28,12.06,11.92,12.28,11.92,11.92,12.06,12.38,12.28,12.14,12.14,12.06,12.38,12.14,12.50,12.14,12.38,12.28,12.06,12.28,12.38,12.50,12.28,12.72,12.06,12.38,12.38,12.28,12.28,12.28,12.38,12.28,12.14,12.50,12.38,12.38,12.38,12.50,12.59,12.28,12.50,12.38,12.59,12.50,12.38,12.14,12.59,12.59,12.50,12.28,12.06,12.50,12.06,12.38,12.50,12.38,12.59,12.38,12.38,12.38,12.28,12.59,12.50,12.59,12.38,12.50,12.59,12.38,12.38,12.38,12.59,12.38,12.50,12.50,12.38,12.50,12.38,12.72,12.50,12.38,12.38,12.38,12.59,12.50,12.50,12.59,12.38,12.50,12.28,12.72,12.38,12.38,12.72,12.50,12.59,12.14,12.38,12.28,12.28,12.38,12.28,12.28,12.38,12.50,12.28,12.38,12.38,12.50,12.06,12.28,12.38,12.28,12.38,12.38,466.03,12.38,12.06,12.38,12.38,12.38,12.06,12.14,12.06,12.06,12.06,11.80,12.28,12.14,12.14,12.28,11.92,12.06,11.92,12.06,11.92,11.92,12.14,12.14,12.38,12.06,12.14,12.06,12.06,11.80,12.14,11.92,12.14,12.06,12.06,12.14,12.06,11.80,11.92,11.80,12.06,11.92,11.80,12.06,11.92,12.14,11.92,11.80,11.92,11.80,11.80,11.80,11.92,11.70,11.92,11.70,11.80,11.80,12.06,11.92,11.70,11.92,12.06,11.80,11.80,12.06,11.92
11.58,12.06,11.80,11.70,11.80,12.06,11.92,12.06,11.80,14.62,13.83,13.47,13.03,12.50,11.92,12.28,11.70,12.06,11.80,12.06,11.70,11.58,11.70,11.58,11.70,11.70,11.36,11.70,11.48,11.70,11.58,11.48,11.70,11.70,11.36,11.80,11.70,11.80,11.80,11.80,11.58,11.58,11.80,11.70,11.58,11.58,11.58,11.58,11.36,11.58,11.70,11.58,11.70,11.80,11.70,11.80,11.36,11.58,11.70,11.70,11.80,11.80,11.80,11.80,11.80,11.80,11.70,11.70,11.70,11.58,11.80,11.80,11.58,11.70,11.92,11.80,11.92,11.80,11.70,11.80,11.80,11.80,12.06,11.80,11.92,12.28,12.06,12.06,12.14,12.06,11.92,11.92,12.14,12.14,11.92,12.06,12.06,12.06,12.06,12.28,12.06,12.14,12.14,12.06,12.06,12.28,12.28,12.38,12.38,12.38,12.38,12.59,12.28,12.14,12.50,12.28,12.50,12.28,12.28,12.28,12.38,12.38,12.50,12.38,12.06,12.38,12.38,12.28,12.28,12.38,12.38,12.38,12.59,12.50,12.06,12.50,12.14,12.50,12.06,12.38,12.38,12.50,12.38,12.38,12.38,12.50,12.38,12.38,12.38,12.38,12.38,12.38,12.50,12.72,12.72,12.38,12.50,12.38,12.28,12.50,12.38,12.28,12.59,12.38,12.14,12.14,12.38,12.50,12.38,12.59,12.38,12.38,12.38,12.14,12.38,12.38,12.06,12.28,12.38,12.06,12.06,12.14,12.38,12.28,12.38,12.38,12.38,12.28,12.28,12.28,12.06,12.28,12.28,11.92,12.06,12.28,12.06,12.28,12.38,12.38,12.06,12.06,12.14,11.80,11.80,12.06,11.92,11.92,11.80,12.06,11.80,11.92,11.92,11.80,11.80,12.06,11.70,11.80,12.06,11.80,11.92,11.70,11.80,11.80,11.80,12.06,11.80,11.48,11.80,11.80,11.70,11.70,11.92,12.06,11.80,11.80,11.80,11.80,11.70,11.58,11.80,11.92,11.80,11.58,11.70,11.80,11.48,11.80,12.06,11.70,11.70,11.48,11.58,11.70,12.06,11.70
11.70,11.80,11.80,11.80,11.80,11.70,11.70,12.06,11.80,13.39,12.94,12.59,12.50,12.14,12.06,11.80,12.06,11.92,11.80,11.70,11.70,11.80,11.70,11.58,11.80,11.58,11.80,11.70,11.92,11.48,11.80,11.80,11.70,11.58,11.70,11.70,11.70,11.58,11.80,11.58,11.80,11.80,11.58,11.58,11.80,11.58,11.80,11.48,11.58,11.36,11.80,11.80,11.58,11.70,11.80,11.70,11.36,11.58,11.36,11.70,11.80,11.70,11.80,11.92,11.80,11.80,11.80,11.92,11.80,11.92,11.80,12.06,11.80,11.80,11.80,11.92,12.06,12.06,12.06,11.92,11.80,12.06,12.14,12.14,12.06,12.06,11.92,11.92,12.06,11.92,12.14,12.14,11.92,12.28,12.28,12.38,12.14,12.28,12.14,12.38,12.38,12.38,12.28,12.28,12.28,12.28,12.14,12.50,12.28,12.38,12.14,12.50,12.59,12.38,12.38,12.14,12.50,12.38,12.59,12.38,12.28,12.50,12.50,12.28,12.14,12.50,12.38,12.38,12.28,12.50,12.50,12.38,12.59,12.72,12.38,12.38,12.38,12.38,12.59,12.38,12.50,12.38,12.38,12.59,12.38,12.38,12.38,12.50,12.50,12.50,12.59,12.50,12.28,12.50,12.38,12.59,12.59,12.50,12.50,12.38,12.38,12.38,12.50,12.28,12.38,12.38,12.38,12.38,12.28,12.38,12.59,12.38,12.50,12.28,12.38,12.28,12.14,12.38,12.38,12.50,12.38,12.28,12.14,12.38,12.38,12.38,12.38,12.38,12.28,12.14,12.14,12.06,12.14,12.28,12.28,12.14,12.28,12.50,12.28,11.92,11.92,11.92,12.28,12.06,12.14,12.06,11.70,11.92,11.80,12.06,11.80,11.80,12.06,12.14,12.14,12.06,11.80,11.80,12.06,11.80,11.80,11.80,11.80,11.80,11.80,11.80,11.80,11.92,11.58,11.80,11.70,11.58,12.06,11.80,11.92,11.80,12.06,11.70,11.92,11.80,11.58,11.70,11.58,11.58,11.36,11.70,11.80,11.58,11.58,11.80,11.92,11.80,11.70,11.80,11.58,11.80
11.48,11.70,11.70,11.80,11.80,11.70,11.80,11.80,11.80,12.72,12.14,12.38,12.14,12.06,11.92,11.80,12.06,11.80,12.06,11.80,11.80,11.80,11.58,11.48,11.80,11.58,11.80,11.70,11.80,11.48,11.92,11.48,11.80,11.70,11.92,11.70,11.80,11.70,11.58,11.80,11.70,11.58,11.36,11.80,11.70,11.70,11.70,11.80,12.06,11.70,11.70,11.70,11.36,11.36,11.80,11.80,11.80,12.06,11.70,11.92,11.92,11.70,11.80,12.06,12.06,11.70,11.92,11.80,11.92,12.06,12.06,12.06,12.06,11.92,11.80,12.06,12.28,12.14,12.06,12.28,12.06,11.80,12.06,12.28,12.38,12.38,12.14,12.38,12.28,12.38,12.14,12.38,12.38,12.38,12.38,12.50,12.28,12.38,12.28,12.28,12.28,12.50,12.28,12.14,12.50,12.38,12.28,12.38,12.38,12.28,12.38,12.38,12.38,12.38,12.38,12.38,12.50,12.38,12.59,12.38,12.50,12.38,12.50,12.50,12.14,12.28,12.50,12.38,12.28,12.28,12.38,12.50,12.50,12.50,12.38,12.38,12.38,12.38,12.72,12.28,12.50,12.72,12.50,12.38,12.59,12.50,12.50,12.50,12.38,12.72,12.38,12.59,12.50,12.38,12.50,12.72,12.50,12.38,12.14,12.38,12.38,12.50,12.59,12.50,12.50,12.38,12.28,12.38,12.59,12.59,12.50,12.38,12.50,12.38,12.38,12.28,12.14,12.14,12.06,12.50,12.14,12.14,12.38,12.28,12.38,12.50,12.50,12.50,12.38,12.28,12.38,12.38,12.38,12.28,12.14,12.14,12.38,12.50,12.50,12.06,12.06,12.28,12.06,12.06,12.14,12.38,11.80,12.06,12.06,12.28,11.80,12.06,12.06,11.80,12.06,12.28,11.80,11.70,12.06,11.80,12.06,12.28,11.80,11.92,11.92,12.06,12.06,11.80,11.80,11.92,11.92,12.06,12.06,12.06,11.80,12.06,11.80,11.80,12.06,12.06,11.80,11.80,11.80,11.80,11.70,11.80,11.58,11.80,11.92,11.80,11.70,11.80,12.06,11.92,11.92,11.80
11.70,12.06,12.06,11.80,11.92,12.28,12.06,11.80,11.80,12.28,11.92,11.92,12.14,12.06,12.06,12.06,11.58,11.80,11.80,11.70,11.70,11.58,11.58,11.36,11.70,11.58,11.58,11.70,11.70,11.58,11.36,11.36,11.27,11.48,11.92,11.70,11.70,11.36,11.58,11.80,11.58,11.58,11.36,11.48,11.70,11.70,11.58,11.80,11.70,11.36,11.36,11.58,11.70,11.58,11.48,11.58,11.48,11.48,11.58,11.70,11.70,11.58,11.80,11.80,11.80,11.80,11.48,11.70,11.58,12.06,11.80,11.80,11.58,11.80,11.92,12.06,12.06,11.92,11.80,12.14,12.06,12.28,12.06,12.06,11.92,12.14,12.06,11.92,12.28,11.80,11.92,12.14,11.80,12.28,12.28,12.38,12.06,12.38,11.92,12.14,12.14,12.14,12.06,12.38,11.80,12.14,12.06,12.28,12.14,12.50,12.14,12.28,12.50,12.38,12.28,12.06,12.50,12.14,12.38,12.28,12.06,12.14,12.06,12.06,12.28,12.50,12.50,12.06,12.38,12.28,12.38,12.38,12.38,12.14,12.14,12.38,12.38,12.38,12.06,12.38,12.38,12.38,12.38,12.14,12.50,12.06,12.38,12.28,12.59,12.38,12.38,12.38,12.38,12.14,12.28,12.38,12.38,12.50,12.28,12.50,12.59,12.14,12.38,12.38,12.06,12.14,12.38,12.28,12.14,12.38,12.38,12.38,12.38,12.38,12.28,12.14,12.14,12.38,12.14,12.38,12.38,12.06,12.28,12.28,12.14,12.14,12.14,12.06,12.38,12.06,12.06,12.14,12.06,12.28,12.06,11.92,12.14,12.38,12.06,11.80,11.92,11.80,12.06,12.06,11.92,11.80,11.92,12.06,11.80,11.70,11.70,11.80,12.06,12.06,12.06,11.80,11.70,12.06,11.80,12.06,11.80,12.06,11.80,11.92,11.80,11.80,12.06,11.70,11.70,11.80,11.70,11.80,11.70,11.70,11.80,12.06,11.80,11.58,11.80,11.70,11.80,11.80,11.48,11.58,11.80,11.80,11.70,11.48,11.58,11.58,11.70,11.80,11.58,11.80,11.80,12.06
11.70,11.70,11.70,11.70,11.58,11.80,11.58,11.58,11.80,12.14,11.80,12.06,11.92,12.06,11.70,11.80,12.06,11.92,11.80,11.80,11.70,11.80,11.58,11.80,11.80,11.58,11.70,11.80,11.36,11.70,11.80,11.48,11.58,11.58,11.80,11.70,11.70,11.36,11.80,11.70,11.58,11.58,11.80,11.70,11.70,11.70,11.80,11.70,11.70,11.58,11.80,11.58,11.92,11.80,11.80,11.80,11.80,11.80,11.92,11.92,11.80,11.80,11.48,11.92,11.92,12.06,11.70,11.80,11.80,12.06,11.92,11.58,12.06,11.70,11.80,12.06,12.28,11.80,12.06,12.14,12.14,12.14,12.06,12.06,12.28,11.80,12.06,11.80,12.28,12.28,12.06,12.06,12.38,12.28,12.14,12.38,12.06,12.14,12.38,12.06,12.06,12.38,12.38,12.38,12.14,12.38,12.59,12.38,12.06,12.38,12.38,12.38,12.28,12.38,12.59,12.59,12.28,12.38,12.38,12.28,12.38,12.38,12.50,12.38,12.28,12.50,12.59,12.38,12.38,12.50,12.38,12.38,12.72,12.50,12.38,12.50,12.38,12.59,12.50,12.38,12.50,12.38,12.59,12.50,12.38,12.81,12.72,12.50,12.38,12.50,12.28,12.50,12.50,12.38,12.28,12.50,12.59,12.38,12.38,12.38,12.38,12.50,12.38,12.38,12.50,12.38,12.38,12.59,12.50,12.59,12.28,12.50,12.28,12.38,12.14,12.38,12.38,12.14,12.28,12.28,12.28,12.28,12.50,12.14,12.38,12.28,12.38,12.28,12.38,12.14,12.50,12.38,12.28,12.28,12.14,12.14,12.28,11.92,12.14,12.06,11.92,12.06,12.14,12.06,12.06,12.28,12.06,12.06,12.14,11.92,12.14,11.92,12.14,12.06,12.14,11.80,11.92,11.70,11.80,12.06,12.06,11.70,11.92,11.80,11.92,11.92,11.92,11.80,11.80,11.80,11.80,11.80,12.06,11.70,11.80,11.80,11.58,11.58,11.70,11.80,11.70,11.92,12.06,12.06,12.06,11.80,11.80,11.80,11.80,11.92,11.58,11.80,11.70,11.58,11.92,11.70
11.80,12.06,11.70,11.80,11.80,11.92,11.70,12.06,11.80,12.06,11.70,12.06,11.70,11.92,11.80,12.06,11.92,12.28,11.80,11.80,12.06,11.36,11.36,11.70,11.48,11.70,11.80,11.58,11.80,12.14,11.58,11.80,11.58,11.70,11.80,11.70,11.70,11.48,11.58,11.70,11.58,11.48,11.70,11.48,11.48,11.70,11.58,11.58,11.70,11.48,11.80,11.58,11.58,11.92,11.70,11.70,11.92,11.80,11.58,11.80,11.70,11.80,11.58,11.70,11.80,11.70,12.06,12.06,11.70,11.80,11.80,11.92,11.70,11.70,11.58,11.92,12.06,11.92,11.92,12.14,11.80,12.06,12.06,12.06,11.92,12.28,12.14,11.80,12.28,12.38,12.06,12.59,12.38,12.38,12.38,12.50,12.06,12.38,12.38,12.38,12.14,12.28,12.38,12.28,12.14,12.50,12.38,12.28,12.38,12.59,12.38,12.28,12.38,12.38,12.28,12.38,12.38,12.28,12.38,12.14,12.50,12.28,12.50,12.59,12.38,12.38,12.38,12.38,12.38,12.38,12.50,12.38,12.50,12.59,12.50,12.38,12.14,12.50,12.38,12.50,12.38,12.72,12.38,12.38,12.38,12.59,12.50,12.59,12.38,12.38,12.59,12.38,12.38,12.28,12.50,12.38,12.59,12.38,12.50,12.38,12.28,12.28,12.28,12.50,12.50,12.50,12.38,12.59,12.50,12.38,12.28,12.38,12.50,12.38,12.50,12.28,12.38,12.28,12.38,12.14,12.28,12.38,12.38,12.28,12.38,12.14,12.38,12.06,12.06,12.06,12.14,12.06,12.06,12.14,12.38,12.06,12.38,12.38,12.38,12.06,12.14,12.28,12.06,12.06,12.06,12.06,12.14,12.06,11.92,12.06,11.92,12.14,12.06,11.92,11.80,11.92,12.06,11.80,12.06,12.06,11.80,11.80,11.80,12.06,11.92,12.06,12.06,11.70,12.06,11.92,11.80,11.80,11.92,11.92,11.80,11.80,11.80,11.70,11.92,11.80,12.06,11.80,12.06,11.70,11.80,11.58,11.70,11.70,11.58,11.80,11.58,11.80,11.80,11.48,11.70,11.70
12.06,11.80,11.80,11.80,11.80,11.80,11.80,11.70,11.80,11.80,11.80,11.70,12.06,12.06,11.92,12.06,12.06,11.80,11.92,12.06,11.80,11.80,11.58,11.70,11.80,11.70,11.36,11.58,11.70,11.48,11.58,11.70,11.70,11.58,11.48,11.48,11.70,11.58,11.58,11.36,11.70,11.80,11.58,11.48,11.80,11.58,11.58,11.36,11.58,11.58,11.58,11.48,11.70,11.80,11.80,11.92,12.06,11.70,11.58,11.48,12.06,11.70,12.06,11.80,11.92,11.70,11.70,11.70,11.80,11.80,11.92,12.06,12.06,12.06,11.80,11.92,11.80,12.28,11.92,12.06,11.80,11.92,12.28,12.06,12.28,12.06,12.14,12.06,12.14,12.06,11.92,12.50,12.38,12.28,12.28,12.28,12.06,12.38,12.14,12.50,12.06,12.38,12.28,12.28,12.28,12.50,12.38,12.06,12.28,12.28,12.38,12.28,12.14,12.06,12.72,12.28,12.06,12.14,12.38,12.59,12.38,12.50,12.28,12.38,12.38,12.50,12.59,12.06,12.50,12.38,12.50,12.81,12.50,12.50,12.38,12.28,12.28,12.38,12.38,12.59,12.59,12.38,12.50,12.50,12.50,12.50,12.72,12.50,12.59,12.28,12.50,12.50,12.38,12.59,12.28,12.06,12.28,12.28,12.38,12.14,12.38,12.38,12.72,12.14,12.38,12.28,12.50,12.59,12.50,12.38,12.28,12.06,12.38,12.38,12.59,12.38,12.38,12.28,12.38,12.28,12.28,12.28,12.28,12.38,12.38,12.14,12.28,12.38,12.28,12.38,12.14,12.38,12.14,12.06,12.06,12.38,12.28,12.14,12.38,12.38,12.38,11.92,12.28,12.28,12.38,12.06,12.06,11.92,12.06,12.14,12.14,11.80,11.80,12.06,11.92,11.80,12.06,11.80,12.06,11.80,11.92,11.80,11.92,11.80,11.80,11.92,11.92,12.06,11.80,11.70,11.70,11.80,11.80,11.70,11.92,11.70,11.70,11.92,11.80,11.80,11.92,11.80,12.06,11.80,11.70,11.70,11.80,12.06,11.80,11.70,11.80,11.80,11.70,11.80,11.80,11.58
11.80,11.80,11.80,11.58,11.70,11.70,11.36,11.80,11.80,11.70,11.58,11.70,11.92,11.70,11.58,11.70,11.36,11.58,11.92,11.80,11.58,11.92,11.70,11.36,11.80,11.58,11.70,11.58,11.70,11.80,11.36,11.36,11.58,11.36,11.48,11.58,11.36,11.80,11.36,11.58,11.70,11.58,11.36,11.48,11.70,11.58,11.92,11.36,11.48,11.58,11.92,11.70,11.70,11.70,11.80,11.58,11.58,11.70,11.70,11.58,11.48,11.58,11.70,11.48,11.58,11.70,11.70,11.70,11.80,11.70,11.80,11.80,11.80,11.80,11.80,12.06,11.80,11.70,11.80,12.06,12.06,12.14,11.92,11.92,11.70,11.80,11.80,11.92,12.14,12.28,12.06,12.38,12.38,12.06,12.38,12.28,12.28,12.38,12.38,12.38,12.38,12.38,12.38,12.06,12.28,12.06,12.38,12.14,12.06,12.38,12.38,12.28,12.38,12.14,12.38,12.28,12.28,12.06,12.38,12.38,12.38,12.28,12.38,12.28,12.38,12.14,12.28,12.28,12.38,12.38,12.28,12.28,12.50,12.59,12.38,12.14,12.38,12.28,12.06,12.14,12.38,12.38,12.38,12.06,12.28,12.38,12.14,12.38,12.28,12.28,12.06,12.06,12.38,12.50,12.28,12.28,12.50,12.38,12.28,12.50,12.14,12.38,12.50,12.38,12.38,11.92,12.14,12.50,12.38,12.28,12.50,12.28,12.50,12.38,12.14,12.38,12.38,12.50,12.06,12.38,12.50,12.38,12.50,12.06,12.06,12.28,12.28,12.28,12.38,12.06,12.06,12.06,12.06,11.92,12.28,12.14,12.14,12.14,11.80,11.92,11.92,12.06,11.80,12.14,12.06,12.14,11.92,12.06,11.80,11.92,11.80,12.14,12.06,11.92,11.80,12.06,12.06,11.70,12.06,11.92,11.92,11.70,12.06,11.80,11.80,11.70,11.92,11.80,11.92,11.70,11.70,11.70,11.70,11.80,11.80,11.70,11.80,11.70,11.70,11.70,11.70,11.80,11.92,11.92,11.92,11.80,11.70,11.92,11.48,11.48,11.70,11.36,11.36,11.58,11.70,11.80
11.80,11.80,11.58,11.70,11.70,11.70,11.70,11.92,11.92,11.70,11.70,11.48,11.58,11.70,11.70,11.48,11.58,11.80,11.80,11.58,11.92,11.92,11.58,11.36,11.58,11.36,11.80,11.70,11.80,11.58,11.70,11.36,11.58,11.58,11.70,11.36,11.58,12.06,11.70,11.80,11.36,11.58,11.58,11.48,11.70,11.70,11.80,11.70,11.36,11.70,11.70,11.48,11.80,11.36,11.48,11.58,11.80,11.92,11.70,11.70,11.36,11.70,11.80,11.80,11.70,11.70,11.70,11.80,11.80,11.80,11.80,11.58,11.80,11.80,11.80,11.92,12.14,11.92,11.80,11.80,12.06,11.80,11.80,11.80,11.80,12.06,12.14,12.28,12.14,11.92,12.38,12.06,12.50,12.28,12.28,12.06,12.06,12.28,12.38,12.38,12.14,12.06,12.06,12.38,12.06,12.38,12.06,12.38,12.38,12.50,12.28,12.06,12.14,12.14,12.28,12.38,12.06,12.28,12.28,12.38,12.14,12.28,12.38,12.50,12.14,12.50,12.38,12.14,12.14,12.38,12.28,12.28,12.14,12.14,12.14,12.38,12.50,12.38,12.38,12.28,12.38,12.50,12.38,12.38,12.38,12.38,12.38,12.28,12.38,12.38,12.06,12.38,12.28,12.59,12.28,12.14,12.38,12.28,12.28,12.38,12.28,12.38,12.38,12.50,12.28,12.38,12.38,12.38,12.38,12.38,12.50,12.28,12.38,12.06,12.28,12.14,12.28,12.50,12.14,12.28,12.50,12.06,12.38,12.50,12.14,12.06,12.06,12.14,12.14,12.06,11.80,12.14,12.38,12.14,12.06,12.28,12.14,12.06,11.92,12.06,11.92,12.06,12.06,11.92,12.06,12.14,12.06,12.06,11.70,11.80,11.92,11.92,12.06,11.70,11.92,12.06,11.80,11.92,11.80,11.70,12.06,11.80,11.80,11.92,11.80,11.80,11.92,11.70,11.70,11.70,11.80,11.48,11.92,11.70,11.58,11.58,11.80,11.80,11.92,11.80,11.58,11.70,11.58,11.80,11.58,11.70,12.06,11.70,11.70,11.70,11.70,11.58,11.58,11.58,11.70,11.70
11.48,11.58,11.70,11.80,11.80,11.80,11.80,11.70,11.92,11.80,11.70,11.80,11.80,11.80,11.70,11.48,11.58,11.80,11.48,11.70,11.70,11.92,11.48,11.70,11.58,11.36,11.70,11.80,11.36,11.58,11.92,11.80,11.80,11.48,11.80,11.58,11.58,11.48,11.36,11.58,11.36,11.36,11.36,11.58,11.58,11.70,11.80,11.80,11.36,11.80,11.70,11.36,11.48,11.70,11.58,11.80,11.80,11.70,11.58,11.80,11.92,11.92,11.80,11.80,11.80,11.80,11.70,11.80,11.70,11.70,11.80,11.80,11.48,11.80,11.70,11.80,11.92,11.70,11.80,12.06,11.92,12.06,12.06,11.80,11.92,12.06,12.14,12.06,12.06,12.28,12.14,12.06,12.14,12.14,12.28,12.38,12.06,12.38,12.28,12.14,12.14,12.28,12.38,12.06,12.06,12.06,11.92,12.06,12.38,12.06,12.38,12.28,12.14,12.38,12.14,12.14,12.14,12.28,12.38,12.28,12.38,12.14,12.28,12.06,12.28,12.38,12.28,12.38,12.59,12.50,12.38,12.14,12.50,12.38,12.38,12.38,12.38,11.92,12.28,12.50,12.38,12.38,12.14,12.38,12.28,12.38,12.14,12.38,12.38,12.38,12.38,12.38,12.14,12.38,12.28,466.03,12.28,12.38,12.06,12.38,12.14,12.38,12.50,12.59,12.50,12.50,12.14,12.06,12.59,12.14,12.38,12.06,12.28,12.14,12.06,12.38,12.14,12.06,12.59,12.14,12.06,12.06,12.06,12.28,12.14,12.50,12.14,12.14,12.06,12.06,12.06,12.06,12.28,11.92,12.38,12.28,11.92,12.06,12.06,12.28,11.92,12.28,12.14,12.14,12.14,12.06,12.06,11.80,12.06,12.06,11.92,11.80,12.06,12.06,11.70,11.80,11.80,11.80,11.58,11.80,11.80,11.92,11.92,11.80,11.70,11.92,12.06,12.06,11.70,11.80,12.06,11.92,11.70,11.80,11.80,11.58,11.80,11.70,11.80,11.58,11.70,11.80,11.70,11.80,11.70,11.70,11.48,11.36,11.70,11.92,11.80,11.36,11.70,11.48,11.70,11.58
11.58,11.48,11.80,11.80,11.80,12.06,11.70,11.58,11.92,11.92,11.70,11.70,11.70,11.70,11.70,11.70,11.70,11.80,11.58,11.58,11.48,11.58,12.06,12.06,11.58,11.70,11.36,11.80,11.80,11.58,11.36,11.27,11.70,11.48,11.70,11.58,11.70,11.80,11.70,11.70,11.36,11.58,11.80,11.58,11.70,11.92,11.70,12.06,11.70,11.70,11.58,11.92,11.80,11.80,11.92,12.06,12.06,11.70,11.70,11.80,11.80,11.80,11.70,11.92,11.80,11.92,11.80,11.80,11.80,11.70,11.80,11.70,11.70,11.92,11.80,11.92,12.06,12.06,11.92,11.92,12.06,12.14,12.14,12.06,12.14,11.92,11.70,12.14,12.06,12.06,12.06,12.06,12.14,12.14,12.38,12.14,12.38,12.06,12.50,12.28,12.59,12.14,12.38,12.38,12.06,12.14,12.38,12.06,12.50,12.59,12.14,12.28,12.28,12.28,12.14,12.38,12.38,12.38,12.28,12.50,12.14,12.38,12.28,12.50,12.38,12.59,12.28,12.38,12.28,12.50,12.50,12.38,12.38,12.38,12.50,12.28,12.50,12.28,12.38,12.38,12.38,12.50,12.38,12.06,12.59,12.38,12.38,12.14,12.28,12.38,12.38,12.38,12.28,12.38,12.38,12.50,12.38,12.38,12.06,12.38,12.59,12.50,12.38,12.50,12.50,12.50,12.50,12.38,12.38,12.38,12.50,12.14,12.50,12.14,12.38,12.14,12.50,12.38,12.38,12.38,12.38,12.38,12.06,12.38,12.28,12.38,12.28,12.38,12.38,12.28,12.14,12.28,12.14,12.28,12.06,12.38,12.28,12.14,12.06,12.14,12.06,12.06,11.92,12.06,12.14,12.14,12.06,12.06,12.06,11.92,12.06,12.06,12.14,12.14,12.06,12.06,12.06,12.28,12.14,12.06,11.80,12.06,12.38,11.58,11.80,11.70,12.06,12.06,11.70,11.92,11.80,11.80,11.80,11.80,11.70,11.92,11.80,11.92,11.92,11.80,11.92,11.70,11.80,11.80,11.80,11.80,11.80,11.80,11.92,11.70,11.80,11.70,11.80,11.70,11.80,11.48
11.58,11.80,11.58,11.70,11.70,11.92,11.80,11.80,12.06,11.70,11.58,11.36,11.58,11.80,11.58,11.70,11.36,11.70,11.80,11.70,11.92,11.70,11.80,11.58,11.58,12.14,11.80,11.70,11.58,11.58,11.58,11.70,11.80,11.58,11.36,11.36,11.80,11.70,11.70,11.58,11.58,11.70,11.36,11.70,11.48,11.70,11.70,11.48,11.58,11.70,11.80,11.80,11.70,11.80,11.58,12.06,11.80,11.80,11.70,11.70,11.92,11.92,11.80,11.92,11.70,11.80,11.80,11.80,11.70,11.70,11.58,11.92,11.92,11.70,11.70,11.70,11.80,11.92,11.80,11.80,11.80,12.06,12.06,12.38,11.92,11.80,11.92,12.06,11.80,12.28,12.14,12.14,12.14,12.38,12.38,12.14,12.38,12.28,12.28,12.06,12.38,12.14,12.38,12.38,12.28,12.06,12.38,12.38,12.38,12.50,12.38,12.38,12.38,12.06,12.38,12.28,12.06,12.38,12.06,12.50,12.50,12.50,12.38,12.38,12.28,12.38,12.38,12.38,12.28,12.14,12.50,12.59,12.38,12.38,12.50,12.50,12.28,12.38,12.38,12.38,12.14,12.06,12.28,12.38,12.38,12.38,12.59,12.59,12.38,12.38,12.59,12.38,12.38,12.06,12.50,12.28,12.38,12.38,12.06,12.59,12.38,12.50,12.28,12.38,12.38,12.38,12.38,12.28,12.50,12.38,12.28,12.38,12.28,12.38,12.28,12.28,12.38,12.38,12.38,12.50,12.06,12.38,12.38,12.38,12.38,12.38,12.28,12.06,11.92,12.38,12.38,12.28,12.06,12.38,12.06,12.06,12.14,12.06,12.28,12.06,12.14,12.06,12.14,11.92,12.06,12.14,12.28,12.14,12.06,11.70,11.80,12.06,12.06,11.92,12.06,11.80,12.06,11.80,11.92,12.06,11.80,11.80,11.92,12.06,12.06,11.80,11.80,11.70,11.80,11.80,11.80,11.58,11.70,12.14,11.80,11.92,11.70,11.70,11.70,11.92,11.80,11.80,11.80,11.80,11.92,11.80,11.80,11.80,11.70,11.80,11.70,11.48,11.70,11.58,11.58,11.70
11.58,11.36,11.92,11.70,11.70,11.80,11.70,11.70,11.80,11.80,11.70,11.36,11.70,11.70,11.70,11.36,11.70,11.36,11.58,11.48,11.58,11.48,11.48,11.58,11.48,11.92,11.58,11.58,11.48,11.36,11.58,11.36,11.58,11.36,11.36,11.36,11.58,11.58,11.48,11.58,11.36,11.36,11.36,11.36,11.58,11.70,11.58,11.36,11.48,11.70,11.70,11.58,11.36,11.58,11.58,11.36,11.27,11.70,11.36,11.58,11.58,11.70,11.70,11.70,11.58,11.48,11.80,11.70,11.70,11.80,11.80,11.70,11.70,11.70,11.70,11.70,11.92,11.80,11.70,11.70,11.92,12.06,11.70,11.80,11.80,11.80,11.80,11.92,11.92,12.14,12.28,11.92,11.92,12.06,12.06,12.14,12.38,11.92,12.28,12.06,12.28,12.06,12.06,12.06,12.28,12.14,12.38,12.14,12.14,12.28,12.38,11.80,12.14,12.38,12.06,12.38,11.80,12.14,12.14,12.06,12.28,12.14,12.28,11.92,12.28,12.38,12.38,12.28,12.38,12.38,12.28,12.38,12.06,12.28,12.14,12.14,12.50,12.38,12.14,12.38,12.14,12.38,12.14,12.50,12.06,12.28,12.38,12.14,12.14,12.06,12.28,12.28,12.06,12.59,12.50,11.92,12.50,12.28,12.28,12.28,12.28,12.06,12.06,12.50,12.28,12.38,12.28,12.14,12.50,12.06,12.14,12.28,12.28,11.92,12.38,12.38,12.38,12.14,12.38,12.28,12.28,12.14,11.92,12.06,12.38,11.92,12.38,12.28,12.14,11.80,11.80,12.06,12.38,11.80,11.80,11.80,12.06,11.92,12.14,11.80,12.06,12.06,12.06,12.28,11.92,11.92,12.06,11.92,11.92,11.70,11.80,11.92,11.92,11.80,11.70,11.80,11.80,11.70,11.70,11.70,11.80,11.80,11.70,11.58,11.80,11.80,11.70,11.92,11.70,11.58,11.48,11.58,11.48,11.58,11.58,11.80,11.70,11.58,11.80,11.58,11.80,11.70,11.48,11.58,11.70,11.70,11.58,11.36,11.70,11.70,11.58,11.58,11.80,11.70,11.48,11.48
11.27,11.36,11.36,11.58,11.48,11.80,11.80,11.58,11.80,11.48,11.80,11.48,11.70,11.48,11.48,11.36,11.70,11.36,11.48,12.06,11.80,11.70,11.70,11.70,11.70,11.58,11.80,11.92,11.48,11.36,11.36,11.70,11.70,11.58,11.36,11.58,11.70,11.70,11.58,11.80,11.70,11.58,11.58,11.58,11.48,11.80,11.58,11.58,11.48,11.70,11.58,11.58,11.58,11.58,11.70,11.70,11.80,11.48,11.80,11.58,11.80,11.92,11.70,11.80,11.80,11.70,11.80,11.80,11.70,11.80,11.80,11.80,12.06,11.80,12.06,11.58,11.92,11.80,11.80,11.80,12.06,12.06,12.06,12.06,12.14,12.06,12.06,11.92,12.06,12.06,12.06,12.06,12.28,12.06,12.06,12.06,12.38,11.92,12.06,12.38,12.38,12.38,12.38,12.14,11.92,12.28,12.28,12.28,12.06,12.38,12.14,12.38,12.14,12.28,12.06,12.38,12.14,12.38,12.38,12.50,12.38,12.06,12.06,12.50,12.38,12.38,12.38,12.28,12.50,12.28,12.50,12.50,12.38,12.38,12.38,12.28,12.38,12.28,12.28,12.14,12.14,12.59,12.38,12.14,12.28,12.14,12.06,12.38,12.14,12.28,12.50,12.06,12.38,12.38,12.38,12.50,12.28,12.28,12.38,12.59,12.06,12.38,12.28,12.59,12.14,12.50,12.38,12.50,12.50,12.28,12.38,12.38,12.38,12.28,12.50,12.38,12.28,12.14,12.14,12.06,12.14,12.38,12.06,12.38,12.28,12.28,12.06,12.38,12.06,12.28,12.14,12.38,12.06,12.06,12.28,12.06,12.14,12.14,12.06,12.06,12.06,11.80,12.06,12.28,12.14,12.28,12.06,11.80,12.06,11.92,11.92,11.92,12.06,12.06,11.92,11.80,11.80,11.92,12.06,11.92,12.06,11.80,11.92,11.80,12.06,11.80,11.80,11.92,11.80,11.80,11.80,11.70,11.70,11.92,11.92,11.80,11.80,11.80,11.58,11.92,11.80,11.58,11.80,11.80,11.70,11.36,11.36,11.58,11.70,12.06,11.58,11.58,11.70,11.48,11.58,11.70
11.48,11.58,11.48,11.70,11.48,11.70,11.36,11.70,11.80,11.58,11.48,11.48,11.80,11.58,11.80,11.70,11.48,11.70,11.80,11.70,11.48,11.70,11.58,11.58,11.36,11.80,11.80,11.36,11.48,11.58,11.58,11.70,11.58,11.58,11.70,11.48,11.58,11.70,11.36,11.48,11.58,11.58,11.70,11.70,11.48,11.58,11.48,11.70,11.70,11.70,11.80,11.80,11.80,11.70,11.58,12.06,11.36,11.80,11.70,11.70,11.58,11.48,11.58,11.80,11.92,11.70,11.70,11.70,11.58,11.80,11.80,11.92,11.92,11.80,11.70,11.80,11.70,11.80,11.80,11.80,12.28,11.80,11.80,12.06,12.06,11.92,11.80,11.80,12.06,12.06,12.38,11.80,12.06,12.06,12.14,12.06,12.28,12.06,12.06,12.14,12.28,12.06,12.28,12.06,12.06,12.38,12.38,12.06,12.50,12.06,12.06,12.38,12.28,11.80,12.38,12.28,12.14,12.28,12.38,12.28,12.38,12.59,12.28,12.28,12.38,12.38,12.38,12.06,12.50,12.38,12.38,12.28,12.28,12.28,12.14,12.06,12.50,12.50,12.50,12.38,12.38,12.14,12.28,12.06,12.59,12.38,12.28,12.38,12.38,12.38,12.28,12.28,12.38,12.38,12.38,12.38,12.50,12.28,12.59,12.38,12.38,12.28,12.50,12.50,12.38,12.50,12.38,12.59,12.06,12.38,12.06,12.38,12.28,12.14,12.28,12.38,12.28,12.28,12.38,12.14,12.38,12.06,12.50,12.28,12.14,12.14,12.14,12.38,12.28,12.06,12.28,12.14,12.06,12.06,12.06,12.14,12.06,12.28,12.06,12.06,11.80,12.06,11.92,12.38,11.80,12.14,12.14,12.14,11.70,11.92,11.80,11.80,12.06,11.80,11.80,11.80,11.80,12.06,11.80,12.28,12.14,11.80,11.70,11.92,11.58,11.92,11.80,12.14,11.80,11.92,11.80,11.70,11.80,11.92,11.70,11.70,11.80,11.92,11.70,11.80,11.92,11.92,12.06,11.48,11.70,11.70,11.70,11.70,11.58,12.06,11.80,11.48,11.70,11.80,11.70,11.70
11.58,11.36,11.80,11.92,11.70,11.58,11.36,11.80,11.48,11.80,11.80,11.58,11.36,11.70,11.92,11.36,11.70,11.80,11.70,11.80,11.70,11.92,11.80,11.80,11.58,11.70,11.58,11.58,11.70,11.70,12.06,11.70,11.70,11.36,11.80,11.36,11.58,11.70,11.36,11.58,11.36,11.58,11.58,11.48,11.48,11.58,11.58,11.58,11.70,11.80,11.70,11.58,11.70,11.58,11.80,11.70,11.92,11.70,11.58,11.58,11.58,11.80,11.48,11.70,11.80,11.80,11.80,11.80,11.80,11.80,11.92,11.80,12.06,11.80,11.80,11.92,11.70,11.80,11.80,11.70,11.92,12.06,11.80,12.06,11.92,12.14,12.06,11.92,12.06,11.92,11.92,12.14,12.06,11.92,12.06,12.14,12.14,12.06,11.92,12.06,12.06,11.92,12.28,12.38,12.06,12.38,12.14,12.14,12.50,12.28,12.38,12.28,12.28,12.28,12.14,12.28,12.28,12.38,12.38,12.38,12.59,12.38,12.38,12.38,12.06,12.14,12.14,12.50,12.38,12.38,12.38,12.50,12.50,12.38,12.50,12.50,12.38,12.38,12.59,12.59,12.38,12.38,12.50,12.50,12.72,12.38,12.50,12.50,12.38,12.38,12.50,12.50,12.28,12.50,12.38,12.38,12.50,12.38,12.59,12.38,12.59,12.38,12.50,12.06,12.50,12.38,12.28,12.28,12.28,12.38,12.28,12.28,12.38,12.14,12.38,12.38,12.50,12.28,12.38,12.38,12.38,12.28,12.28,12.06,12.50,12.28,12.14,12.38,12.06,12.28,12.38,12.06,12.38,12.06,12.38,12.06,12.06,11.80,11.92,11.92,12.06,11.92,11.92,12.14,12.06,12.14,11.80,11.80,12.06,11.80,11.92,12.06,11.92,12.38,11.92,11.80,11.80,11.92,11.92,11.80,12.06,11.80,11.70,11.92,12.06,11.80,11.58,11.80,11.92,11.80,12.06,11.70,11.92,11.70,11.80,11.92,11.92,11.70,11.80,11.92,12.06,11.80,11.58,11.70,11.70,11.70,11.80,11.80,11.36,11.58,11.70,11.70,11.58,11.70,11.48,11.80
11.70,11.70,12.06,11.70,11.58,11.36,11.80,11.70,11.80,11.80,11.80,11.58,11.80,11.70,11.70,11.58,11.48,11.58,11.58,11.48,11.92,11.70,11.70,11.58,11.70,11.70,11.80,11.58,11.70,11.70,11.80,11.80,11.80,11.92,11.48,11.36,11.70,11.70,11.36,11.48,11.36,11.36,11.58,11.80,11.36,11.70,11.70,11.80,11.58,11.58,11.36,11.80,11.36,11.80,11.70,11.70,11.70,11.80,11.80,11.70,11.80,11.70,11.80,11.70,12.06,12.06,11.92,11.92,11.80,12.06,11.80,11.80,11.70,11.92,12.06,11.80,11.80,12.06,12.06,11.70,11.92,11.92,12.06,12.38,11.80,11.92,11.92,11.92,12.14,12.06,12.06,12.06,12.14,11.92,12.14,12.28,12.06,12.14,12.14,12.28,12.06,11.80,12.38,11.92,12.14,12.28,12.14,12.28,12.38,12.14,12.06,12.38,12.38,12.06,12.38,12.38,12.50,12.38,12.14,12.38,12.28,12.38,12.14,12.38,12.38,12.59,12.59,12.38,12.38,12.59,12.38,12.06,12.14,12.38,12.50,12.38,12.28,12.28,12.38,12.50,12.38,12.38,12.38,12.14,12.59,12.50,12.50,12.50,12.38,12.50,12.38,12.50,12.28,12.59,12.14,12.38,12.50,12.28,12.14,12.50,12.72,12.38,12.50,12.50,12.38,12.28,12.14,12.59,12.50,12.28,12.50,12.38,12.38,12.38,12.06,12.38,12.28,12.72,12.38,12.28,12.38,12.28,12.38,12.50,12.28,12.28,12.28,12.06,12.28,12.14,12.06,11.92,12.38,12.28,12.28,12.14,12.14,12.06,12.28,12.06,12.06,12.06,11.92,12.06,11.92,12.38,12.06,11.80,12.38,11.80,12.14,11.80,12.06,12.06,11.92,12.06,12.06,11.92,11.92,11.80,11.92,12.06,12.06,12.06,11.80,11.80,11.80,11.92,11.70,11.80,11.80,11.70,11.80,11.70,11.80,11.70,11.58,11.92,11.70,11.92,11.92,11.80,11.70,11.80,11.80,11.70,11.70,11.70,11.80,11.58,11.80,11.80,11.80,11.70,11.80,11.80
11.80,11.58,11.70,11.70,11.58,11.70,11.58,11.36,11.58,11.80,11.70,11.48,11.36,11.58,11.80,11.36,11.36,11.48,11.36,11.70,11.36,11.36,11.92,11.70,11.58,11.70,11.48,11.48,11.36,11.70,11.58,11.70,11.70,11.58,11.48,11.36,11.70,11.27,11.58,11.58,11.36,11.58,11.58,11.92,11.70,11.70,11.48,11.70,11.70,11.36,11.70,11.58,11.27,11.58,11.58,11.58,11.80,11.58,11.70,11.80,11.58,11.58,11.36,11.58,11.80,11.80,11.92,11.58,11.80,11.80,11.70,11.70,11.70,11.58,11.58,11.80,11.80,11.92,11.70,11.80,11.80,12.06,11.80,11.80,11.92,11.92,11.92,11.70,11.80,11.80,11.92,11.80,12.06,11.92,12.06,11.92,12.06,12.14,11.92,12.14,12.28,12.06,11.80,12.06,11.92,12.06,12.06,12.38,12.28,12.14,12.28,12.14,12.06,12.06,12.50,12.28,12.38,12.06,11.92,12.38,12.14,12.28,12.38,12.38,12.14,12.06,12.28,12.14,12.38,12.50,12.06,12.14,12.50,12.06,12.50,12.14,12.28,12.06,12.50,12.38,12.28,12.50,12.14,12.28,12.06,12.38,12.06,12.38,12.28,12.59,12.38,12.50,12.28,12.38,12.38,12.38,12.38,12.38,12.38,12.50,12.38,12.28,12.38,12.14,12.38,12.38,12.28,12.38,12.28,12.28,12.59,12.38,12.38,12.14,12.14,11.92,12.06,12.38,12.28,12.38,12.14,12.28,12.38,12.28,12.06,12.06,12.06,12.06,12.06,12.06,12.06,12.14,12.06,12.14,12.06,12.06,12.06,12.06,12.14,12.06,12.06,11.80,12.06,11.92,11.92,12.06,12.14,12.06,12.06,12.14,11.92,11.80,12.06,11.92,11.80,11.80,11.92,11.80,12.06,12.06,11.58,11.70,11.70,11.36,12.06,11.80,11.80,11.58,11.70,11.70,11.58,11.70,11.58,11.58,12.06,11.80,11.58,11.70,11.80,11.80,11.80,11.70,11.70,11.58,11.70,11.80,11.92,11.80,11.70,11.58,11.80,11.80,11.58,11.58,11.80,11.58
11.58,11.80,11.70,11.70,11.58,11.58,11.58,11.48,11.58,11.36,11.80,11.36,11.48,11.58,11.36,11.80,11.70,11.58,11.48,11.80,11.58,11.36,11.36,11.36,11.36,11.48,11.58,11.36,11.70,11.80,11.70,11.80,11.58,11.70,11.92,11.36,11.36,11.48,11.36,11.48,11.48,11.48,11.48,11.58,11.58,11.70,11.58,11.48,11.70,11.48,11.58,11.36,11.58,11.58,11.70,11.48,11.36,11.70,11.80,11.48,11.70,11.92,11.58,11.80,11.58,12.06,11.70,11.70,11.80,11.70,11.92,11.80,11.70,11.70,11.70,11.80,11.70,11.80,11.70,11.92,12.06,11.92,11.92,11.80,11.92,11.92,12.06,11.80,12.06,11.92,11.80,11.80,12.06,11.70,11.80,12.06,12.14,12.06,12.06,11.70,11.92,12.06,12.06,12.06,11.92,11.80,12.14,12.14,12.28,12.14,12.06,12.38,12.38,12.14,12.28,12.59,12.06,12.28,12.06,12.06,12.38,12.28,12.28,12.14,11.92,12.14,12.28,12.06,12.50,12.14,12.50,12.14,12.28,12.38,12.38,12.28,12.38,12.28,12.28,12.50,12.14,12.14,12.14,12.28,12.38,12.38,12.50,12.38,12.38,12.50,12.14,12.38,12.59,12.38,12.38,12.50,12.59,12.38,12.38,12.38,12.38,12.50,12.38,12.14,12.38,12.06,12.38,12.28,12.28,12.14,12.38,12.38,12.06,12.38,12.28,12.28,12.28,12.06,12.28,12.28,12.06,12.28,12.28,12.38,12.06,12.14,12.06,12.06,12.06,12.06,12.06,12.14,12.06,12.06,12.06,12.14,12.28,11.92,11.80,12.06,12.06,12.06,12.06,12.14,12.06,12.06,12.06,11.92,12.28,11.92,12.06,11.80,11.80,11.80,11.80,11.80,11.80,11.92,11.70,11.80,11.80,11.58,11.92,11.92,11.70,12.06,11.58,11.70,11.80,11.80,11.70,11.58,11.80,11.70,11.80,11.80,11.80,11.80,11.58,11.70,11.80,11.58,11.58,11.80,11.70,11.70,11.70,11.70,11.58,11.58,11.80,11.58,11.58,11.48,11.58,11.70
11.80,11.80,11.92,11.58,11.48,11.80,11.70,11.36,11.70,11.48,11.58,11.48,11.70,11.58,11.70,11.70,11.36,11.70,11.48,11.92,11.36,11.36,11.48,11.36,11.58,11.36,11.36,11.58,11.48,11.48,11.70,11.58,11.70,11.70,11.36,11.70,11.48,11.48,11.58,11.36,11.27,11.27,11.58,11.36,11.48,11.58,11.36,11.58,11.58,11.48,11.80,11.92,11.70,11.36,11.80,11.80,11.70,11.80,11.70,11.70,11.80,11.48,11.80,11.70,11.80,11.92,11.80,11.80,12.06,11.70,11.70,11.70,11.80,11.58,11.70,11.58,12.06,12.06,11.80,11.92,12.14,12.06,12.28,11.92,11.70,11.92,12.06,11.80,11.80,12.06,11.80,11.92,11.80,11.92,11.80,12.06,12.06,11.80,12.28,12.14,11.80,11.80,12.28,12.14,12.14,12.14,11.92,12.14,12.06,12.14,12.06,12.06,12.06,11.92,12.50,12.28,12.28,12.28,11.92,12.38,12.28,466.03,12.14,12.28,12.38,12.14,12.14,12.28,12.06,12.06,12.50,12.38,12.28,12.06,12.50,12.28,12.38,12.06,12.06,12.38,12.14,12.38,12.38,12.28,12.38,12.06,12.14,12.14,12.28,12.38,12.38,12.38,12.59,12.38,12.50,12.50,12.28,12.14,12.38,12.38,12.28,12.38,12.14,12.28,12.38,12.38,12.38,12.50,12.38,12.38,12.38,12.38,12.14,12.14,12.38,12.50,12.38,12.38,12.38,12.28,12.06,12.50,12.14,12.06,12.28,12.28,11.92,12.14,12.28,12.06,12.06,12.06,12.14,12.06,12.06,12.06,12.06,12.06,11.80,12.28,12.14,12.06,11.92,11.92,11.92,12.06,12.14,11.80,11.80,11.92,12.06,12.14,11.80,12.28,12.06,11.70,11.80,11.92,11.80,11.80,11.70,11.92,11.80,12.14,12.06,11.58,11.80,11.92,11.80,11.70,11.70,11.70,11.80,11.80,11.80,11.70,11.36,11.92,11.80,11.58,11.80,11.70,11.80,11.48,11.36,11.48,11.80,11.48,11.58,11.58,11.58,11.70,11.58,11.48,11.70,11.70
11.70,11.70,11.70,11.80,11.80,11.80,11.70,11.70,11.70,11.58,11.48,11.70,11.48,11.48,11.48,11.58,11.80,11.92,11.48,11.36,11.58,11.58,11.58,11.36,11.58,11.36,11.36,11.58,11.58,11.58,11.36,11.58,11.36,11.80,11.70,11.70,11.70,11.48,11.70,11.58,11.70,11.48,11.48,11.48,11.58,11.36,11.58,11.58,11.70,11.80,11.48,11.70,11.92,11.70,11.80,11.70,11.36,11.80,11.58,11.58,11.80,11.70,11.80,11.80,11.70,11.80,11.58,11.80,11.92,11.58,11.58,11.92,11.70,11.80,11.70,11.70,11.70,11.70,11.80,11.70,11.80,11.92,11.92,11.80,11.58,12.06,11.80,11.80,12.06,12.06,12.06,11.92,11.92,11.92,12.06,11.92,11.92,12.06,11.92,12.06,12.06,12.14,12.14,12.28,12.06,12.06,12.14,12.06,12.14,12.14,12.28,11.92,12.06,12.14,12.06,12.06,12.38,12.28,12.38,12.06,12.06,12.14,12.38,12.06,12.14,12.38,12.06,12.06,12.38,12.28,12.38,12.59,12.14,12.50,12.50,12.50,12.28,12.38,12.38,12.38,12.06,12.38,12.06,12.38,12.28,12.28,12.28,12.14,12.38,12.38,12.38,12.28,12.50,12.28,12.59,12.38,12.50,12.59,12.38,12.14,12.38,12.14,12.38,12.38,12.38,12.38,12.50,12.06,12.38,12.38,12.28,12.38,12.38,12.38,12.38,12.28,12.06,12.28,12.14,12.28,12.28,12.06,12.38,12.28,12.06,12.38,12.28,12.28,12.06,12.06,12.06,12.06,11.92,12.06,12.06,12.06,12.06,12.14,11.80,12.38,12.28,11.92,11.80,12.06,12.14,11.80,12.28,12.06,11.80,12.14,11.92,11.92,12.06,12.28,12.06,12.06,11.70,11.80,11.80,11.80,11.80,11.80,11.80,11.92,11.70,11.70,11.92,11.80,11.58,11.70,11.80,11.80,11.80,11.70,12.06,11.80,11.80,11.58,11.80,11.70,11.70,11.58,11.58,11.48,11.80,11.70,11.80,11.36,11.48,11.80,11.36,11.58,11.80,11.80,11.70,11.70
11.58,11.48,11.70,11.80,11.80,11.70,11.70,11.70,11.58,11.80,11.58,11.70,11.70,11.58,11.58,11.58,11.58,11.80,11.70,11.58,11.58,11.58,11.36,11.36,11.36,11.70,11.70,11.48,11.58,11.70,11.70,11.80,11.58,11.80,11.70,11.58,11.70,11.58,11.58,11.70,11.58,11.36,11.48,11.58,11.70,11.70,11.70,11.36,11.80,11.70,11.80,11.70,11.70,11.70,11.58,11.80,11.48,11.80,11.58,11.70,11.58,11.70,11.58,11.80,11.80,11.70,11.92,11.80,11.70,11.58,11.80,11.92,11.80,11.80,11.80,11.80,11.80,12.06,11.92,11.80,11.92,12.06,12.06,11.80,12.06,11.80,12.06,11.92,12.06,12.06,12.06,12.06,11.80,12.14,12.06,12.06,12.06,12.06,12.06,11.92,12.06,12.06,12.06,12.14,12.06,12.06,11.80,12.28,11.92,12.06,11.92,12.14,12.06,12.14,12.38,12.28,12.38,12.28,12.38,12.14,12.28,12.14,12.59,12.06,12.14,12.14,12.38,12.14,12.14,12.06,12.59,12.38,12.59,12.38,12.38,12.28,12.50,12.28,12.06,12.50,12.38,12.38,12.14,12.14,12.38,12.38,12.38,12.06,12.50,12.28,12.28,12.28,12.38,12.38,12.38,12.50,12.28,12.50,12.14,12.50,12.50,12.59,12.38,12.14,12.38,12.06,12.38,12.28,12.38,12.50,12.50,12.50,12.14,11.92,12.50,12.38,12.50,12.14,12.14,12.14,12.38,12.38,12.14,12.28,12.38,12.14,12.14,12.14,12.28,12.28,12.38,12.38,12.38,12.14,12.14,12.14,12.14,12.06,11.80,12.28,12.28,11.80,12.06,12.06,11.92,12.06,12.06,11.92,11.80,12.06,11.80,11.92,11.70,12.14,11.92,11.80,11.80,11.92,11.92,11.70,11.92,11.80,12.06,11.80,12.06,11.80,11.80,11.92,11.80,11.80,11.58,12.06,11.80,11.80,12.06,11.80,11.92,11.70,11.80,11.80,11.80,11.92,11.80,11.58,11.80,11.80,11.58,11.80,11.70,11.80,11.70,11.92,11.70,11.58,11.36,11.70
11.58,11.58,11.70,11.70,11.80,11.92,11.70,11.70,11.48,11.70,11.58,11.58,11.70,11.58,11.80,11.58,11.36,11.58,11.48,11.48,11.70,11.36,11.48,11.48,11.58,11.48,11.58,11.58,11.80,11.58,11.36,11.92,11.70,11.58,11.70,11.36,11.58,11.58,11.58,11.58,11.80,11.70,11.70,11.58,11.70,11.70,11.36,11.70,11.70,11.48,11.70,11.58,11.70,11.70,11.58,11.70,11.48,11.70,11.58,11.70,11.70,11.70,11.80,11.58,11.70,11.70,11.70,12.06,11.58,11.70,11.58,11.80,11.80,11.80,11.92,11.92,11.58,12.06,11.92,11.70,11.80,11.80,11.92,11.80,11.80,11.80,12.06,11.80,12.06,11.92,11.92,11.80,11.80,12.28,12.06,12.06,11.80,12.06,12.06,12.14,11.80,12.06,11.80,12.06,12.28,12.06,12.14,12.50,12.14,12.14,12.06,12.28,12.28,12.14,12.06,12.14,12.38,12.38,12.38,12.50,12.38,12.38,12.38,12.06,11.92,12.14,12.14,12.06,12.14,12.38,12.06,12.38,12.38,12.28,12.38,12.38,12.38,12.28,12.59,12.28,12.38,12.14,12.38,12.38,12.06,12.06,12.38,12.59,12.28,12.28,12.59,12.50,12.59,12.38,12.28,12.14,12.59,12.38,12.38,12.38,12.50,12.14,12.38,12.14,12.38,12.38,12.06,12.38,12.38,12.06,12.28,12.38,12.28,12.28,12.38,12.14,12.50,12.06,12.38,12.38,12.38,12.06,12.06,11.80,12.14,11.92,12.06,12.38,12.14,12.14,12.14,12.14,12.38,12.28,12.06,12.06,12.14,12.06,12.14,12.38,12.38,11.80,12.14,12.06,12.06,11.92,12.28,12.14,12.06,11.92,11.92,11.70,12.06,12.06,11.80,11.80,12.14,11.80,12.06,11.80,11.80,12.06,12.14,11.70,11.58,11.58,11.80,11.92,11.80,11.70,11.70,11.80,11.36,11.58,11.70,11.70,11.92,11.70,11.70,11.80,11.80,11.70,11.80,11.80,11.58,11.58,11.36,11.58,11.70,11.70,11.48,11.70,11.48,11.58,11.80,11.58
11.70,11.80,11.58,11.70,11.80,11.70,11.70,12.06,11.58,11.80,11.58,11.36,11.36,11.36,11.36,11.58,11.58,11.58,11.36,11.36,11.58,11.36,11.27,11.70,11.36,11.70,11.36,11.58,11.36,11.36,11.48,11.36,11.70,11.36,11.36,11.36,11.36,11.58,12.06,11.80,11.70,11.58,11.48,11.58,11.70,11.58,11.36,11.70,11.70,11.58,11.36,11.36,11.58,11.58,11.36,11.58,11.58,11.70,11.58,11.48,11.70,11.58,11.80,11.70,11.70,11.92,11.58,11.70,11.80,12.06,11.92,11.70,11.80,11.92,11.92,11.70,11.80,11.80,11.92,11.92,11.80,11.70,11.92,11.80,11.80,12.06,11.80,11.92,11.80,11.92,11.80,11.92,11.92,11.80,12.06,11.70,11.80,12.06,11.70,11.80,11.92,12.06,11.80,11.92,12.06,11.92,12.06,11.92,12.38,12.06,11.92,12.14,12.06,12.06,11.92,12.06,12.06,12.14,12.14,12.06,12.06,12.06,12.28,12.28,12.50,12.14,12.06,12.28,12.06,12.28,12.14,12.14,12.06,12.50,12.38,12.38,12.14,12.14,12.28,12.14,12.28,12.38,12.28,12.38,12.28,12.38,12.28,12.38,12.38,12.38,12.28,12.14,12.38,12.38,12.28,12.38,12.38,12.59,12.38,12.28,12.50,12.38,12.28,12.50,12.14,12.06,12.14,12.38,12.06,12.14,12.38,12.38,12.38,12.28,12.28,12.28,12.28,12.06,12.06,12.50,12.06,11.92,12.38,11.92,12.06,12.38,12.06,12.14,11.80,12.14,12.14,12.14,12.14,12.06,11.80,12.06,11.92,11.92,12.06,12.06,12.06,12.06,11.80,12.14,11.92,11.80,11.92,11.92,11.80,12.14,11.70,12.06,11.70,11.92,12.14,12.06,11.80,11.80,11.92,11.58,12.06,12.06,11.80,11.58,11.58,11.80,11.92,11.80,11.70,12.06,11.92,11.92,11.92,11.36,11.70,11.92,11.80,11.58,11.80,11.58,11.58,11.80,11.80,11.48,11.58,11.70,11.48,11.27,11.80,11.48,11.48,11.80,11.80,11.58,11.58,11.70
11.58,11.48,11.80,11.70,11.48,11.36,11.80,11.58,11.48,11.80,11.48,11.58,11.80,11.70,11.58,11.48,11.58,11.70,11.48,11.70,11.58,11.36,11.70,11.58,11.48,11.80,11.58,11.48,11.58,11.92,11.80,11.58,11.58,11.48,11.58,11.48,11.70,11.70,11.70,11.48,11.80,11.92,11.58,11.58,11.36,11.36,11.70,11.58,11.58,11.48,11.58,11.58,11.80,11.48,11.58,11.70,11.58,11.80,11.70,11.58,11.80,11.58,11.48,11.58,11.80,11.92,11.80,11.70,11.80,12.06,11.70,11.70,11.92,11.92,11.92,11.70,11.80,11.70,11.80,12.06,11.80,11.80,12.06,11.80,11.92,11.80,12.06,11.58,11.80,11.70,11.70,12.14,11.80,12.06,11.80,12.06,12.06,11.92,11.80,12.06,12.06,12.06,12.06,12.06,12.38,12.06,12.14,12.06,12.06,11.92,12.06,12.06,11.92,12.28,12.06,12.28,12.28,12.06,12.14,12.38,12.38,12.38,12.14,12.28,12.28,12.06,12.14,12.38,12.14,12.28,12.38,12.38,12.28,12.28,12.28,12.14,12.28,12.14,12.28,12.50,12.28,12.38,12.38,12.28,12.38,12.38,12.28,12.38,12.28,12.38,12.50,12.38,12.38,12.14,12.38,12.06,12.50,12.38,12.14,12.14,12.38,12.38,12.38,12.38,12.28,12.38,12.38,12.06,12.14,12.38,12.28,12.38,12.14,12.14,12.06,12.38,12.06,12.38,12.28,12.38,12.06,12.06,11.80,12.06,12.28,12.14,12.38,12.06,12.38,12.14,12.14,12.28,12.06,12.06,12.28,12.28,12.14,12.28,11.80,12.06,11.92,12.06,12.06,12.06,12.38,11.92,12.06,12.06,11.92,12.06,12.06,11.92,12.14,12.14,12.06,11.80,11.80,12.06,12.06,11.70,11.70,11.80,11.80,11.80,11.80,11.92,11.80,12.06,11.92,11.70,11.80,11.80,11.80,11.58,11.80,11.80,11.80,11.80,11.80,11.70,11.58,11.70,11.70,11.70,11.80,11.70,11.36,11.48,11.70,11.70,11.70,11.58,11.58,11.70,11.48,11.92
11.70,11.58,11.80,11.58,11.80,11.80,11.80,11.58,11.70,11.58,11.48,11.70,11.58,11.58,11.58,11.70,11.58,11.70,11.36,11.36,11.58,11.58,11.58,11.58,11.58,11.58,11.36,11.48,11.80,11.48,11.70,11.48,11.58,11.80,11.80,11.70,11.48,11.80,11.48,11.58,11.80,11.80,11.80,11.80,11.58,11.48,11.80,11.48,11.70,11.70,11.58,11.36,11.58,11.58,11.58,11.80,11.58,11.70,11.70,11.58,11.70,11.58,11.70,11.70,11.58,11.58,11.48,11.80,11.70,11.80,11.92,12.28,11.80,11.92,12.06,11.80,11.92,11.92,12.06,11.80,11.80,11.80,11.92,12.06,11.92,12.06,11.80,11.80,12.06,11.80,11.92,11.70,11.92,11.92,12.14,11.80,11.80,12.06,12.06,11.92,12.06,12.38,11.80,11.92,12.06,12.06,12.06,11.80,11.70,12.06,11.92,12.38,12.06,11.92,12.38,12.14,12.38,12.38,12.14,12.28,12.14,12.06,12.28,12.14,12.50,12.28,12.28,12.38,12.06,12.06,12.38,12.28,12.50,12.14,12.28,12.06,12.14,12.28,12.28,12.28,12.38,12.28,12.38,12.28,12.38,12.06,12.06,12.38,12.14,12.38,12.59,12.14,12.38,12.38,12.50,12.06,12.38,12.59,12.28,12.50,12.38,12.28,12.50,12.38,12.38,12.38,12.59,12.14,12.38,12.06,12.14,12.38,12.38,12.06,12.38,12.38,12.38,12.06,12.14,12.06,12.38,12.14,12.06,12.28,12.06,12.28,12.06,12.06,12.06,12.28,12.14,12.06,12.28,12.06,12.14,11.80,12.06,12.06,12.28,12.38,12.14,12.06,11.80,11.80,12.06,12.14,11.92,11.92,11.80,12.14,11.92,11.92,11.92,11.92,12.06,11.80,11.70,11.92,12.06,11.92,12.06,11.80,11.80,11.70,11.80,11.80,11.80,12.06,12.06,11.80,11.92,11.80,11.70,11.48,11.92,11.80,11.80,11.80,11.80,11.70,11.80,11.80,11.58,11.80,11.80,11.80,11.70,11.80,11.80,11.58,11.80,11.70,11.58,11.70,11.70,11.58
11.80,11.70,11.80,11.80,11.80,11.70,11.92,11.58,11.80,11.27,11.80,11.80,11.70,11.58,11.48,11.36,11.80,11.70,11.58,11.58,11.80,11.80,11.36,11.48,11.70,11.70,11.58,11.58,11.36,11.48,11.58,11.70,11.27,11.80,11.70,11.58,11.36,11.36,11.80,11.36,11.70,11.70,11.70,11.58,11.80,11.70,11.70,11.58,11.80,11.70,11.70,11.58,11.58,11.48,11.36,11.48,11.80,11.58,11.58,11.80,11.58,11.70,11.70,11.70,11.48,11.80,11.80,11.80,11.70,11.70,11.80,11.80,11.80,11.80,12.06,11.80,11.58,11.80,11.70,11.80,12.14,12.06,11.92,11.92,12.28,12.06,11.80,11.92,12.06,11.92,11.80,11.92,11.92,12.14,12.38,12.28,12.06,11.92,11.70,11.92,11.92,12.06,12.06,12.06,12.28,11.92,11.58,12.14,12.38,12.14,12.06,12.06,12.06,12.06,12.28,12.06,12.14,12.06,12.06,12.38,12.38,12.14,12.28,12.06,12.38,12.28,12.06,12.38,12.38,12.38,12.38,12.14,12.50,12.28,12.28,12.14,12.50,12.38,12.14,12.28,12.38,12.14,12.28,12.38,12.14,12.38,12.38,12.28,12.28,12.50,12.38,12.50,12.38,12.38,12.28,12.28,12.50,12.38,12.50,12.14,12.50,12.28,12.38,12.50,12.38,12.06,12.50,12.38,12.14,12.38,12.38,12.14,12.28,12.14,12.14,11.80,12.38,12.28,12.06,12.38,12.38,11.92,12.06,12.06,12.06,12.14,12.14,12.38,12.14,11.80,12.14,11.80,12.28,12.06,12.14,12.06,12.06,12.06,11.80,11.92,12.06,12.14,11.80,12.14,12.06,11.80,12.06,12.06,12.06,11.80,11.80,12.06,11.80,11.70,12.06,11.80,11.70,11.80,11.92,12.06,11.80,11.70,12.06,11.80,12.06,11.70,11.70,11.80,11.80,11.80,11.80,12.06,11.80,11.48,12.06,11.92,12.06,11.48,11.70,11.70,11.70,11.80,11.70,11.58,11.80,11.80,11.48,11.80,11.70,11.80,12.06,11.58,11.80,11.70,11.92,11.80
11.58,11.58,11.58,11.58,11.70,11.70,11.80,11.70,11.80,11.70,11.92,11.58,11.48,11.27,11.36,11.48,11.36,11.36,11.36,11.48,11.80,11.70,11.36,11.36,11.80,11.70,11.58,11.27,11.27,11.36,11.48,11.48,11.58,11.27,11.48,11.58,11.58,11.36,11.48,11.36,11.36,11.58,11.36,11.48,11.92,11.80,11.70,11.48,11.58,11.48,11.70,11.48,11.48,11.70,11.58,11.58,11.48,11.58,11.58,11.70,11.58,11.48,11.58,11.48,11.48,11.58,11.48,11.70,11.70,11.70,11.92,11.80,11.58,11.70,11.70,11.70,11.80,11.70,11.80,11.70,11.48,12.06,11.80,11.70,11.80,11.80,11.92,11.80,11.80,11.70,12.06,11.92,12.06,11.80,11.80,11.80,11.80,11.92,11.92,11.80,12.06,11.92,11.80,11.92,12.06,11.92,11.80,12.06,11.80,11.92,12.06,12.06,11.80,11.80,12.28,11.80,12.06,12.28,12.14,12.14,12.06,12.14,12.06,12.14,12.06,12.14,11.92,12.38,12.06,12.38,12.28,12.38,12.28,12.38,12.38,12.28,12.06,12.14,12.06,12.38,12.38,12.28,12.06,12.06,12.28,12.06,12.38,12.06,11.92,12.06,12.06,12.14,12.50,12.38,12.38,12.59,12.14,12.38,12.38,12.50,12.28,12.28,12.38,12.06,12.38,12.14,12.28,12.28,12.28,12.28,12.06,12.38,12.28,12.06,12.28,12.06,12.38,11.92,12.06,12.28,11.80,11.92,11.92,12.06,12.06,12.06,11.80,11.92,11.92,12.28,11.80,11.80,12.14,12.14,12.06,11.92,12.06,12.14,11.80,11.80,11.80,11.92,12.06,11.70,11.80,11.92,12.06,12.06,11.80,11.80,12.06,12.06,11.80,11.80,11.80,11.70,12.14,12.06,11.70,11.70,11.80,11.80,11.80,11.80,11.36,11.70,11.58,11.80,11.48,11.36,11.80,11.58,11.70,11.70,11.70,11.70,11.48,11.70,11.70,11.58,11.70,11.36,11.58,11.58,11.58,11.70,11.92,11.80,11.36,11.58,11.70,11.48,11.80,11.36,11.80,11.58
11.48,11.48,11.58,11.58,11.36,11.70,11.48,11.58,11.58,11.58,11.58,11.58,11.58,11.58,11.27,11.70,11.36,11.70,11.48,11.70,11.58,11.58,11.36,11.36,11.58,11.48,11.58,11.36,11.70,11.36,11.36,11.36,11.36,11.48,11.36,11.36,11.36,11.80,11.80,11.36,11.70,11.58,11.80,11.80,11.80,11.92,11.80,11.58,11.58,11.36,11.48,11.48,11.70,11.58,11.70,11.48,11.58,11.70,11.48,11.70,11.70,11.70,11.70,11.80,11.70,11.80,11.80,11.80,11.70,11.70,12.06,11.80,11.80,11.92,11.80,11.80,12.06,11.80,12.06,11.70,12.06,11.80,12.06,12.06,11.92,12.06,11.80,12.06,11.92,11.80,12.06,11.80,11.92,12.06,12.06,12.06,12.06,12.38,11.92,12.38,12.06,12.06,12.06,12.14,12.06,12.06,11.80,12.14,11.80,12.06,12.06,12.06,11.80,12.14,12.38,12.06,12.14,12.14,12.14,12.28,12.14,12.38,12.14,12.38,12.06,12.14,12.38,12.06,12.38,12.38,12.14,12.14,12.59,12.38,12.06,12.38,12.14,12.38,12.14,12.28,12.14,12.38,12.38,12.28,12.38,12.28,12.50,12.28,12.38,12.38,12.06,12.38,12.38,12.38,12.28,12.28,12.28,12.50,12.06,12.50,12.38,12.50,12.38,12.38,12.38,12.50,12.50,12.38,12.38,11.92,12.38,12.14,12.06,12.06,12.28,11.92,12.50,12.06,12.14,12.14,11.92,12.28,11.92,12.14,12.28,12.38,12.06,12.14,12.06,12.28,12.06,12.28,12.06,12.06,12.28,12.38,12.06,12.06,11.92,12.38,11.92,11.92,11.92,12.06,12.14,11.80,12.38,12.06,12.06,12.06,11.70,12.06,11.80,12.28,12.06,12.06,12.06,12.06,12.06,11.80,11.92,11.80,12.06,12.06,12.06,11.80,11.92,11.92,11.80,11.92,11.80,11.70,11.58,11.92,11.80,11.80,11.80,11.80,12.06,11.48,11.80,11.70,11.80,11.58,11.36,11.80,11.58,11.58,11.92,11.58,11.92,11.70,11.70,11.80,11.36,11.48
11.92,11.58,11.80,11.92,11.70,11.80,11.80,11.58,11.70,11.70,11.70,11.70,11.58,11.36,11.48,11.70,11.36,11.80,11.48,11.36,11.36,11.70,11.36,11.58,11.36,11.70,11.36,11.36,11.36,11.48,11.36,11.58,11.36,11.36,11.48,11.48,11.48,11.48,11.58,11.48,11.58,11.48,11.70,11.36,11.80,11.48,11.80,11.58,11.58,11.58,11.58,11.48,11.36,11.58,11.48,11.36,11.48,11.48,11.58,11.80,11.58,11.48,11.70,11.48,11.70,11.58,11.58,11.92,11.70,11.70,11.80,11.80,11.36,11.80,11.80,11.80,11.92,12.06,11.48,11.70,11.48,11.80,11.70,11.70,11.80,12.06,11.70,466.03,12.06,11.80,11.92,11.80,12.06,12.06,11.92,11.92,11.92,11.92,12.06,12.06,11.80,11.70,12.06,11.80,12.28,11.80,11.80,12.06,11.80,12.06,11.92,11.80,12.06,12.06,11.92,11.80,12.14,11.92,12.28,12.28,12.28,12.06,12.06,12.38,12.06,12.06,12.38,11.92,12.06,12.38,11.80,12.14,12.28,12.28,12.28,12.38,12.14,12.06,12.28,12.28,12.06,12.38,12.06,12.38,12.14,12.14,12.28,12.28,12.50,12.06,12.06,12.38,12.28,12.28,12.06,12.38,12.38,12.14,12.50,12.38,12.06,12.38,12.38,12.06,12.38,12.38,12.50,12.38,12.06,12.14,12.14,11.80,12.14,12.28,12.38,12.14,12.06,12.14,12.06,12.06,12.06,12.06,11.80,12.14,11.80,12.06,11.92,12.06,11.92,11.80,12.28,11.80,12.06,12.28,11.92,11.92,12.06,11.80,12.14,11.80,12.06,11.70,12.06,11.92,11.80,12.06,11.92,12.28,12.06,12.06,12.06,11.92,11.70,11.80,12.06,11.80,12.06,11.58,11.92,11.80,11.80,12.06,11.58,11.80,11.80,11.70,11.80,11.70,11.92,11.80,11.70,11.80,11.80,11.80,11.58,11.70,11.58,11.80,11.58,11.70,11.80,11.70,11.80,11.80,11.80,11.36,11.70,11.58,11.70,11.58,11.70,11.80,11.36,11.58,11.70,11.48
11.58,11.58,11.58,11.70,11.70,11.58,11.36,11.80,11.70,11.70,11.36,11.58,11.36,11.48,11.48,11.58,11.70,11.48,11.36,11.48,11.58,11.70,11.58,11.58,11.58,11.36,11.58,11.70,11.36,11.48,11.48,11.27,11.58,11.58,11.36,11.48,11.36,11.70,11.48,11.48,11.48,11.27,11.27,11.58,11.58,11.70,11.58,11.58,11.70,11.58,11.48,11.70,11.70,11.58,11.48,11.48,11.58,11.58,11.58,11.48,11.70,11.36,11.48,11.36,11.80,11.58,11.80,11.58,11.92,11.80,11.80,11.80,11.70,11.80,11.70,11.58,11.80,11.70,11.70,11.80,11.92,11.80,11.80,11.80,11.92,11.80,12.06,12.06,12.06,11.80,11.70,11.80,11.92,11.80,12.06,12.06,11.80,12.06,12.14,11.70,11.80,11.92,11.80,12.06,12.06,11.92,11.92,11.92,12.14,12.06,12.14,11.80,12.06,12.06,11.92,12.06,11.92,11.80,12.14,12.06,12.14,11.80,12.06,12.06,12.06,12.38,12.28,12.38,12.38,11.70,12.50,12.38,12.06,12.28,12.28,12.28,12.38,12.14,12.28,11.80,12.14,12.38,12.14,12.50,12.38,11.80,11.92,12.38,12.38,12.28,12.06,12.06,12.50,12.28,12.38,12.50,12.06,12.38,12.06,12.50,12.14,12.38,12.14,12.28,12.38,12.38,12.28,12.72,12.38,12.14,12.06,12.28,12.38,12.38,12.38,12.38,12.06,12.14,12.28,12.38,12.28,12.28,12.06,12.06,12.06,12.14,12.06,12.06,12.06,12.06,12.06,12.06,12.06,11.92,11.80,11.92,11.80,12.38,11.80,12.14,12.06,12.06,12.06,11.92,12.06,12.06,11.92,12.28,11.80,12.06,12.06,11.80,11.80,11.92,12.06,11.70,11.80,12.06,12.06,11.80,12.06,11.70,11.80,11.80,12.14,11.92,11.80,11.92,11.92,11.70,11.80,12.06,11.58,11.58,11.70,11.70,11.70,11.80,11.36,11.70,11.80,11.58,11.92,11.36,11.58,11.70,11.58,11.70,11.80,11.58,11.70,11.58,11.58,11.48,11.70,11.58
11.36,11.70,11.36,11.70,11.80,11.36,11.80,11.58,11.58,11.58,11.48,11.58,11.58,11.27,11.58,11.58,11.36,11.36,11.48,11.36,11.80,11.80,11.48,11.48,11.36,11.27,11.58,11.36,11.48,11.58,11.48,11.36,11.36,11.27,11.36,11.12,11.36,11.48,11.70,11.36,11.48,11.48,11.58,11.48,11.58,11.70,11.58,11.48,11.58,11.92,11.70,11.70,11.48,11.36,11.58,11.36,11.70,11.36,11.36,11.70,11.70,11.48,11.70,11.80,11.70,11.58,11.80,11.70,11.58,11.70,11.80,11.48,11.80,11.58,11.80,11.70,11.58,11.70,11.70,11.80,11.80,11.80,11.80,11.70,11.92,11.80,11.92,12.06,11.80,11.70,11.92,11.80,11.70,11.80,12.06,11.80,11.80,11.80,11.80,11.80,11.80,12.06,11.70,11.92,11.80,11.80,11.80,11.80,12.06,12.06,12.06,11.80,11.92,11.80,12.14,12.06,12.14,12.06,12.14,11.70,12.06,12.28,12.06,11.80,11.80,12.06,12.14,12.28,12.06,12.06,12.06,12.28,12.38,12.14,12.38,12.14,12.14,12.06,12.14,12.06,12.28,12.06,12.28,12.28,12.28,12.28,12.06,12.06,12.14,12.06,12.59,12.14,12.06,12.14,12.38,12.28,12.06,12.38,12.38,12.38,12.38,12.14,12.14,12.38,12.38,12.28,12.28,12.28,11.92,12.06,12.14,12.38,12.06,12.38,12.06,12.06,12.06,12.38,12.06,12.06,12.06,12.06,11.92,11.92,12.06,12.06,12.14,12.06,12.06,11.80,11.80,12.06,12.06,12.06,12.06,12.06,12.06,12.06,12.06,11.80,12.06,11.92,12.06,11.80,11.92,11.80,11.80,12.28,11.80,11.80,12.28,12.06,11.80,11.80,11.92,11.92,12.06,11.92,11.92,11.80,11.80,12.06,11.70,11.80,11.80,11.70,11.80,11.80,11.80,11.80,11.80,11.48,11.70,11.70,11.70,11.80,11.58,11.80,11.48,11.70,11.70,11.70,11.70,11.58,11.70,11.80,11.70,11.58,11.92,11.36,11.70,11.36,11.36,11.70,11.80,11.36
11.80,11.70,11.48,11.36,11.48,11.70,11.48,11.70,11.70,11.48,11.80,11.58,11.70,11.58,11.70,11.36,11.58,11.36,11.58,11.36,11.48,11.36,11.70,11.36,11.48,11.36,11.48,11.58,11.27,11.70,11.36,11.80,11.48,11.48,11.36,11.36,11.48,11.36,11.58,11.48,11.36,11.36,11.48,11.36,11.36,11.70,11.48,11.48,11.48,11.80,11.80,11.58,11.70,11.58,11.70,11.36,11.36,11.58,11.58,11.48,11.48,11.36,11.58,11.36,11.58,11.36,11.80,11.48,11.80,11.80,11.80,11.80,11.80,11.70,11.80,11.70,11.58,11.80,11.70,12.06,11.70,11.70,12.06,11.58,11.70,11.92,11.80,11.70,11.80,11.92,11.70,11.80,11.92,11.92,11.80,12.06,12.06,11.80,12.14,11.80,12.06,12.06,12.06,11.80,12.06,12.06,11.80,11.80,12.14,12.14,12.14,12.14,12.06,11.92,11.80,12.06,12.38,11.92,11.70,12.14,12.28,11.92,11.80,11.92,12.06,12.06,12.06,12.06,12.06,12.06,12.06,12.14,12.14,12.28,12.28,11.80,12.28,12.28,12.38,12.38,12.28,12.14,12.06,12.06,12.14,12.06,11.92,12.38,12.06,12.06,12.14,12.14,12.14,12.38,12.38,12.38,12.38,12.38,12.14,12.38,12.28,12.14,12.14,12.50,12.06,12.50,12.38,12.38,12.06,12.28,12.28,12.06,12.28,12.28,12.14,12.38,12.06,12.28,12.38,12.28,12.14,12.06,12.06,12.06,12.14,11.92,11.80,11.70,12.06,11.92,12.28,12.06,11.92,11.80,12.14,12.06,12.06,12.06,12.06,12.06,11.92,12.06,11.80,11.92,11.80,11.80,11.80,11.80,11.92,11.80,12.06,11.80,11.92,12.06,12.14,12.06,11.70,11.80,12.06,11.92,11.80,12.14,11.92,11.80,11.80,11.58,11.70,11.92,11.58,11.80,11.70,11.80,11.70,11.70,11.92,11.80,11.92,11.80,11.70,11.70,11.70,12.06,12.06,11.70,11.80,11.48,11.70,11.70,11.58,11.70,11.80,11.70,11.36,11.36,11.80,11.58
11.70,11.80,11.48,11.80,11.80,11.48,11.70,11.48,11.70,11.58,11.27,11.80,11.58,11.48,11.58,11.48,11.70,11.36,11.80,11.27,11.36,11.36,11.58,11.58,11.48,11.70,11.58,11.36,11.36,11.80,11.48,11.70,11.36,11.48,11.36,11.58,11.36,11.36,11.27,11.27,11.36,11.48,11.36,11.48,11.48,11.36,11.36,11.70,11.48,11.58,11.58,11.80,11.92,11.70,11.58,11.58,11.48,11.58,11.70,11.58,11.36,11.36,11.58,11.70,11.58,11.80,11.58,11.80,11.70,11.58,11.58,11.80,11.70,11.58,11.80,12.06,11.92,12.06,11.58,12.06,11.58,11.70,11.70,11.80,11.80,12.06,11.80,11.92,11.80,11.58,11.70,11.80,11.92,11.80,11.92,11.80,11.80,11.92,11.80,11.80,11.70,11.92,12.06,12.06,11.80,11.80,12.06,12.06,12.28,12.28,11.92,12.06,11.92,12.06,12.14,11.80,12.14,12.06,12.06,11.92,11.80,12.06,12.06,12.06,12.28,12.38,11.92,11.80,12.28,12.28,12.06,12.38,12.06,12.14,12.06,12.06,12.28,12.06,12.06,12.28,12.38,12.38,12.06,12.38,12.50,12.50,12.14,12.50,12.50,12.38,12.38,12.14,12.14,12.06,12.28,12.38,12.38,12.50,12.06,12.38,12.38,12.06,12.06,12.38,12.28,12.38,12.38,12.38,12.50,12.38,12.28,12.06,12.38,12.28,12.38,12.28,12.06,12.28,12.38,12.06,12.38,12.06,12.06,12.06,11.80,12.14,12.28,12.14,12.06,12.14,12.14,12.06,12.28,12.28,12.06,12.28,11.92,12.06,12.06,11.92,12.06,12.38,12.06,12.14,12.06,11.80,11.80,11.92,11.80,11.92,11.92,11.92,11.80,12.06,11.80,11.80,11.92,12.06,12.06,11.80,11.80,11.92,11.80,12.06,11.92,12.06,11.80,11.80,11.70,11.80,11.70,11.70,11.70,11.58,11.80,11.70,11.70,11.80,11.80,11.58,11.70,11.58,11.80,11.58,11.70,11.58,11.80,11.92,11.70,11.80,11.80,11.70,11.36,11.70,11.58,11.58
11.80,11.80,11.36,11.58,11.70,11.80,11.58,11.70,11.58,11.70,11.48,11.80,11.70,11.58,11.48,11.36,11.58,11.27,11.48,11.48,11.58,11.58,11.36,11.48,11.36,11.58,11.58,11.58,11.27,11.36,11.48,11.48,11.70,11.48,11.36,11.36,11.36,11.27,11.12,11.27,11.58,11.58,11.36,11.12,11.12,11.58,11.27,11.48,11.36,11.58,11.36,11.58,11.80,11.58,11.70,11.36,11.58,11.48,11.70,11.58,11.48,11.36,11.36,11.58,11.58,11.70,11.58,11.48,11.58,11.70,11.70,11.80,11.80,11.70,11.70,11.92,11.58,11.70,11.80,11.80,11.58,11.58,11.80,11.70,11.58,11.70,11.92,12.06,11.70,12.06,12.06,11.58,11.80,11.80,12.06,11.92,11.80,11.80,11.92,11.58,11.80,12.06,12.06,11.92,11.80,11.92,12.06,11.70,12.06,11.58,11.80,12.06,12.06,12.06,12.06,12.06,12.06,12.06,12.06,11.92,12.38,12.06,12.14,11.70,11.92,12.06,11.80,12.38,11.80,12.06,12.06,12.06,11.92,12.06,12.14,11.92,12.06,12.14,12.38,12.06,12.06,12.28,12.06,12.50,12.14,12.28,12.06,12.38,12.28,12.38,12.38,12.14,11.80,12.28,12.14,12.14,12.38,12.28,12.06,12.14,12.28,12.28,12.38,12.50,12.14,12.38,12.28,12.50,12.06,12.14,12.28,11.92,12.28,11.92,12.14,12.38,12.06,12.06,12.38,12.06,12.06,11.80,12.06,11.80,11.80,12.06,12.14,11.92,11.92,12.06,12.06,12.06,12.06,12.06,11.58,11.70,12.06,12.14,11.80,11.80,12.38,11.70,11.70,11.70,11.92,11.80,11.70,12.14,12.14,11.80,12.06,11.70,11.80,11.92,11.80,11.70,11.58,11.92,12.06,11.80,11.80,11.80,11.80,11.92,11.92,11.58,11.70,11.36,11.80,11.80,11.58,11.80,11.58,11.58,11.80,11.70,11.70,11.58,11.70,11.70,11.58,11.48,11.80,11.80,11.48,11.58,11.80,11.58,11.48,11.58,11.70,11.58,11.58,11.58,11.70,11.58
11.58,11.70,11.48,11.36,11.36,11.58,11.58,11.58,11.70,11.48,11.70,11.58,11.70,11.58,11.80,11.58,11.70,11.58,11.80,11.70,11.58,11.58,11.36,11.36,11.48,11.36,11.58,11.58,11.36,11.58,11.36,11.70,11.36,11.36,11.36,11.58,11.48,11.70,11.58,11.48,11.27,11.58,11.36,11.27,11.27,11.48,11.36,11.70,11.58,11.80,11.58,11.36,11.70,11.80,11.58,11.80,11.58,11.48,11.48,11.58,11.48,11.70,11.48,11.80,11.80,11.58,11.58,11.70,11.80,11.58,11.80,11.70,11.80,11.70,11.70,11.80,11.70,11.80,11.80,11.80,11.80,11.70,11.58,11.70,11.92,12.06,11.92,11.80,11.80,11.80,11.92,11.80,11.70,11.70,11.80,11.80,11.80,11.80,11.80,12.06,12.06,11.80,11.80,11.80,12.06,11.80,12.14,11.80,12.06,12.06,11.80,11.80,12.06,12.06,12.14,12.06,12.28,12.38,12.06,12.14,12.06,12.14,12.06,12.06,12.06,12.06,12.28,12.14,12.06,11.92,12.06,12.38,12.06,12.28,12.14,11.80,12.06,12.38,12.38,11.80,12.28,12.28,11.70,12.06,12.14,12.28,12.38,12.14,12.06,12.06,12.14,12.38,12.28,12.38,12.28,12.28,11.80,11.92,12.38,12.14,12.38,12.14,12.06,12.06,12.14,12.38,12.50,12.38,12.38,12.06,12.28,12.06,12.06,12.06,12.38,12.14,12.06,12.06,12.28,12.06,12.38,12.14,12.06,12.06,12.06,11.92,11.80,12.06,12.06,12.06,12.06,12.06,12.14,11.92,12.06,12.06,12.06,11.80,12.14,11.92,12.06,12.06,11.92,12.06,12.14,11.80,12.06,12.06,11.92,11.58,11.70,11.80,12.06,11.80,11.80,11.80,11.92,11.92,11.80,11.70,11.80,12.06,12.06,11.70,11.80,11.58,11.92,11.70,11.80,11.70,11.48,11.80,11.58,11.80,11.70,11.58,11.36,11.80,11.58,11.70,11.80,11.58,11.80,11.48,11.80,11.70,11.70,11.80,11.58,11.36,11.80,11.48,11.58,11.80,11.80,11.58
11.70,11.70,11.36,11.70,11.80,11.70,11.58,11.80,11.58,11.70,11.58,11.58,11.58,11.36,11.48,11.58,11.58,11.58,11.58,11.36,11.48,11.58,11.48,11.36,11.36,11.36,11.36,11.36,11.12,11.48,11.36,11.58,11.48,11.27,11.27,11.58,11.36,11.36,11.36,11.36,11.48,11.36,11.12,11.27,11.27,11.36,11.36,11.36,11.36,11.58,11.48,11.48,11.70,11.36,11.70,11.58,11.58,11.58,11.70,11.70,11.36,11.48,11.48,11.58,11.80,11.70,11.70,11.92,11.58,11.80,11.80,11.70,11.92,12.06,11.92,11.58,11.70,11.92,11.70,11.70,11.70,11.80,11.92,11.80,11.80,11.80,11.92,11.92,11.92,11.92,12.06,11.70,11.80,11.80,12.14,11.92,12.28,12.14,12.06,12.06,11.92,12.14,12.06,11.80,12.28,11.80,11.92,12.06,11.80,12.06,12.06,12.06,12.14,11.80,11.80,12.06,12.38,12.14,12.14,12.06,12.14,11.92,12.06,12.06,12.06,12.38,12.14,12.06,11.80,12.14,12.06,12.38,12.14,12.28,11.92,12.14,12.06,12.28,12.28,12.06,12.28,12.50,12.38,12.06,12.59,12.06,12.14,12.14,12.38,12.14,12.14,12.28,12.38,11.92,12.06,12.28,12.38,12.28,12.38,12.06,12.14,12.06,12.14,12.28,12.28,12.06,12.28,12.14,12.38,12.14,12.28,12.06,12.28,12.14,11.92,12.06,12.06,11.80,12.38,12.14,12.28,12.14,11.92,12.06,12.06,11.92,12.06,11.80,11.80,11.92,12.06,12.38,11.80,12.06,11.80,12.06,12.06,12.06,11.80,11.92,12.28,12.06,12.06,12.06,11.80,12.06,12.14,12.06,12.06,11.80,12.06,11.58,11.92,11.80,11.58,11.70,11.80,12.06,11.92,11.80,11.80,11.92,11.70,11.58,11.70,12.06,11.58,11.70,11.80,12.06,11.58,11.80,11.80,11.70,11.70,11.58,11.58,11.58,11.70,11.48,11.80,11.70,11.80,11.80,11.36,11.48,11.70,11.80,11.80,11.58,11.58,11.58,11.70,11.58,11.80,11.48
11.80,11.58,11.70,11.58,11.70,11.58,11.70,11.58,11.48,11.58,11.36,11.48,11.36,11.58,11.36,11.36,11.48,11.48,11.36,11.27,11.48,11.48,11.36,11.36,11.36,11.36,11.70,11.48,11.36,11.27,11.27,11.27,11.36,11.36,11.36,11.36,11.36,11.36,11.36,11.36,11.70,11.58,11.27,11.36,11.48,11.36,11.36,11.58,11.36,11.36,11.58,11.58,11.27,11.36,11.58,11.92,11.70,11.58,11.58,11.58,11.58,11.27,11.36,11.70,11.70,11.48,11.48,11.58,11.80,11.80,11.58,11.80,11.92,11.80,11.70,11.80,11.58,11.80,11.58,11.80,11.92,11.80,11.80,11.36,11.92,11.80,11.80,11.80,11.92,12.06,12.06,11.92,11.92,12.06,11.70,11.92,11.92,12.06,12.06,11.80,11.80,12.06,11.80,11.80,12.06,12.06,12.06,11.92,12.06,11.80,11.92,11.92,11.92,11.92,11.80,12.06,12.06,12.06,11.92,12.06,12.06,12.06,11.80,12.06,11.80,12.28,12.28,12.14,12.28,12.14,12.06,11.92,12.14,11.92,12.38,12.06,12.38,12.14,12.14,12.06,12.14,12.28,12.50,12.38,12.14,12.14,12.14,12.14,12.06,12.28,12.06,12.28,12.28,12.28,12.14,12.06,12.14,12.38,12.38,12.28,12.06,12.06,12.14,11.92,12.28,12.38,12.14,12.28,12.14,12.06,11.80,12.06,11.80,12.14,12.28,12.14,12.06,12.38,12.06,12.06,12.28,12.06,12.38,12.14,12.06,11.92,11.92,12.06,12.06,11.92,11.70,11.70,12.06,11.92,12.06,12.06,11.80,11.92,12.06,11.92,12.06,11.80,11.70,11.92,11.80,12.14,12.14,12.06,12.06,12.06,12.06,12.06,11.80,11.92,11.80,11.70,11.80,11.80,11.92,11.58,11.80,12.06,11.70,11.92,11.80,11.58,11.80,11.80,11.70,11.80,11.48,11.58,11.58,11.48,11.70,11.58,11.48,11.80,11.48,11.36,11.58,11.70,11.58,11.92,11.36,11.70,11.48,11.70,11.58,11.70,11.58,11.80,11.36,11.70,11.48,11.58
11.58,11.70,11.70,11.70,11.70,11.58,11.58,11.70,11.70,11.80,11.80,11.70,11.58,11.48,11.48,11.48,11.48,11.36,11.58,11.70,11.70,11.58,11.48,11.36,11.36,11.12,11.36,11.58,11.48,11.36,11.27,11.70,11.58,11.36,11.36,11.36,11.48,11.36,11.36,11.36,11.36,11.36,11.12,11.36,11.58,11.36,11.36,11.48,11.36,11.36,11.58,11.58,11.36,11.36,11.58,11.58,11.80,11.36,11.80,11.70,11.80,11.58,11.48,11.36,11.36,11.80,11.58,11.70,11.80,11.70,11.80,11.80,11.70,11.80,11.80,11.70,11.58,11.80,11.58,11.80,11.70,11.80,11.92,11.80,11.58,11.80,11.70,11.80,11.92,11.80,11.92,11.80,11.92,11.80,11.80,12.06,12.06,12.06,11.70,11.92,12.06,11.80,12.06,11.80,12.06,12.06,11.92,12.06,11.80,11.92,12.06,11.92,12.06,11.80,12.06,12.06,12.06,12.06,11.92,11.70,12.06,12.06,12.38,12.14,11.92,12.06,12.28,12.06,11.92,12.06,11.70,11.92,11.80,12.06,11.92,12.06,12.06,12.28,12.06,11.92,12.50,12.14,12.38,12.06,12.06,11.92,12.06,12.06,11.92,12.14,12.14,12.28,12.38,12.14,12.28,12.38,12.14,12.14,12.28,12.06,12.06,12.06,12.14,12.50,12.06,12.28,12.28,12.14,12.06,12.28,12.28,11.80,12.06,12.14,12.14,12.14,12.06,12.06,11.80,12.06,12.06,12.06,12.14,11.92,12.06,12.06,11.92,11.70,12.28,12.06,11.92,11.80,12.06,11.80,12.06,11.92,11.92,12.14,11.58,11.70,12.28,12.06,12.06,12.06,12.06,11.92,12.06,12.06,12.06,11.70,11.80,11.80,12.06,11.92,11.92,11.70,11.70,11.70,11.80,12.06,11.80,12.06,11.70,11.80,11.80,11.70,11.80,11.48,11.80,11.58,11.58,11.80,11.80,11.36,11.58,11.70,11.58,11.70,11.58,11.80,11.36,11.58,11.58,11.80,11.58,11.58,11.58,11.48,11.36,11.58,11.58,11.80,11.36,11.36,11.70,11.80
11.36,11.58,11.48,11.70,11.58,11.70,11.70,11.58,11.70,11.80,11.70,11.58,11.70,11.36,11.48,11.48,11.48,11.48,11.58,11.36,11.27,11.58,11.36,11.36,11.27,11.36,11.36,11.48,11.12,11.58,11.36,11.36,11.36,11.36,11.05,11.58,11.36,11.36,11.12,11.58,11.27,11.12,11.36,11.05,11.27,11.36,11.27,11.27,11.48,11.36,11.48,11.48,11.36,466.03,11.48,11.27,11.58,11.70,11.36,11.70,11.58,11.36,11.36,11.58,11.36,11.58,11.58,11.36,11.48,11.80,11.80,11.36,11.58,11.36,11.70,11.58,11.48,11.58,11.70,11.70,11.58,11.70,11.48,11.80,11.80,11.80,11.80,11.80,11.58,11.80,11.80,11.70,11.70,11.92,11.80,12.28,11.80,11.70,11.80,11.80,12.06,11.92,12.06,11.92,11.80,11.80,11.80,11.80,11.80,12.28,11.70,11.80,12.06,11.92,11.92,11.80,11.80,12.06,11.92,11.80,12.06,11.80,11.92,12.14,12.06,11.80,11.80,12.06,12.06,12.06,12.28,12.06,11.80,11.92,12.38,12.06,11.92,12.06,11.92,12.28,12.06,12.06,12.06,12.06,12.06,12.14,12.28,12.06,11.92,12.28,11.92,12.06,12.06,12.14,12.06,12.14,12.14,12.06,12.06,12.14,12.06,12.06,12.28,12.28,12.38,11.92,12.06,12.28,12.14,12.28,12.06,11.92,12.14,11.80,11.92,12.38,11.70,11.80,12.38,12.38,12.14,12.06,12.06,11.92,11.92,11.92,12.06,11.80,11.92,11.92,12.06,11.80,11.80,11.92,11.80,12.06,12.28,11.92,11.58,11.80,11.80,12.06,12.06,11.80,11.80,11.80,12.06,11.80,12.06,11.80,11.80,11.80,11.70,11.80,11.80,11.80,11.58,11.70,11.80,11.80,11.80,11.92,12.06,11.70,11.70,11.58,11.70,11.70,11.80,11.58,11.58,11.70,11.36,11.48,11.36,11.70,11.58,11.70,11.70,11.36,11.36,11.58,11.48,11.70,11.70,11.48,11.58,11.58,11.70,11.70,11.80,11.58,11.70,11.70,11.48,11.48
11.58,11.70,11.70,11.48,11.58,11.36,11.58,11.80,11.36,11.70,11.58,11.58,11.48,11.48,11.48,11.70,11.70,11.58,11.48,11.36,11.58,11.58,11.70,11.27,11.36,11.58,11.36,11.27,11.27,11.58,11.48,11.36,11.58,11.36,11.36,11.12,11.58,11.36,11.48,11.36,11.27,11.36,11.36,11.27,11.36,11.58,11.70,11.27,11.27,11.36,11.36,11.36,11.27,11.48,11.58,11.80,11.70,11.48,11.48,11.58,11.70,11.58,11.70,11.58,11.58,11.58,11.70,11.58,11.58,11.70,11.70,11.48,11.48,11.80,11.70,11.48,11.80,11.70,11.48,11.70,11.80,11.58,11.70,11.48,11.70,11.80,12.06,11.80,11.92,11.92,12.06,11.92,12.06,11.80,11.70,11.80,11.92,11.92,11.92,11.92,11.92,12.14,12.06,11.92,11.70,12.06,11.80,11.80,11.80,12.28,11.80,11.80,11.92,11.92,11.80,12.06,11.70,11.70,12.06,11.80,11.80,11.92,11.92,12.28,12.06,11.92,12.06,12.06,11.80,12.06,12.50,12.14,12.06,12.06,12.14,12.06,12.38,12.14,12.06,12.28,11.92,12.06,11.92,12.28,12.28,12.06,12.06,12.38,12.28,11.92,12.06,12.06,12.06,12.06,12.50,12.28,11.92,12.06,12.38,12.06,12.14,12.38,12.06,12.14,11.92,12.28,12.28,12.14,12.38,11.92,12.28,12.38,12.06,12.06,12.38,12.38,12.14,12.06,12.28,12.06,12.14,12.06,12.14,11.80,11.92,12.28,12.06,11.92,12.14,12.06,11.92,11.80,11.80,11.92,11.92,12.14,12.06,11.80,12.06,11.92,12.06,11.80,12.06,12.06,11.58,12.06,11.80,11.80,11.92,12.06,11.80,11.80,11.80,11.92,11.92,11.80,12.06,11.92,11.80,11.80,11.92,11.80,12.06,12.06,11.80,11.92,11.80,11.80,11.70,11.92,11.58,11.58,11.58,11.80,11.80,11.48,11.70,11.58,11.70,11.70,11.70,11.58,11.48,11.58,11.70,11.58,11.58,11.80,11.58,11.36,11.80,11.48,11.58,11.27,11.36,11.58
11.58,11.80,11.58,11.58,11.70,11.36,11.80,11.70,11.58,11.36,11.58,11.58,11.70,11.36,11.58,12.06,11.70,11.36,11.58,11.70,11.36,11.58,11.58,11.48,11.70,11.36,11.58,11.58,11.36,11.36,11.58,11.36,11.36,11.36,11.36,11.36,11.27,11.36,11.36,11.48,11.36,11.27,11.27,11.36,11.36,11.48,11.36,11.27,11.58,11.48,11.27,11.48,11.36,11.36,11.80,11.58,11.48,11.36,11.80,11.48,11.48,11.58,11.80,12.06,11.80,11.48,11.70,11.70,11.70,11.58,11.58,11.70,11.58,11.80,11.70,11.70,11.80,11.80,11.80,11.80,11.70,11.80,11.92,11.92,11.92,11.80,11.70,11.70,11.58,11.70,11.80,11.92,11.80,11.80,12.06,11.70,11.80,11.92,11.80,11.92,11.80,12.06,11.58,11.92,11.80,11.92,11.80,11.92,11.80,11.92,12.06,12.06,12.06,12.14,11.92,12.06,12.06,12.06,12.14,12.28,12.14,12.06,12.06,12.14,12.14,12.06,12.06,12.38,12.06,11.80,11.92,12.06,12.38,12.06,12.14,12.06,12.14,12.06,12.14,12.06,12.06,12.14,11.92,12.38,12.28,12.28,12.06,11.92,12.14,12.38,12.28,12.06,12.28,12.14,12.28,12.14,12.28,12.28,12.06,12.06,12.14,12.14,12.38,12.06,12.14,12.38,12.28,12.06,12.28,12.06,12.06,12.38,12.28,12.38,12.06,12.06,12.28,12.28,12.38,11.92,11.92,12.06,12.06,12.14,12.06,11.80,12.06,11.80,12.14,12.06,11.92,12.06,12.28,12.06,11.80,11.92,12.06,11.70,12.06,12.14,11.80,12.14,12.06,11.92,11.80,11.70,12.06,11.70,12.06,11.92,11.92,12.06,11.80,11.80,11.70,11.92,12.06,11.80,11.80,11.80,11.80,11.58,11.92,11.92,11.70,11.80,11.70,11.70,11.70,11.58,11.80,11.48,11.80,11.70,11.70,11.70,11.80,11.70,11.58,11.70,11.58,11.80,11.70,11.70,11.58,11.70,11.36,11.36,11.48,11.58,11.48,11.70,11.70,11.70,11.48,11.70
11.58,11.48,11.70,11.70,11.48,11.58,11.48,11.36,11.70,11.48,11.36,11.58,11.58,11.58,11.80,11.48,11.58,11.58,11.58,11.36,11.27,11.36,11.48,11.48,11.58,11.27,11.36,11.36,11.36,11.36,11.36,11.48,11.36,11.58,11.48,11.36,11.36,11.36,11.27,11.27,11.58,11.36,11.36,11.36,11.48,11.48,11.12,11.58,11.36,11.27,11.48,11.36,11.36,11.36,11.58,11.36,11.58,11.36,11.80,11.80,11.36,11.80,11.48,12.06,11.70,11.80,11.80,11.58,11.80,11.58,11.70,11.58,11.70,11.58,11.48,11.48,11.70,11.80,11.80,11.92,11.70,11.80,11.80,11.80,11.80,11.80,11.92,11.92,11.80,11.92,11.92,12.06,11.92,12.14,11.70,11.92,12.06,11.80,11.80,11.92,12.06,12.06,12.14,12.28,12.06,12.28,11.80,11.80,12.06,11.80,12.06,12.06,12.06,11.92,12.06,12.14,12.06,12.28,12.28,12.06,12.06,11.80,12.28,12.06,11.80,11.80,12.06,12.14,11.92,11.92,12.38,11.92,12.50,12.06,12.14,12.14,12.14,12.06,12.38,12.28,12.06,12.06,12.28,12.06,12.38,12.14,12.28,12.06,12.38,12.38,12.38,12.14,12.06,12.06,12.38,12.14,12.06,12.28,12.38,12.14,12.06,12.38,12.06,12.28,12.06,12.06,11.92,12.06,12.14,11.92,12.14,12.28,12.06,12.06,12.28,12.38,12.06,12.06,12.28,11.80,11.80,12.14,12.06,12.38,12.06,11.80,12.06,11.80,12.06,12.06,12.06,12.28,11.92,12.06,11.80,12.14,12.06,11.92,11.92,11.92,11.80,11.92,12.06,11.80,11.80,12.06,11.92,11.92,11.92,12.28,12.14,11.70,11.80,11.92,11.80,11.92,11.80,11.80,11.80,12.06,11.70,11.70,12.06,11.80,11.80,11.70,11.58,11.70,11.70,11.80,11.80,11.48,11.58,11.80,11.58,11.80,11.80,11.58,11.58,11.70,11.70,11.80,11.70,11.70,11.36,11.70,11.58,11.80,11.36,11.58,11.58,11.58,11.70,11.70,11.70,11.48
11.80,11.80,11.58,11.58,11.58,11.58,11.80,11.58,11.80,11.70,11.58,11.58,11.70,11.58,11.58,11.58,11.92,11.48,11.70,11.48,11.48,11.36,11.36,11.36,11.48,11.36,11.36,11.27,11.58,11.58,11.36,11.36,11.36,11.05,11.27,11.36,11.36,11.36,11.27,11.27,11.36,11.36,11.12,11.36,11.36,11.36,11.36,11.48,11.36,11.36,11.36,11.36,11.12,11.27,11.36,11.48,11.58,11.36,11.58,11.70,11.58,11.70,11.48,11.48,11.70,11.80,11.80,11.80,11.70,11.80,11.58,11.48,11.70,11.80,11.70,11.70,11.70,11.58,11.80,11.80,11.80,11.58,11.80,11.70,11.80,11.80,11.58,11.80,11.80,11.70,11.80,11.92,11.70,11.58,11.80,11.80,11.80,11.70,11.80,11.70,12.06,11.70,11.80,11.80,12.06,11.80,11.80,11.92,11.92,11.70,11.92,11.80,12.14,12.06,12.14,12.14,12.06,11.92,11.92,11.92,12.38,12.14,12.14,12.06,11.92,12.06,12.06,12.06,11.80,11.80,12.06,12.06,12.14,12.06,12.06,11.80,12.28,12.06,12.06,12.06,11.92,11.80,12.28,12.06,11.80,11.92,11.80,12.14,11.92,12.14,12.06,11.92,12.06,12.28,12.06,12.06,12.06,12.14,12.14,12.06,12.28,12.28,12.14,12.14,12.28,12.14,12.06,12.06,12.28,12.14,12.14,12.14,12.06,12.06,12.06,12.06,12.06,12.14,12.28,11.80,12.06,12.14,12.06,12.06,12.06,11.80,12.28,12.06,11.92,11.80,12.06,11.92,11.70,11.70,11.70,11.80,12.06,11.92,11.80,11.80,11.80,12.06,12.06,12.06,12.06,11.92,11.80,11.92,11.80,11.92,11.58,11.80,11.80,11.92,12.06,12.06,11.92,11.80,11.80,11.70,11.70,11.80,11.80,11.70,11.92,12.06,11.70,11.48,11.80,11.80,11.70,11.80,11.70,11.80,11.70,11.36,11.70,11.58,11.58,11.58,11.70,11.70,11.58,11.36,11.58,11.58,11.70,11.36,11.80,11.58,11.58,11.48,11.58,11.80,11.58,11.48
11.58,11.70,11.36,11.58,11.70,11.36,11.58,11.70,11.36,11.80,11.70,11.70,11.48,11.80,11.70,11.58,11.48,11.58,11.48,11.36,11.80,11.36,11.58,11.36,11.36,11.36,11.36,11.36,11.36,11.48,11.36,11.36,11.58,11.36,11.48,11.36,11.12,11.27,11.36,11.36,11.48,11.36,11.48,11.36,11.27,11.58,11.27,11.27,11.36,11.36,11.70,11.12,11.48,11.36,11.36,11.36,11.58,11.58,11.58,11.48,11.36,11.27,11.70,11.58,11.70,11.80,11.80,11.36,11.70,11.58,11.58,11.70,11.70,11.48,11.58,11.48,11.58,11.70,11.80,11.58,11.80,11.58,11.80,11.80,11.58,11.58,11.70,11.70,11.80,11.70,11.80,11.80,11.92,11.80,11.80,11.92,11.80,11.80,11.80,11.80,11.80,11.80,12.14,11.80,11.92,11.92,11.70,11.80,11.80,11.92,12.06,11.80,11.80,12.06,11.58,12.06,12.28,11.92,12.06,11.92,11.92,12.06,12.06,12.06,12.38,11.92,12.14,12.06,11.92,12.06,12.06,12.14,12.06,12.06,12.06,11.92,12.14,12.06,12.14,12.06,12.06,12.14,12.14,12.14,12.14,12.28,12.06,12.14,12.06,12.06,12.28,12.06,12.14,12.06,12.28,12.06,12.14,12.06,12.38,12.28,12.06,12.38,12.06,11.92,12.14,12.38,11.92,12.14,12.38,12.06,12.06,12.14,12.06,12.06,12.28,12.14,11.92,11.92,12.14,12.06,12.14,12.06,11.92,11.80,11.80,12.06,12.06,11.80,12.06,12.06,11.92,12.06,11.92,11.80,12.06,12.14,11.80,11.92,12.06,11.80,12.06,11.80,11.92,11.80,11.92,11.80,12.06,11.80,11.92,12.14,12.06,11.70,11.80,11.70,11.80,12.06,11.92,11.80,11.70,11.70,11.80,11.36,11.80,11.80,11.70,11.92,11.48,11.92,11.58,11.70,11.58,11.58,11.58,11.80,11.70,11.58,11.70,11.58,11.70,11.80,11.58,11.70,11.48,11.80,11.80,11.36,11.70,11.58,11.70,11.58,11.48,11.48,11.70,11.36,11.92,11.80
11.48,11.48,11.70,11.36,11.58,11.48,11.48,11.70,11.58,11.48,11.70,11.58,11.80,11.48,11.36,11.58,11.70,11.70,11.48,11.36,11.36,11.36,11.70,11.36,11.36,11.48,11.36,11.36,11.70,11.36,11.36,11.36,11.05,10.91,11.12,11.36,11.36,11.36,11.36,11.27,11.58,11.12,11.48,11.58,11.36,11.36,11.36,11.27,11.36,11.27,11.27,11.36,11.27,11.12,11.36,11.27,11.27,11.48,11.36,11.48,11.36,11.36,11.48,11.70,11.48,11.58,11.70,11.58,11.36,11.36,11.27,11.48,11.48,11.70,11.48,11.58,11.48,11.58,11.70,11.80,11.36,11.58,11.70,11.70,11.80,11.80,11.70,11.80,11.70,11.70,11.70,11.70,11.70,11.80,11.80,11.70,11.70,11.70,11.80,12.06,11.80,11.92,11.92,11.92,11.80,12.06,12.06,12.06,12.06,11.70,12.06,11.80,11.80,12.38,11.70,12.06,11.70,12.06,11.92,12.14,12.14,11.80,12.06,12.06,12.06,12.06,12.06,12.06,12.06,11.92,12.06,11.92,12.06,12.06,12.06,12.14,12.06,12.06,11.80,12.14,11.80,12.14,12.14,12.14,12.06,11.80,11.92,11.92,12.38,12.28,12.38,12.06,12.14,11.92,12.14,12.38,12.06,12.14,12.14,12.06,12.14,11.92,12.28,12.06,12.14,12.06,12.14,11.92,12.06,12.38,12.06,12.14,12.06,12.06,12.06,12.06,11.80,12.14,12.06,11.92,11.70,11.92,11.80,11.80,11.80,11.80,11.80,12.06,12.06,12.06,11.92,12.06,11.80,11.80,12.06,11.80,11.58,11.70,11.92,12.06,11.80,12.06,11.80,12.06,11.80,11.92,11.80,11.80,11.92,12.06,11.80,11.70,11.92,11.80,12.28,11.70,11.80,11.70,11.70,11.80,11.70,11.70,11.80,12.06,11.80,11.70,11.58,11.58,11.36,11.80,11.80,11.70,11.36,11.27,11.48,11.58,11.36,11.80,11.70,11.80,11.48,11.80,11.36,11.48,11.58,11.58,11.58,11.58,11.80,11.48,11.70,11.70,11.36,11.80,11.58,11.48
11.70,11.58,11.70,11.27,11.36,11.12,11.70,11.58,11.80,11.80,11.58,11.70,11.80,11.58,11.48,11.58,11.36,11.58,11.36,11.70,11.36,11.36,11.48,11.36,11.36,11.58,11.58,11.36,11.48,11.48,11.36,11.27,11.36,11.36,11.27,11.58,11.27,11.36,11.58,11.58,11.36,11.36,11.48,11.36,11.36,11.36,11.27,11.36,11.36,11.36,11.27,11.36,11.36,11.36,11.58,11.36,11.36,11.36,11.58,11.48,11.36,11.58,11.36,11.58,11.58,11.58,11.70,11.70,11.58,11.80,11.36,11.70,11.80,11.48,11.58,11.70,11.36,11.70,11.70,11.80,11.70,11.58,11.58,11.70,11.80,11.70,11.70,11.80,11.80,11.80,11.80,11.70,11.58,11.48,11.80,11.80,11.80,11.80,12.06,11.80,11.70,12.06,11.92,11.80,11.70,11.80,11.70,12.06,11.92,11.70,11.80,12.06,12.06,12.06,11.80,11.80,12.14,11.80,11.80,12.06,11.80,11.92,11.92,12.06,12.06,11.92,11.92,12.06,11.92,11.80,12.06,12.06,12.06,12.06,12.06,12.06,12.06,12.28,12.14,12.06,11.80,12.06,12.28,12.38,12.06,12.06,12.14,12.38,12.14,12.14,12.28,12.14,12.06,12.06,12.06,11.92,12.38,12.06,12.14,12.06,12.14,11.80,11.92,12.06,12.06,12.06,12.28,12.06,12.14,12.06,12.28,12.14,11.92,12.06,12.06,12.38,12.06,12.06,12.06,12.14,11.80,11.80,12.06,12.06,12.06,11.92,12.06,11.70,12.14,12.06,12.06,11.70,12.06,11.70,11.92,12.14,12.06,11.80,12.14,11.80,11.92,11.92,11.92,12.06,12.06,11.80,11.92,12.06,11.80,11.80,11.92,11.70,11.80,11.58,11.70,11.80,11.58,11.70,11.80,11.80,11.80,11.58,11.36,11.80,11.58,11.80,11.70,11.70,11.48,11.70,11.58,11.80,11.70,11.58,11.58,11.58,11.58,11.80,11.48,11.70,11.58,11.70,11.48,11.48,11.58,11.48,11.36,11.70,11.58,11.58,11.58,11.58,11.70,11.58,11.70,11.36
11.80,11.58,11.36,11.58,11.70,11.58,11.58,11.58,11.80,11.58,11.80,11.70,11.58,11.70,11.36,11.48,11.70,11.58,11.48,11.70,11.70,11.58,11.36,11.58,11.36,11.70,11.48,11.12,11.36,11.36,11.36,11.36,11.27,11.36,11.27,11.27,11.05,11.12,11.36,11.36,11.36,11.36,11.27,11.36,11.27,11.48,11.36,11.36,11.36,11.36,11.36,11.58,11.36,11.36,11.36,11.36,11.36,11.36,11.27,11.48,11.36,11.36,11.36,11.36,11.58,11.70,11.70,11.58,11.80,11.80,11.80,11.92,11.80,11.36,11.58,11.80,11.80,11.48,11.92,11.58,11.92,11.80,11.70,11.58,11.36,11.70,11.58,11.70,11.70,11.80,11.70,11.80,11.92,11.58,11.80,11.92,11.80,11.70,11.80,12.06,11.70,12.06,11.80,11.92,11.80,11.92,11.80,11.80,12.06,12.06,11.80,12.14,12.06,12.06,11.92,12.06,11.92,11.80,12.06,11.80,12.06,12.14,12.38,12.06,12.06,11.80,11.92,11.80,12.06,12.06,11.80,11.92,12.06,11.92,12.14,12.06,11.92,12.06,12.06,12.06,11.80,11.92,12.06,11.92,12.06,12.06,12.06,12.28,11.80,12.28,12.06,12.28,12.06,12.14,11.92,11.92,12.28,12.06,12.06,12.14,12.14,12.06,12.06,12.14,12.38,12.06,12.14,12.06,12.14,12.38,12.38,12.06,12.28,12.38,12.28,12.06,12.14,12.28,12.38,12.14,12.06,12.06,12.14,12.28,12.06,12.06,12.06,11.92,12.14,12.06,11.80,11.70,12.06,12.06,11.80,12.06,11.80,12.14,12.06,11.80,11.92,12.06,12.06,11.80,11.92,11.92,11.80,11.80,11.80,11.80,11.92,11.92,11.58,11.80,11.80,11.92,11.80,11.92,11.70,11.92,11.80,11.70,11.58,11.80,11.80,11.58,11.80,11.58,11.80,11.36,11.70,11.58,11.48,11.48,11.80,11.58,11.70,11.70,11.70,11.58,11.36,11.80,11.58,11.70,11.36,11.70,11.58,11.70,11.48,11.80,11.58,11.48,11.58,11.48,11.36,11.70
11.58,11.58,11.58,11.36,11.36,11.70,11.70,11.58,11.70,11.58,11.48,11.70,11.80,11.70,11.70,11.36,11.48,11.80,11.48,11.27,11.58,11.36,11.36,11.36,11.58,11.48,11.12,11.36,11.36,11.48,11.70,11.36,11.36,11.27,11.36,11.27,11.27,11.36,11.36,11.58,11.27,11.36,11.27,11.36,11.12,11.58,11.36,11.36,11.36,11.48,11.27,11.58,11.36,11.58,11.36,11.58,11.36,11.36,11.36,11.36,11.36,11.36,11.27,11.70,11.70,11.58,11.48,11.48,11.80,11.92,11.80,11.80,11.80,11.80,11.70,11.70,11.48,11.80,11.36,11.70,11.80,11.48,11.92,11.58,11.80,11.70,11.80,11.70,11.80,11.92,11.92,11.70,12.06,11.80,11.70,12.06,11.80,11.80,12.06,11.92,11.92,11.80,11.70,11.70,11.92,12.06,11.92,11.70,11.80,12.06,11.80,12.14,11.80,12.06,11.92,11.70,12.06,12.14,11.92,12.06,12.14,11.80,12.06,11.92,11.92,12.14,12.06,12.06,11.80,12.28,12.06,11.80,11.92,11.92,12.06,12.06,12.28,11.92,12.28,12.14,12.14,12.06,12.06,11.92,11.92,11.80,11.80,11.92,12.28,11.92,12.14,11.80,11.92,12.28,12.28,12.14,11.92,12.06,12.06,11.92,12.06,12.06,12.06,12.14,11.92,12.06,12.14,11.92,12.06,12.28,12.06,11.80,12.06,12.14,12.14,12.14,12.06,12.06,12.06,12.14,12.06,12.14,11.80,11.92,12.28,11.80,12.06,12.06,12.06,12.06,12.06,12.06,11.70,11.80,11.80,11.92,11.80,12.06,12.06,11.80,11.92,12.06,11.70,11.80,11.70,12.06,12.06,11.92,12.06,11.92,11.80,11.92,11.70,11.92,11.92,12.06,12.06,11.70,11.92,11.92,11.70,11.70,11.70,11.70,12.06,11.80,11.70,11.70,11.70,11.70,11.80,11.58,11.70,11.58,11.36,11.58,11.92,11.70,11.36,11.80,11.58,11.80,11.36,11.36,11.36,11.58,11.36,11.58,11.36,11.58,11.70,11.48,11.58,11.48,11.58,11.48
11.58,11.70,11.70,11.48,11.80,11.58,11.58,11.80,11.48,11.80,11.58,11.58,12.06,11.70,11.36,11.48,11.36,11.58,11.58,466.03,11.36,11.48,11.12,11.70,11.36,11.36,11.36,11.48,11.36,11.27,11.48,11.27,11.12,11.48,11.36,11.27,11.36,11.36,11.36,11.27,11.36,11.27,11.27,11.36,11.48,11.27,11.36,11.36,11.27,11.36,10.91,11.27,11.27,11.27,11.05,11.12,11.27,11.36,11.27,11.12,11.36,11.27,11.27,11.27,11.70,11.12,11.48,11.27,11.36,11.70,11.70,11.36,11.80,11.70,11.58,11.70,11.58,11.80,11.70,11.58,11.58,11.48,11.58,11.70,11.70,11.48,11.48,11.58,11.70,11.80,11.80,11.92,11.70,11.70,11.70,11.70,11.58,11.58,11.70,11.70,11.70,11.92,11.92,12.06,11.92,11.70,11.92,11.70,11.80,11.80,11.92,11.80,12.06,11.70,11.80,11.80,11.70,11.80,11.80,11.92,12.06,12.06,11.80,12.06,11.80,11.80,11.80,11.92,12.06,12.06,11.92,11.80,11.80,11.80,11.80,11.92,11.92,11.80,12.06,11.80,11.80,11.80,11.92,11.80,11.80,11.70,11.80,11.92,12.06,11.80,12.06,12.38,12.06,12.06,12.14,11.92,12.06,12.06,12.14,11.70,11.80,12.14,12.06,12.06,12.06,12.06,11.92,12.06,11.92,11.80,12.06,11.80,12.06,11.92,11.92,12.06,12.06,11.80,11.70,12.06,12.06,12.06,11.92,11.92,12.06,11.92,11.70,11.92,11.92,11.92,11.80,11.80,11.80,11.80,11.58,11.80,11.80,11.70,11.80,11.80,11.80,11.70,11.80,11.80,11.92,11.80,11.58,11.58,11.92,11.80,12.14,11.80,11.80,11.80,11.80,11.80,11.80,11.92,11.70,11.70,11.80,11.58,11.58,11.70,11.80,11.80,11.70,11.70,11.48,11.58,11.58,11.70,11.70,11.36,11.58,11.48,11.58,11.58,11.80,11.36,11.58,11.70,11.48,11.70,11.36,11.80,11.48,11.48,11.48,11.36,11.36,11.58,11.36,11.70,11.27,11.27
11.58,11.27,11.48,11.70,11.48,11.58,11.48,11.36,11.27,11.58,11.58,11.36,11.58,11.58,11.36,11.70,11.58,11.36,11.70,11.27,11.58,11.58,11.12,11.48,11.36,11.36,11.36,11.58,11.05,11.36,11.12,11.48,11.48,11.27,11.48,11.36,11.12,11.27,11.48,11.36,11.12,11.27,11.12,11.36,11.36,11.27,11.36,11.36,11.12,11.36,11.36,11.27,11.27,11.27,11.36,11.27,11.27,11.36,11.12,11.27,11.36,11.36,11.36,11.48,11.48,11.48,11.58,11.58,11.70,11.36,11.80,11.70,11.92,11.70,11.70,11.80,11.70,11.70,11.70,11.70,11.70,11.80,11.70,11.80,11.48,11.80,11.80,11.80,11.80,11.48,11.70,11.80,11.70,11.92,11.70,12.14,11.70,11.92,11.80,11.92,11.92,11.80,11.80,11.80,11.80,11.70,11.92,11.80,11.92,11.80,11.70,11.92,11.80,11.80,11.80,11.92,12.14,11.80,11.80,11.92,12.06,12.06,11.80,11.92,11.80,11.80,11.80,11.80,12.06,11.70,11.80,12.06,11.92,12.14,12.14,11.92,11.80,12.14,12.06,11.92,12.06,12.06,12.14,12.06,12.06,12.06,11.80,11.80,11.70,12.06,12.06,12.06,11.92,12.14,11.92,11.92,12.06,12.14,12.06,11.92,11.92,11.92,11.92,12.38,12.06,12.06,12.38,11.92,12.14,12.14,12.06,12.06,12.06,11.92,12.06,12.06,12.14,12.06,11.92,12.06,11.92,12.06,12.06,11.92,11.80,12.06,12.06,12.06,11.80,12.06,11.80,11.92,11.92,12.06,11.80,11.80,11.80,11.92,11.80,11.80,11.92,11.80,11.80,11.80,11.80,11.80,11.92,11.92,12.06,12.14,12.06,11.92,11.92,12.06,11.92,11.70,11.70,12.06,12.14,11.80,11.80,11.58,12.06,11.80,11.92,11.58,11.70,11.58,11.70,11.70,11.70,11.80,11.58,11.58,11.36,11.58,11.48,11.70,11.80,11.70,11.48,11.27,11.48,11.58,11.70,11.70,11.48,11.58,11.58,11.48,11.58,11.58,11.36,11.80,11.58,11.70
11.36,11.58,11.48,11.70,11.36,11.80,11.58,11.36,11.92,11.70,11.70,11.70,11.58,11.70,11.48,11.36,11.58,11.48,11.36,11.58,11.36,11.48,11.36,11.70,11.36,11.36,11.36,11.36,11.36,11.36,11.12,11.36,11.27,11.36,11.27,11.27,11.48,11.36,11.70,11.58,11.36,11.58,11.27,11.58,11.27,11.36,11.27,11.58,11.12,11.36,11.36,11.36,11.58,11.58,11.36,11.36,11.27,11.58,11.12,11.58,11.12,11.36,11.36,11.36,11.36,11.58,11.58,11.58,11.36,11.58,11.36,11.58,11.58,11.80,11.80,11.70,11.80,11.80,11.70,11.36,11.48,11.70,11.36,11.70,11.70,11.58,11.70,11.70,11.80,11.70,11.80,11.70,11.92,12.06,12.28,11.58,11.92,11.80,11.80,12.06,11.92,11.80,11.80,11.80,11.80,11.70,11.80,11.80,11.80,12.06,12.06,11.80,12.06,12.06,12.06,12.06,11.92,12.06,12.06,12.06,11.80,12.06,11.80,11.80,12.06,11.80,12.06,12.06,12.14,11.80,11.80,11.92,11.80,12.06,11.92,12.06,11.92,12.14,11.92,11.70,11.80,11.80,11.80,12.06,11.92,11.80,11.80,11.92,11.80,11.92,11.92,12.14,11.92,11.80,11.92,11.80,11.80,12.06,12.06,11.80,12.06,11.80,12.06,12.06,11.80,12.28,12.06,12.06,12.06,11.92,12.06,11.80,12.06,12.06,11.80,12.06,11.92,12.06,12.06,12.14,12.06,11.80,11.92,11.92,11.70,12.06,11.80,11.80,11.80,12.06,11.80,11.92,11.92,11.80,11.70,12.06,11.70,11.80,11.80,11.80,12.06,11.80,11.92,11.80,11.80,11.92,11.80,11.80,11.70,12.06,11.92,11.80,11.80,11.80,11.48,11.70,11.70,11.80,11.58,11.80,11.58,11.80,11.70,11.58,11.70,11.36,11.48,11.80,11.58,11.70,11.80,11.70,11.48,11.58,11.58,11.48,11.36,11.70,11.70,11.58,11.70,11.58,11.80,11.48,11.58,11.27,11.36,11.58,11.48,11.36,11.36,11.36,11.48,11.48,11.36,11.58
11.58,11.48,11.70,11.48,11.70,11.36,11.36,11.36,11.58,11.58,11.58,11.36,11.80,11.70,11.36,11.48,11.48,11.58,11.36,11.36,11.48,11.48,11.36,11.58,11.36,11.48,11.36,11.36,11.36,11.36,11.12,11.36,11.27,11.36,11.12,11.36,11.05,11.48,11.36,11.36,11.27,11.36,11.27,11.36,11.36,11.36,11.36,11.36,11.27,11.05,11.27,11.27,11.27,11.36,11.27,11.05,11.36,11.27,11.12,11.12,11.70,11.58,11.12,10.91,11.27,11.48,11.58,11.36,11.36,11.36,11.48,11.36,11.58,11.36,11.36,11.58,11.58,11.92,11.58,11.70,11.36,11.70,11.70,11.48,11.48,11.48,11.70,11.58,11.70,11.80,11.70,11.80,11.70,11.92,11.70,11.70,11.80,12.06,11.80,11.70,11.80,11.80,11.92,11.80,11.58,11.70,12.06,11.80,11.70,11.36,11.80,11.80,12.06,11.80,12.14,11.80,12.06,11.70,11.80,11.80,11.92,12.06,11.70,11.92,12.14,11.92,11.70,12.28,11.92,11.70,11.80,11.92,11.80,12.06,11.92,11.80,11.92,12.06,12.06,11.70,11.92,11.80,11.92,12.06,11.70,11.92,11.80,11.92,12.06,12.06,12.06,12.14,11.80,12.14,12.14,11.70,12.06,11.80,12.06,11.70,11.80,11.80,12.14,11.92,11.92,11.92,12.38,12.06,12.06,12.06,12.28,11.80,12.06,11.92,12.06,12.14,12.06,11.80,11.92,11.80,11.80,11.92,12.06,11.80,11.80,11.80,11.92,11.80,11.70,12.06,11.80,11.70,11.80,11.80,11.80,11.92,11.92,11.80,11.70,11.80,11.80,11.92,11.80,11.80,11.48,11.58,12.06,11.70,11.92,11.80,11.70,11.70,11.80,11.70,11.70,11.70,11.70,11.58,11.58,11.80,11.58,11.36,11.70,11.48,11.58,11.36,11.58,11.70,11.48,11.80,11.80,11.36,11.58,11.70,11.70,11.58,11.58,11.36,11.48,11.58,11.48,11.58,11.36,11.48,11.36,11.36,11.48,11.36,11.36,11.12,11.48,11.36,11.36,11.36,11.48,11.48
11.36,11.36,11.36,11.36,11.58,11.58,11.70,11.70,11.36,11.80,11.58,11.58,11.70,11.80,11.36,11.48,11.36,11.48,11.36,11.70,11.58,11.48,11.58,11.70,11.36,11.70,11.36,11.27,11.36,11.48,11.36,11.36,11.36,11.48,11.36,11.36,11.12,11.36,11.27,11.36,11.12,11.36,11.27,11.36,11.27,11.36,11.58,11.27,11.36,11.36,11.36,11.36,11.36,11.36,11.36,11.58,11.27,11.36,11.12,11.58,11.36,11.36,11.36,11.36,11.36,11.36,11.48,11.36,11.48,11.70,11.48,11.48,11.36,11.58,11.70,11.58,11.70,11.70,11.70,11.48,11.80,11.80,11.48,11.70,11.48,11.70,11.80,11.58,11.48,11.58,11.80,11.80,11.70,11.70,11.80,11.70,11.80,12.06,11.58,11.80,11.70,11.70,11.58,11.70,11.80,11.70,11.92,11.80,11.92,11.80,11.92,11.80,12.06,11.80,12.06,11.70,11.70,11.80,11.80,12.06,11.80,12.06,11.92,12.06,12.06,11.80,11.80,12.28,12.06,11.80,12.06,11.70,12.06,12.06,11.80,12.14,12.06,12.06,12.06,11.92,12.06,11.80,12.06,12.38,12.06,11.80,12.28,11.80,11.80,11.92,12.14,11.92,11.92,12.14,12.14,12.06,11.70,12.14,11.92,11.80,11.92,12.06,12.06,12.06,11.92,11.80,12.14,12.06,12.14,12.06,11.80,12.14,12.14,12.06,12.06,11.92,11.80,12.06,11.92,12.06,12.06,12.06,12.06,11.80,11.80,11.92,11.80,11.92,11.80,11.80,11.80,11.92,11.70,11.92,11.70,11.70,11.92,11.80,11.80,11.80,11.70,11.80,11.92,11.80,11.80,11.92,11.92,11.80,11.70,11.80,11.80,11.80,11.36,11.80,11.70,11.70,11.80,11.80,11.92,11.48,11.70,11.70,11.70,11.48,11.80,11.36,11.58,11.58,11.36,11.80,11.80,11.58,11.48,11.36,11.36,11.70,11.58,11.80,11.58,11.80,11.70,11.70,11.36,11.80,11.70,11.58,11.48,11.48,11.70,11.70,11.36,11.58,11.80,11.36,11.58,11.58
11.36,11.36,11.48,11.36,11.70,11.48,11.70,11.58,11.80,11.70,11.58,11.70,11.70,11.36,11.48,11.36,11.36,11.58,11.36,11.27,11.58,11.36,11.36,11.58,11.58,11.27,11.48,11.36,11.36,11.36,11.36,11.12,11.36,11.36,11.27,11.12,11.36,11.36,11.27,11.48,11.70,11.36,11.36,11.48,11.36,11.12,11.36,11.36,11.27,11.58,11.27,11.36,11.48,11.27,11.36,11.36,11.48,11.36,11.27,11.36,11.48,11.36,11.70,11.36,11.36,11.36,11.36,11.36,11.27,11.48,11.36,11.58,11.70,11.70,11.80,11.80,11.48,11.70,11.70,11.70,11.80,11.70,11.80,11.80,11.80,11.58,11.48,11.58,11.80,11.92,11.48,11.92,11.70,11.80,11.80,11.92,11.80,11.80,11.80,11.92,12.06,11.80,11.80,12.06,12.06,11.80,11.70,11.80,11.58,11.80,11.80,11.80,11.80,11.80,12.06,11.92,11.92,11.92,11.80,11.80,11.92,12.06,11.80,11.80,11.70,11.80,11.80,11.92,11.92,11.92,12.06,11.92,11.80,11.80,12.28,11.80,12.06,11.92,11.70,11.92,11.80,11.92,12.06,12.06,12.28,12.06,11.80,11.80,11.92,12.28,11.92,12.14,12.14,11.92,11.80,11.80,12.14,12.06,11.92,12.28,11.92,12.14,11.92,12.06,11.80,11.92,12.06,12.14,12.14,11.92,12.06,12.06,11.80,12.38,11.92,11.92,12.06,11.80,11.80,12.06,12.06,11.58,11.80,11.92,11.92,12.06,11.92,11.92,11.70,11.92,11.80,11.70,11.92,11.80,12.06,11.92,11.58,11.80,11.80,11.70,11.80,11.80,11.80,11.80,12.06,11.80,11.80,11.80,12.06,12.06,11.80,11.92,11.92,11.80,11.80,11.80,11.92,11.80,12.06,11.70,11.70,11.70,11.48,11.80,11.80,11.48,11.70,11.48,11.70,11.70,11.70,11.36,11.80,11.70,11.92,11.70,11.70,11.48,11.58,11.70,11.58,11.70,11.36,11.36,11.48,11.58,11.70,11.58,11.36,11.58,11.70,11.36,11.48,11.48,11.70,11.36
11.36,11.36,11.70,11.70,11.58,11.48,11.27,11.58,11.70,11.36,11.80,11.80,11.70,11.58,11.36,11.48,11.48,11.36,11.80,11.27,11.58,11.58,11.27,11.58,11.48,11.48,11.05,11.27,11.27,11.36,11.36,11.27,11.36,11.36,11.12,11.27,11.36,11.27,11.48,11.48,10.91,11.27,11.36,11.48,11.36,11.12,11.36,11.27,11.36,11.27,11.36,11.27,11.27,11.36,11.36,11.36,11.12,11.27,11.36,11.36,11.36,11.36,11.36,11.05,11.36,11.48,11.05,11.27,11.36,11.58,11.27,11.48,11.48,11.58,11.58,11.58,11.58,11.36,11.70,11.80,11.70,11.70,11.80,11.70,11.58,11.48,11.36,11.36,11.58,11.36,11.58,11.58,11.70,11.80,11.70,11.92,11.58,11.70,11.70,11.80,11.80,11.80,11.80,11.80,11.80,12.06,11.80,11.70,11.92,11.80,11.80,11.80,11.70,11.80,11.80,12.06,11.80,11.92,11.70,11.58,11.92,11.70,11.70,12.06,11.92,11.92,11.80,11.80,11.80,12.06,11.80,11.92,12.06,12.14,11.70,12.06,11.92,12.06,11.70,11.80,11.70,11.70,12.06,12.06,11.80,11.80,12.06,11.70,11.80,11.80,11.80,11.92,11.80,11.80,11.92,12.14,11.92,11.80,11.92,11.80,11.80,11.80,12.06,12.06,12.14,12.06,12.06,11.80,11.92,11.92,12.06,12.06,12.14,12.14,12.06,12.06,12.06,12.06,12.06,11.70,11.80,11.92,11.80,11.92,11.92,11.92,11.70,11.80,11.92,11.70,11.80,11.80,11.70,11.80,11.70,11.80,11.80,11.80,11.70,11.70,11.58,11.70,11.80,11.92,11.70,11.70,11.48,11.70,11.70,11.92,11.70,11.92,11.70,11.80,11.58,11.48,11.70,11.92,11.70,11.80,11.48,11.58,11.80,11.58,11.48,11.70,11.36,11.36,11.58,11.80,11.70,11.36,11.36,11.58,11.48,11.58,11.58,11.70,11.48,11.58,11.58,11.58,11.36,11.70,11.36,11.27,11.58,11.48,11.36,11.48,11.36,11.48,11.48,11.80,11.58,11.48
11.58,11.36,11.36,11.36,11.58,11.36,11.36,11.70,11.58,11.80,11.58,11.58,11.70,11.58,11.48,11.36,11.48,11.70,11.36,11.58,11.58,11.36,11.36,11.70,11.48,11.58,11.36,11.12,11.36,11.48,11.36,11.27,11.36,11.27,11.05,11.27,11.36,11.36,11.27,11.27,11.27,10.91,11.36,11.36,10.91,11.36,11.27,11.36,11.36,11.36,11.12,11.36,11.36,11.36,11.36,11.27,11.36,11.48,11.48,11.27,11.36,11.12,11.12,11.36,11.36,11.36,11.48,11.27,11.36,11.36,11.58,11.48,11.58,11.36,11.48,11.70,11.58,11.36,11.48,11.58,11.92,11.80,11.58,11.48,11.80,11.70,11.70,11.80,11.36,11.70,11.48,11.58,11.58,11.58,11.92,11.48,11.80,11.92,11.80,11.80,11.92,11.80,11.80,11.80,11.80,12.06,11.92,11.92,11.70,11.92,11.92,11.92,12.06,11.80,12.06,11.80,11.80,12.06,11.58,11.80,11.58,11.80,11.92,12.06,12.06,11.80,11.80,11.80,12.06,12.06,11.92,11.70,11.80,11.92,12.06,11.70,12.06,12.06,12.06,12.06,12.14,11.80,11.70,11.80,11.70,11.80,12.06,11.92,12.06,11.80,11.80,12.06,11.80,11.92,11.92,11.92,11.80,12.06,11.70,12.06,12.06,11.80,12.38,11.80,11.80,11.92,11.92,11.92,11.92,11.80,12.06,12.06,12.06,11.92,12.06,11.80,11.80,11.92,11.80,11.80,11.80,11.80,12.06,11.80,12.06,12.06,11.92,11.80,11.92,11.92,11.80,12.06,11.80,11.80,11.80,11.70,11.92,11.80,12.06,11.80,11.80,11.70,11.92,11.80,11.80,11.48,11.92,11.92,11.80,11.80,11.70,11.58,11.58,11.92,11.80,11.58,11.70,11.58,11.58,11.80,11.70,11.70,11.58,11.58,11.36,11.70,11.80,11.58,11.48,11.70,11.58,11.58,11.36,11.48,11.70,11.58,11.58,11.70,11.48,11.70,11.58,11.48,11.80,11.70,11.36,11.36,11.58,11.58,11.70,11.58,11.58,11.36,11.36,11.36,11.58,11.36
11.48,11.58,11.70,11.70,11.48,11.58,11.70,11.58,11.27,11.36,11.36,11.36,11.70,11.58,11.36,11.36,11.36,11.70,11.48,11.36,11.36,11.58,11.48,11.36,11.36,11.36,11.48,11.27,11.36,11.70,11.36,11.58,11.27,11.12,11.27,11.12,11.27,11.36,11.12,11.36,11.12,11.36,11.27,11.36,11.27,11.36,11.36,11.27,11.36,11.27,11.36,11.27,11.36,11.36,11.27,11.58,11.27,11.27,11.27,11.27,11.36,11.36,11.27,11.36,11.36,11.70,11.70,11.36,11.48,11.36,11.36,11.58,11.36,11.48,11.58,11.70,11.58,11.70,11.70,11.70,11.80,11.70,11.70,11.80,12.14,11.70,11.58,11.48,11.70,11.58,11.48,11.70,11.48,11.70,11.80,11.58,11.80,11.80,11.48,11.80,11.80,11.48,12.06,11.80,11.80,11.80,11.80,11.70,11.70,11.70,12.06,12.06,11.80,11.92,11.80,11.70,11.92,12.06,11.80,11.80,12.14,11.92,11.92,11.80,11.92,11.80,11.80,11.70,11.70,12.06,11.80,12.06,11.92,12.06,11.92,12.06,12.06,12.06,11.92,12.06,11.70,11.80,11.80,11.92,12.28,12.06,11.92,12.06,11.92,11.80,11.80,11.92,11.92,12.06,11.92,12.06,11.80,11.92,12.06,11.80,11.80,12.06,12.38,12.06,12.06,11.70,11.80,11.80,11.92,12.14,12.06,11.80,11.92,11.92,11.80,11.80,11.80,11.80,11.80,11.92,11.80,12.06,12.06,11.70,11.80,11.92,11.92,11.92,11.80,11.70,12.06,11.80,11.80,11.70,11.92,11.80,11.80,11.80,11.80,11.80,11.70,11.58,11.70,11.92,11.80,11.80,11.80,11.80,11.80,11.70,11.80,11.80,11.70,11.58,11.58,11.70,11.80,11.70,11.80,11.58,11.70,11.58,11.70,11.58,11.58,11.48,11.36,11.58,11.70,11.70,11.48,11.80,11.58,11.58,11.70,11.58,11.58,11.48,11.36,11.36,11.58,11.48,11.48,11.48,11.48,11.48,11.48,11.36,11.70,11.48,11.70,11.58,11.70,11.58,11.48,11.48
11.36,11.58,11.58,11.58,11.70,11.58,11.58,11.36,11.36,11.27,11.48,11.70,11.80,11.58,11.36,11.36,11.58,11.36,11.70,11.36,11.58,11.58,11.36,11.27,11.58,11.36,11.27,11.36,11.36,11.27,11.48,11.36,11.48,11.27,11.36,11.36,11.27,11.36,11.27,11.48,11.27,11.36,11.27,11.36,11.27,11.27,11.27,11.36,11.12,11.36,11.58,11.12,11.36,11.48,11.36,11.27,10.91,11.27,11.36,11.36,11.36,11.36,11.36,11.36,11.05,11.48,11.36,11.36,11.48,11.36,11.48,11.36,11.48,11.36,11.58,11.36,11.36,11.36,11.58,11.36,11.80,11.36,11.58,11.58,11.80,11.48,11.58,11.36,11.70,11.70,11.70,11.70,11.80,11.70,11.80,11.70,11.80,11.58,11.58,11.58,11.92,11.80,11.80,11.58,11.70,11.80,11.80,11.70,12.06,11.70,11.80,11.80,12.06,11.80,11.92,11.70,11.92,11.92,11.80,11.80,11.92,11.80,11.80,11.92,12.06,11.92,11.80,11.80,11.92,12.14,11.80,11.80,12.14,11.80,11.80,11.92,12.06,11.92,11.80,11.92,11.92,11.80,11.80,11.92,11.80,12.06,11.80,12.06,12.06,12.06,11.80,11.80,11.92,11.92,12.06,12.06,11.80,12.06,11.80,11.92,11.80,11.92,11.80,11.92,12.06,12.06,11.92,12.06,11.92,11.92,11.80,12.06,12.06,11.80,11.92,11.92,11.70,11.92,11.80,11.92,11.70,11.70,12.06,11.70,11.92,12.06,11.92,11.80,12.06,11.70,11.70,11.80,11.80,11.92,11.58,11.70,11.80,11.80,11.92,11.92,11.80,11.80,11.80,11.58,11.48,11.70,11.70,11.70,11.80,11.58,11.58,11.80,11.80,11.70,11.80,11.70,12.06,11.48,11.70,11.80,11.48,11.70,11.58,11.70,11.58,11.48,11.70,11.58,11.36,11.80,11.58,11.70,11.36,11.58,11.48,11.58,11.70,11.70,11.36,11.36,11.36,466.03,11.58,11.58,11.58,11.36,11.58,11.70,11.58,11.48,11.58,11.36,11.36,11.70,11.36,11.36
11.70,11.58,11.58,11.58,11.48,11.58,11.80,11.80,11.48,11.48,11.58,11.36,11.36,11.58,11.48,11.58,11.36,11.27,11.48,11.36,11.36,11.36,11.48,11.70,11.48,11.48,11.36,11.36,11.58,11.27,11.36,11.36,11.27,11.48,11.27,11.12,11.36,11.36,11.36,11.36,11.36,11.48,11.36,11.36,11.36,11.36,11.12,11.05,11.36,11.27,11.12,11.05,11.05,11.36,11.58,11.12,11.58,11.36,11.36,11.27,11.36,11.27,11.36,11.27,11.36,11.36,11.58,11.58,11.36,11.12,11.36,11.58,11.36,11.48,11.36,11.36,11.48,11.36,11.36,11.48,11.48,11.58,11.58,11.80,11.70,11.92,11.48,11.80,11.70,11.58,11.58,11.58,11.70,11.70,11.80,11.70,11.92,11.80,12.06,11.92,11.70,11.70,11.70,11.80,11.92,11.80,11.70,11.92,11.58,11.80,11.80,11.80,11.80,11.58,11.70,11.80,11.92,11.92,11.80,12.06,11.70,11.92,11.70,12.06,12.06,11.70,11.58,12.06,11.80,11.70,11.92,11.70,12.06,11.92,11.70,11.70,11.92,12.06,11.92,12.06,11.92,11.80,11.58,11.92,11.70,12.14,11.92,11.70,11.80,12.06,11.80,12.06,11.80,12.06,11.58,11.80,12.06,11.70,11.80,12.06,12.06,12.06,11.80,11.80,12.06,12.06,11.80,12.06,11.80,12.06,12.06,12.06,11.92,11.92,11.58,11.80,11.80,11.80,12.06,12.06,11.92,12.14,11.80,12.06,11.92,11.80,12.06,11.80,11.80,11.70,11.80,11.80,11.70,12.06,11.80,11.80,11.70,11.80,11.92,11.70,12.06,11.80,11.70,11.70,11.80,11.70,11.80,11.80,11.80,11.58,11.58,11.80,11.70,11.80,11.48,11.70,11.70,11.58,11.58,11.48,11.58,11.58,11.58,11.80,11.48,11.70,11.36,11.58,11.48,11.27,11.80,11.80,11.58,11.48,11.58,11.48,11.36,11.48,11.48,11.36,11.48,11.36,11.58,11.36,11.58,11.48,11.48,11.48,11.36,11.48,11.48,11.58,11.70,11.48,11.48,11.36
11.58,11.36,11.58,11.80,11.58,11.48,11.36,11.58,11.70,11.48,11.80,11.80,11.36,11.58,11.58,11.58,11.36,11.12,11.27,11.48,11.36,11.58,11.36,11.58,11.58,11.27,11.36,11.27,11.36,11.48,11.36,11.58,11.48,11.58,11.36,11.36,11.48,11.36,11.27,11.27,11.36,11.27,11.36,11.36,11.36,11.12,11.36,11.48,11.36,11.05,11.36,11.48,11.36,11.27,11.48,11.36,11.48,11.27,11.12,11.36,11.36,11.27,11.12,11.36,11.36,11.27,11.58,11.36,11.36,11.48,11.48,11.36,11.48,11.58,11.36,11.80,11.48,11.27,11.36,11.48,11.12,11.36,11.58,11.36,11.58,11.70,11.70,11.92,11.58,11.80,11.70,11.58,11.80,11.70,11.58,11.80,11.48,11.80,11.80,11.80,11.70,11.70,11.70,11.80,11.92,11.80,11.70,11.80,11.80,11.70,11.92,11.80,11.80,11.92,11.70,11.92,11.70,11.80,11.92,11.80,11.70,11.80,11.80,11.80,12.06,11.92,11.80,11.58,11.80,11.70,11.80,12.28,12.06,11.80,12.06,11.92,12.06,11.92,11.80,12.06,11.80,11.80,11.80,11.92,11.58,12.06,11.92,12.28,12.06,11.92,11.80,11.70,11.58,11.80,12.06,11.92,11.92,11.92,11.80,11.92,11.70,11.92,11.92,12.06,12.06,12.28,12.06,12.06,12.28,12.06,11.92,11.80,11.92,12.06,11.80,11.70,12.06,11.80,11.80,12.06,11.80,11.80,12.06,12.06,11.92,11.58,11.70,11.80,11.92,12.06,11.80,11.70,12.06,11.80,11.80,11.58,11.80,11.70,11.80,11.70,11.92,11.70,11.92,11.92,11.80,11.80,11.80,11.80,11.48,11.80,11.92,11.58,12.06,11.80,11.80,11.80,11.48,11.80,11.70,11.70,11.70,11.70,11.80,11.70,11.70,11.48,11.80,11.48,11.36,11.36,11.70,11.92,11.80,11.58,11.70,11.58,11.58,11.58,11.80,11.70,11.36,11.70,11.48,11.48,11.48,11.48,11.36,11.48,11.27,11.58,11.27,11.58,11.70,11.36,11.58,11.36
11.58,11.58,11.48,11.70,11.58,11.58,11.58,11.58,11.58,11.36,11.58,11.48,11.70,11.36,11.36,11.80,11.27,11.58,11.27,11.27,11.27,11.58,11.36,11.36,11.48,11.36,11.36,11.36,11.48,11.36,11.36,11.12,11.36,11.36,11.12,11.27,11.36,11.36,11.36,11.36,11.58,11.36,11.36,11.36,11.27,11.36,11.36,11.05,11.36,11.36,11.27,11.36,11.27,11.36,11.36,11.12,11.36,11.36,11.36,11.12,11.36,11.58,11.36,11.48,11.27,11.48,11.48,11.27,11.36,11.05,11.36,11.58,11.70,11.48,11.48,11.36,11.36,11.70,11.58,11.36,11.48,11.70,11.70,11.36,11.36,11.58,11.80,11.80,11.58,11.70,11.70,11.58,11.80,11.58,11.70,11.70,11.58,11.58,11.70,11.80,11.80,11.92,11.58,11.58,11.80,11.80,11.58,11.70,11.70,11.70,11.70,12.06,11.58,11.80,11.80,11.58,11.80,11.70,12.06,11.70,11.80,11.92,11.80,11.80,12.28,11.80,11.92,11.92,11.80,11.80,11.80,11.92,12.06,11.70,11.92,12.14,11.92,11.80,12.06,11.92,11.92,12.06,11.80,11.92,11.80,11.80,11.92,11.80,11.80,11.92,11.70,11.92,11.80,12.06,11.80,11.80,11.80,11.92,11.70,11.70,11.92,11.70,11.80,11.92,11.80,12.06,11.80,11.80,11.80,11.80,11.80,11.70,11.80,11.70,11.80,12.06,11.70,12.06,11.70,12.06,12.06,11.80,11.58,12.06,11.80,11.80,11.80,11.92,11.80,11.70,11.80,12.06,11.80,11.92,11.48,11.80,11.70,11.58,11.80,11.80,11.92,11.80,11.80,11.80,11.70,11.70,11.70,11.80,11.70,11.36,11.70,11.80,11.80,11.70,11.80,11.70,11.80,12.06,11.70,11.48,11.80,11.58,11.70,11.58,11.80,11.36,11.58,11.70,11.58,11.58,11.58,11.58,11.58,11.70,11.48,11.70,11.36,11.58,11.58,11.36,11.92,11.58,11.70,11.36,11.70,11.48,11.48,11.27,11.48,11.70,11.36,11.48,11.48,11.36,11.48,11.36
11.80,11.48,11.36,11.36,11.58,11.48,11.70,11.36,11.48,11.36,11.36,11.58,11.80,11.70,11.48,11.80,11.36,11.58,11.27,11.58,11.12,11.12,11.36,11.27,11.36,11.36,11.36,11.58,11.36,11.48,11.48,11.36,11.12,11.05,11.36,11.36,11.36,11.27,11.27,11.27,11.36,11.36,11.12,11.27,11.12,11.12,11.36,11.36,11.27,11.36,11.05,11.36,11.12,11.12,11.27,11.27,11.36,11.12,11.36,11.27,11.27,11.36,11.27,11.05,11.12,11.27,11.48,11.36,11.36,11.27,11.12,11.48,11.48,11.36,11.36,11.36,11.36,11.58,11.48,11.12,11.70,11.58,11.70,11.70,11.58,11.58,11.58,11.58,11.58,11.80,11.58,11.80,11.58,11.80,11.36,11.70,11.48,11.58,11.92,11.80,11.58,11.58,11.70,11.70,11.48,11.58,11.70,11.92,11.92,11.80,11.70,11.92,11.80,11.58,11.58,12.06,11.80,11.80,11.80,11.92,11.80,11.80,12.06,11.70,12.14,12.06,12.14,11.70,11.70,11.80,11.80,11.80,11.80,12.06,11.70,11.80,11.70,11.80,11.92,11.92,12.06,11.92,11.92,11.92,12.06,11.80,11.70,11.70,11.92,12.06,11.92,11.80,12.06,12.06,11.80,11.92,12.06,11.58,11.92,11.80,11.70,11.58,11.70,12.06,11.80,11.92,11.70,11.70,11.92,11.80,11.92,11.80,11.80,11.70,11.70,11.80,11.58,11.58,11.80,11.80,11.80,11.80,11.80,11.92,12.06,11.70,11.80,11.80,11.58,11.80,11.80,11.80,11.80,11.80,11.80,11.70,11.80,11.58,11.80,12.06,11.80,11.70,11.70,11.92,11.80,11.70,11.48,11.58,11.48,11.58,11.80,11.70,11.80,11.70,11.80,11.36,11.58,11.70,11.48,11.58,11.58,11.70,11.70,11.70,11.80,11.58,11.80,11.70,11.70,11.70,11.58,11.48,11.70,11.48,11.58,11.48,11.80,11.70,11.27,11.48,11.48,11.70,11.58,11.36,11.48,11.70,11.36,11.58,11.48,11.36,11.58,11.48,11.36,11.36,11.58,11.58
11.48,11.36,11.70,11.36,11.58,11.27,11.48,11.36,11.70,11.48,11.80,11.36,11.48,11.36,11.36,11.58,11.58,11.48,11.36,11.58,11.27,11.36,11.27,11.36,11.36,11.36,11.36,11.36,11.12,11.36,11.58,11.27,11.27,11.48,11.27,11.48,11.48,10.91,11.36,11.36,11.27,11.27,11.12,11.12,11.48,11.12,11.36,11.36,11.12,11.05,11.27,11.36,11.36,11.12,11.27,11.05,11.27,11.05,11.27,11.36,11.27,10.91,11.27,11.12,11.05,11.36,11.27,11.36,11.36,11.48,11.27,11.58,11.58,11.58,11.48,11.27,11.27,11.70,11.58,11.36,11.36,11.58,11.36,11.48,11.48,11.70,11.70,11.48,11.80,11.70,11.58,11.58,11.70,11.58,11.70,11.48,11.36,11.36,11.58,11.36,11.80,11.92,11.36,11.80,11.80,11.48,11.80,11.92,11.58,11.92,11.70,11.70,11.70,11.70,11.80,11.80,11.80,11.80,12.06,11.92,11.70,11.80,11.92,11.80,12.06,11.92,12.06,11.58,11.70,11.70,11.80,11.70,11.80,11.80,11.70,11.92,11.80,11.70,11.70,11.80,11.58,11.80,11.80,11.80,11.70,11.80,11.92,11.80,11.92,11.70,11.92,11.70,11.58,11.92,11.80,11.80,11.92,11.80,11.70,11.80,11.70,11.92,11.80,11.80,11.80,11.80,11.92,12.06,11.92,11.80,12.06,12.06,11.80,11.70,11.80,11.80,11.92,11.80,11.70,11.80,12.06,11.80,11.70,11.92,11.92,11.80,11.92,11.80,12.06,11.70,11.80,11.92,11.70,11.80,11.70,11.92,11.80,11.70,11.70,11.92,11.70,11.80,12.06,11.80,11.70,11.58,11.70,11.58,11.92,11.58,11.58,11.58,11.70,11.58,11.70,11.58,11.58,11.80,11.92,11.36,11.58,11.70,11.70,11.58,11.70,11.70,11.80,11.48,11.70,11.58,11.70,11.58,11.70,11.36,11.70,11.70,11.92,11.58,11.58,11.48,11.48,11.27,11.58,11.58,11.36,11.70,11.58,11.70,11.58,11.70,11.48,11.36,11.36,11.36,11.58,11.36
11.36,11.48,11.36,11.36,11.48,11.48,11.58,11.48,11.70,11.36,11.70,11.58,11.58,11.48,11.27,11.70,11.70,11.58,11.48,11.36,11.36,11.36,11.27,11.27,11.36,11.36,11.12,11.36,11.36,11.36,11.12,11.27,11.36,11.48,11.12,11.36,11.58,11.36,11.27,11.27,11.27,11.36,11.27,11.27,11.27,11.36,11.27,11.36,11.27,11.27,11.12,11.12,11.12,11.12,11.12,11.27,11.05,11.36,11.27,11.12,11.27,11.27,11.36,11.27,11.36,11.12,11.27,11.36,11.48,11.27,11.12,11.36,11.36,10.91,11.36,11.58,11.36,11.36,11.48,11.48,11.27,11.48,11.48,11.36,11.48,11.58,11.70,11.58,11.70,11.80,11.58,11.58,11.92,11.80,11.70,11.36,11.36,11.58,11.80,11.48,11.48,11.58,11.58,11.70,11.92,11.48,11.80,11.70,11.58,11.58,11.70,11.80,11.36,11.48,11.48,11.80,11.92,11.70,11.80,11.80,11.80,11.70,11.80,11.70,12.06,11.80,11.70,11.58,11.80,11.70,11.70,11.58,11.80,11.80,11.70,11.80,12.06,11.70,11.92,11.80,12.06,11.70,11.58,11.80,12.06,11.80,11.80,11.58,11.80,11.80,11.70,11.36,11.92,11.80,12.06,11.48,11.58,11.80,11.92,11.70,12.14,11.80,11.58,12.06,11.58,11.80,11.80,11.58,11.80,12.06,11.92,11.80,11.80,11.80,11.58,12.06,11.58,12.06,11.70,11.92,11.92,11.92,11.92,11.70,11.80,11.80,11.70,11.80,11.70,11.70,11.70,11.80,11.80,11.70,11.80,11.58,11.70,11.70,11.58,11.70,11.70,11.58,11.70,11.80,11.70,11.58,11.58,11.70,11.36,11.58,11.48,11.70,11.58,11.80,11.58,11.70,11.70,11.58,11.58,11.70,11.58,11.36,11.58,11.36,11.36,11.58,11.70,11.36,11.36,11.36,11.58,11.58,11.70,11.80,11.58,11.58,11.36,11.80,11.58,11.70,11.58,11.48,11.58,11.48,11.48,11.48,11.58,11.80,11.48,11.70,11.36,11.58,11.36,11.36,11.48,11.27
11.70,11.36,11.36,11.36,11.36,11.36,11.70,11.58,11.58,11.48,11.36,11.58,11.36,11.70,11.27,11.80,11.58,11.70,11.58,11.36,11.27,11.36,11.27,10.91,11.27,11.05,11.36,11.48,11.12,11.36,11.48,11.05,11.48,11.48,11.48,11.12,10.91,11.12,11.12,11.36,11.36,11.27,11.36,10.91,11.36,11.12,11.36,11.12,11.27,11.27,11.36,11.12,11.12,11.27,11.36,11.27,11.36,11.05,11.05,11.05,11.48,11.27,11.27,11.05,11.12,11.36,11.12,11.36,11.27,11.27,11.27,11.27,11.12,11.36,11.36,11.27,11.36,11.27,11.36,11.36,11.36,11.36,11.36,11.36,11.36,11.48,11.36,11.36,11.70,11.70,11.58,11.48,11.58,11.48,11.58,11.70,11.48,11.58,11.48,11.58,11.36,11.70,11.70,11.80,11.48,11.36,11.70,11.70,11.70,11.80,11.80,11.80,11.58,11.92,11.58,11.80,11.58,11.80,11.58,11.80,11.70,11.70,11.80,11.80,12.06,11.80,11.80,11.48,11.70,11.80,11.80,11.70,11.70,11.70,11.70,11.80,11.80,11.58,11.80,11.80,11.92,11.80,11.80,11.70,11.80,11.70,11.80,11.70,11.70,11.80,11.80,11.80,11.80,11.80,11.70,11.70,11.58,11.80,11.80,11.80,11.70,11.58,11.80,12.06,11.48,11.92,11.58,11.70,11.70,11.80,11.80,11.80,12.06,11.70,11.70,11.80,11.80,11.70,11.70,11.58,12.06,11.70,11.80,11.80,11.58,11.92,11.70,11.80,11.80,11.70,11.70,11.80,11.58,11.58,11.58,11.70,11.58,11.58,11.48,11.58,11.92,11.80,11.92,11.58,11.70,11.80,11.80,11.70,11.48,11.48,11.70,11.58,11.36,11.58,11.58,11.36,11.80,11.58,11.36,11.48,11.36,11.48,11.48,11.70,11.48,11.48,11.70,11.58,11.48,11.36,11.48,11.48,11.36,11.36,11.48,11.48,11.48,11.36,11.70,11.70,11.36,11.36,11.36,11.36,11.48,11.36,11.36,11.70,11.36,11.48,11.27,11.36,11.48,11.27,11.48,11.27
11.36,11.36,11.36,11.48,11.27,11.27,11.36,11.36,11.58,11.36,11.48,11.36,11.48,11.36,11.48,11.92,11.80,11.92,11.80,11.80,11.80,11.58,11.36,11.36,11.27,11.36,11.12,11.48,11.36,11.48,11.58,11.58,11.36,11.27,11.36,11.12,11.48,11.58,11.36,11.27,11.48,11.27,11.48,11.12,11.12,11.36,11.12,11.27,11.48,11.36,11.36,11.05,11.36,11.36,11.36,11.27,11.36,10.91,11.36,11.36,11.36,11.27,11.12,11.12,11.27,11.05,11.48,11.36,11.36,11.48,11.36,11.48,11.36,11.36,11.27,11.27,11.27,11.58,11.36,11.36,11.58,11.48,11.58,11.58,11.48,11.48,11.36,11.36,11.36,11.58,11.36,11.58,11.80,11.48,11.58,11.80,11.80,11.70,11.92,11.58,11.58,11.70,11.70,11.58,11.36,11.58,11.48,11.70,11.80,11.80,11.58,11.92,11.58,11.70,11.80,11.70,11.80,11.70,11.80,12.06,12.06,11.92,11.80,11.80,11.58,12.06,11.80,11.80,11.70,11.80,11.80,11.80,11.80,11.80,11.70,11.92,11.70,11.80,11.80,11.80,12.06,11.80,12.06,11.80,11.80,11.58,11.80,11.92,11.80,11.92,11.80,11.80,11.80,11.92,11.92,12.28,11.58,11.80,11.80,11.80,12.06,11.58,11.70,11.70,11.80,11.80,11.70,11.92,11.80,11.70,11.92,11.80,11.80,11.80,11.70,11.80,11.70,11.80,12.06,11.48,11.80,11.92,11.70,11.92,11.58,12.14,11.92,12.06,11.80,11.80,11.80,11.92,11.80,11.80,11.80,11.80,11.80,11.80,11.58,11.70,12.06,12.14,11.80,11.80,11.70,11.58,11.70,11.70,11.92,11.80,11.58,11.70,11.58,11.70,11.58,11.80,11.70,11.70,11.48,11.58,11.80,11.58,11.70,11.80,11.80,11.80,11.58,11.36,11.58,11.58,11.58,11.80,11.36,11.70,11.36,11.48,11.58,11.36,11.58,11.58,11.36,11.48,11.36,11.48,11.48,11.36,11.58,11.36,11.58,11.48,11.58,11.36,11.12,11.58,11.48,11.27
11.58,11.36,11.36,11.48,11.80,11.48,11.36,11.58,11.48,11.58,11.80,11.70,11.58,11.58,11.36,12.06,11.92,12.06,12.06,11.70,11.70,11.70,11.36,11.27,11.36,11.27,11.36,11.58,11.48,11.36,11.70,11.36,11.36,11.58,11.27,11.36,11.58,11.48,11.58,11.36,11.58,11.48,11.58,11.36,11.58,11.58,11.36,11.36,11.48,11.36,11.36,11.36,11.36,11.58,11.48,11.12,11.36,11.36,11.36,11.36,11.27,11.58,11.48,11.36,11.36,11.27,11.36,11.36,11.36,11.27,11.70,11.27,11.36,11.48,11.36,11.58,11.36,11.58,11.48,11.58,11.36,11.58,11.48,11.48,11.36,11.48,11.58,11.36,11.70,11.48,11.70,11.70,11.80,11.80,11.80,11.80,11.58,12.06,11.70,11.70,11.70,11.92,11.92,11.70,11.80,11.70,11.70,11.70,11.92,12.06,11.70,11.80,11.70,11.80,11.80,11.80,11.70,11.70,11.80,11.80,11.92,11.70,11.70,11.80,11.80,11.80,11.80,11.92,11.58,11.80,11.80,11.80,11.80,11.70,11.92,11.80,12.06,11.80,11.92,11.80,11.92,11.92,11.70,11.80,11.92,11.80,11.70,11.92,11.80,11.92,11.92,11.80,11.80,12.06,11.80,11.80,11.92,11.92,12.06,11.80,11.80,11.70,11.80,11.92,11.80,11.80,11.80,11.80,12.28,11.80,11.80,11.58,11.92,11.80,11.80,11.80,11.92,11.80,11.92,12.06,11.80,11.80,12.06,11.80,11.92,11.80,12.06,11.92,11.70,11.80,12.06,11.58,11.80,11.70,11.80,11.80,11.36,11.70,11.92,11.80,11.80,11.70,11.80,11.80,11.80,11.80,11.80,11.58,11.80,11.80,11.80,11.58,11.58,11.92,11.70,11.58,11.70,11.70,11.58,11.70,11.80,11.80,11.36,11.36,11.70,11.48,11.70,11.58,11.70,11.58,11.58,11.58,11.48,11.48,11.58,11.80,11.58,11.58,11.48,11.48,11.80,11.70,11.58,11.36,12.06,11.70,11.70,11.58,11.48,11.92,11.58,11.80,11.48,11.36,11.48,11.70
11.58,11.27,11.58,11.58,11.80,11.12,11.70,11.58,11.36,11.36,11.70,11.36,11.58,11.58,11.80,11.80,11.92,11.80,11.70,11.70,11.80,11.48,11.36,11.36,11.48,11.27,11.36,11.48,11.36,11.12,11.36,11.48,11.36,11.48,11.36,11.27,11.48,11.12,11.36,11.36,11.36,11.27,11.36,11.36,11.36,11.36,11.70,11.36,11.36,11.58,11.36,11.12,11.36,11.36,11.27,11.12,11.36,11.36,11.48,11.36,11.48,11.48,11.48,11.05,11.12,11.48,11.48,11.36,11.27,11.58,11.48,11.48,11.12,11.48,11.36,11.36,11.27,11.36,11.36,11.36,11.48,11.36,11.36,11.36,11.36,11.36,11.48,11.36,11.58,11.58,11.36,11.80,11.58,11.48,11.58,12.06,11.58,11.80,11.80,12.06,11.58,11.80,11.58,11.92,11.58,11.58,11.58,11.58,11.70,11.80,11.80,11.70,12.06,11.70,11.70,11.80,11.36,11.80,11.92,11.80,11.92,11.58,12.14,11.80,11.80,12.06,11.70,11.70,11.70,11.80,11.58,11.70,11.80,11.80,11.70,11.80,11.80,11.92,11.70,11.80,11.80,11.92,11.70,11.80,11.58,11.80,11.70,11.58,11.58,11.70,11.92,12.06,12.06,11.80,11.70,11.80,11.70,12.06,11.70,11.92,11.70,12.06,11.80,11.92,11.36,11.70,11.80,11.70,11.80,11.70,11.92,12.06,11.70,11.70,11.80,11.80,11.80,11.92,12.06,11.92,11.80,11.70,11.70,11.70,11.92,11.80,11.80,11.70,11.70,11.80,11.80,11.80,11.58,11.80,11.80,11.70,11.36,12.14,11.70,11.80,11.58,11.80,11.58,11.58,11.80,11.36,11.58,466.03,11.70,11.70,11.70,11.70,11.70,11.80,11.70,11.80,11.36,11.80,11.80,11.70,11.80,11.70,11.70,11.70,11.36,11.36,11.58,11.70,11.80,11.36,11.48,11.70,11.58,11.70,11.12,11.70,11.36,11.36,11.58,11.36,11.48,11.70,11.36,11.58,11.58,11.58,11.58,11.36,11.36,11.36,11.58,11.48,11.58,11.36,11.58,11.48
11.58,11.36,11.70,11.36,11.36,11.36,11.36,11.36,11.70,11.58,11.36,11.70,11.48,11.36,11.70,11.48,11.80,11.80,11.80,11.92,11.70,11.80,11.48,11.58,11.48,11.58,11.27,11.27,11.36,11.12,11.12,11.36,11.58,11.05,11.36,11.12,11.36,11.58,11.36,11.36,11.36,11.36,11.36,11.36,11.27,11.48,11.36,11.36,11.36,11.12,11.27,11.36,11.36,11.48,11.36,11.27,11.12,11.58,11.27,11.58,11.36,11.48,11.36,11.36,11.05,11.27,11.58,11.27,11.27,11.36,11.27,11.36,11.12,11.27,11.36,11.48,11.36,11.70,11.70,11.48,11.36,11.27,11.36,11.58,11.58,11.58,11.36,11.27,11.58,11.70,11.70,11.80,11.80,11.80,11.58,11.58,11.36,11.80,11.58,11.70,11.70,11.36,11.58,11.58,11.48,11.48,11.58,11.70,11.58,11.58,12.06,11.36,11.70,11.36,11.70,11.80,11.80,11.80,11.70,11.58,11.70,11.92,11.70,11.70,11.80,12.14,11.80,11.80,11.48,11.70,11.80,11.80,11.92,11.92,11.70,11.80,11.80,11.58,11.58,11.80,11.92,11.80,11.80,11.80,11.70,11.80,11.80,11.70,11.80,11.80,11.70,11.80,11.80,11.58,11.70,11.80,12.06,11.80,11.70,11.70,11.92,12.06,11.70,11.80,11.80,11.70,11.80,11.80,11.70,11.80,11.58,11.80,11.80,11.70,11.70,12.06,11.80,11.80,11.80,11.70,12.06,11.92,11.92,11.58,12.06,11.58,11.70,11.80,11.80,11.92,11.70,11.92,11.70,11.70,12.06,11.80,11.58,11.70,11.48,11.80,11.48,11.70,11.58,11.58,11.58,11.58,11.48,11.70,11.80,11.80,11.80,12.06,11.80,11.80,11.70,11.70,11.36,11.70,11.48,11.70,11.70,11.48,11.80,11.58,11.58,11.58,11.36,11.58,11.48,11.58,11.48,11.36,11.58,11.36,11.58,11.70,11.58,11.36,11.48,11.58,11.58,11.70,11.58,11.36,11.27,11.36,11.36,11.58,11.58,11.48,11.48,11.27,11.36,11.36,11.36,11.36
11.58,11.48,11.36,11.36,11.58,11.36,11.36,11.48,11.36,11.48,11.70,11.48,11.48,11.48,11.70,11.36,11.80,11.80,11.70,11.80,11.70,11.92,11.58,11.58,11.36,11.58,11.48,11.36,11.12,10.91,11.05,11.36,11.36,11.36,11.12,11.12,11.36,11.27,11.36,11.27,11.36,11.48,11.58,11.36,11.12,11.36,11.36,11.58,11.12,11.48,11.36,11.05,11.36,11.12,11.27,11.05,11.12,11.58,11.48,11.36,11.27,11.36,11.27,11.27,11.36,11.27,11.70,11.27,11.36,11.27,11.27,11.36,11.36,11.36,11.36,11.36,11.36,11.05,11.27,11.48,11.27,11.36,11.36,11.48,11.36,11.36,11.70,11.58,11.58,11.27,11.36,11.48,11.48,11.36,11.48,11.58,11.58,11.58,11.58,11.92,11.70,11.80,11.70,11.80,11.48,11.92,11.58,11.70,11.48,11.58,11.70,11.58,11.58,11.58,11.58,11.58,11.70,11.70,11.70,11.58,11.58,11.58,12.06,11.58,11.70,11.80,11.58,11.80,11.80,11.58,11.70,11.80,11.80,11.70,11.80,11.70,11.80,12.06,11.80,11.80,11.70,11.80,11.80,11.48,11.80,11.58,11.80,11.70,11.48,12.06,11.80,11.70,11.80,11.80,12.06,11.70,11.92,11.80,11.80,11.58,12.06,11.80,11.80,11.36,11.80,11.48,11.80,11.80,11.80,11.58,11.70,11.58,11.70,12.06,11.70,11.58,11.80,11.70,11.80,11.58,11.92,11.80,11.92,11.92,11.80,11.92,11.80,11.58,12.06,11.70,11.70,11.36,11.70,11.80,11.80,11.80,11.70,11.58,11.70,11.36,11.48,11.58,11.80,11.80,11.58,11.80,11.58,11.70,11.58,11.58,11.80,11.70,11.70,11.58,11.70,11.70,11.36,11.80,11.58,11.70,11.36,11.58,11.70,11.58,11.48,11.58,11.48,11.48,11.58,11.48,11.70,11.58,11.70,11.58,11.36,11.70,11.70,11.36,11.36,11.48,11.36,11.80,11.36,11.48,11.36,11.48,11.48,11.36,11.36,11.58,11.36,11.36,11.58,11.48,11.48,11.12
11.36,11.36,11.48,11.58,11.48,11.36,11.36,11.48,11.48,11.36,11.36,11.36,11.58,11.80,11.70,11.70,11.58,11.70,11.70,12.06,11.70,11.70,11.80,11.80,11.80,11.70,11.70,11.70,11.27,11.12,11.05,11.12,11.12,11.12,11.05,11.36,11.58,11.36,11.36,11.36,11.27,11.58,11.36,11.36,11.36,11.36,11.27,11.36,11.36,11.48,11.58,11.12,11.27,11.12,11.36,11.05,11.58,11.36,11.27,11.12,11.58,11.36,11.36,11.48,11.27,11.27,11.36,11.48,11.36,11.36,11.36,11.36,11.36,11.36,11.58,11.36,11.36,11.27,11.36,11.48,11.27,11.27,11.36,11.36,11.48,11.36,11.27,11.48,11.58,11.36,11.48,11.48,11.36,11.36,11.70,11.80,11.58,11.58,11.70,11.70,11.70,11.80,11.70,11.58,11.48,11.58,11.70,11.36,11.48,11.80,11.58,11.58,11.36,11.48,11.80,11.70,11.70,11.70,11.58,11.58,11.70,11.48,11.70,11.70,11.80,11.70,11.70,11.48,11.70,12.06,11.80,11.80,12.06,11.70,11.58,11.58,11.80,11.70,11.58,11.58,12.06,11.70,11.80,11.36,11.70,11.80,11.70,11.80,11.80,11.80,11.80,11.80,11.70,11.70,11.70,11.70,11.70,11.92,11.92,11.80,11.70,11.80,11.80,11.58,11.70,11.58,11.48,11.80,11.80,11.70,11.58,11.80,11.80,11.58,11.80,11.80,11.80,11.70,11.70,11.48,11.92,11.70,11.80,11.80,11.92,11.80,11.80,11.70,11.70,11.70,11.80,11.80,11.80,11.80,11.70,11.58,11.70,11.80,11.70,11.80,11.58,11.58,11.80,11.80,11.70,11.92,11.70,11.58,11.58,11.48,11.70,11.80,11.70,11.80,11.58,11.70,11.48,11.80,11.58,11.70,11.58,11.92,11.80,11.70,11.58,11.58,11.36,11.58,11.48,11.58,11.58,11.36,11.70,11.48,11.80,11.80,11.48,11.48,11.80,11.58,11.36,11.58,11.70,11.58,11.48,11.48,11.58,11.27,11.70,11.48,11.36,11.58,11.36,11.36,11.36,11.36
11.36,11.48,11.48,11.36,11.58,11.48,11.36,11.58,11.58,11.58,11.70,11.36,11.70,11.58,11.70,11.80,11.92,11.58,11.80,11.92,12.06,11.80,11.80,12.06,11.48,11.70,11.70,11.36,11.36,11.36,11.12,11.12,11.27,11.27,11.27,11.36,11.36,11.27,11.27,11.48,11.36,11.48,11.36,11.27,11.36,11.36,11.58,11.36,11.36,11.36,11.36,11.36,11.48,11.12,11.48,11.36,11.05,11.36,11.05,11.36,11.36,11.36,11.27,11.58,11.27,11.36,11.48,11.36,11.36,11.36,11.36,11.58,11.58,11.36,11.36,11.36,11.27,11.36,11.36,11.58,11.48,11.27,11.36,11.36,11.36,11.70,11.70,11.12,11.48,11.36,11.48,11.58,11.70,11.58,11.36,11.36,11.48,11.58,11.58,11.70,11.70,11.80,11.92,11.80,11.58,11.58,11.48,11.70,11.70,11.70,11.70,11.80,11.58,11.48,11.70,11.80,11.70,11.58,11.48,11.58,11.80,11.70,11.80,11.80,11.92,11.80,11.70,11.80,11.80,12.06,11.70,11.58,12.06,11.80,11.80,11.80,11.80,12.06,11.80,11.92,11.80,11.58,11.92,11.80,11.80,11.70,11.80,11.36,11.58,11.80,11.80,11.92,11.36,11.58,11.80,11.70,11.80,11.36,11.70,11.80,11.80,12.06,11.80,11.80,11.58,11.58,11.70,11.92,11.80,11.70,11.92,11.80,11.80,12.06,11.92,11.92,11.70,11.80,11.48,11.58,11.70,11.80,11.70,11.80,11.58,11.80,11.80,11.70,11.80,11.70,12.06,11.58,11.80,11.92,11.80,11.92,11.70,12.06,11.80,11.80,11.70,11.36,11.80,11.58,11.58,11.58,11.58,11.70,11.70,11.80,11.80,11.80,11.80,11.70,11.80,11.36,11.36,11.80,11.70,11.70,11.80,11.48,11.48,11.58,11.58,11.70,11.80,11.70,11.58,11.58,11.70,11.80,11.70,11.58,11.70,11.58,11.58,11.70,11.36,11.36,11.70,11.58,11.58,11.70,11.48,11.58,11.48,11.70,11.48,11.48,11.58,11.80,11.80,11.36,11.70,11.58
11.70,11.80,11.48,11.58,11.58,11.58,11.36,11.36,11.58,11.48,11.36,11.70,11.80,11.80,11.80,11.70,11.70,11.92,11.36,11.92,11.48,12.06,12.14,11.92,11.58,11.80,11.58,11.58,11.58,11.36,11.48,11.70,11.48,11.27,11.27,11.36,11.36,11.36,11.27,11.48,11.48,11.36,11.48,11.58,11.36,11.27,11.36,11.48,11.36,11.36,11.36,11.27,11.36,11.48,11.70,11.36,11.36,11.36,11.12,11.36,11.27,11.36,11.48,11.48,11.36,11.12,11.36,11.36,11.36,11.58,11.27,11.36,11.36,11.27,11.36,11.48,11.36,11.12,11.36,11.36,11.36,11.36,11.80,11.36,11.58,11.70,11.70,11.36,11.58,11.48,11.58,11.58,11.36,11.58,11.48,11.48,11.36,11.48,11.58,11.58,11.58,11.70,11.80,11.70,11.80,11.58,11.48,11.70,11.80,11.48,11.80,11.80,11.48,11.70,12.06,11.70,11.58,11.70,11.70,11.48,11.92,11.80,11.80,11.70,11.80,11.70,11.70,11.70,11.80,11.70,11.92,11.80,12.14,12.06,12.06,11.70,11.92,11.80,11.58,11.80,11.70,11.70,11.80,11.70,11.80,11.58,11.80,11.92,11.58,11.70,12.14,11.80,11.80,12.06,11.80,11.92,11.80,11.58,11.70,11.80,11.70,12.06,11.70,11.70,11.80,11.70,11.70,11.80,11.80,11.80,11.80,11.80,11.80,11.70,11.92,11.80,11.70,11.80,11.80,11.70,11.80,11.70,11.80,11.70,11.70,11.58,11.70,11.58,11.58,11.80,11.58,11.70,11.80,11.48,11.80,11.92,11.80,11.58,11.58,12.06,11.80,11.70,11.58,11.80,11.70,11.80,11.70,11.48,11.70,11.70,11.80,11.36,11.58,11.48,11.58,11.80,11.70,11.58,11.80,11.58,11.36,11.80,11.36,11.36,11.58,11.70,11.70,11.58,11.48,11.58,11.48,11.36,11.70,11.36,11.48,11.48,11.70,11.36,11.58,11.27,11.48,11.36,11.48,11.70,11.36,11.36,11.80,11.70,11.48,11.58,11.70,11.48,11.58,11.36,11.36,11.36
11.36,11.36,11.27,11.70,11.36,11.48,11.48,11.48,11.58,11.48,11.36,11.80,11.92,11.80,11.70,11.70,11.70,11.58,11.80,11.58,11.70,11.58,11.70,11.80,12.06,11.80,11.48,11.36,11.36,11.12,11.36,11.27,11.05,11.27,11.05,11.05,11.12,11.36,11.05,11.27,11.05,11.36,11.27,11.36,11.36,11.36,11.36,11.36,11.27,11.48,11.27,11.05,11.36,11.58,11.05,11.36,11.12,11.36,11.27,11.36,11.27,11.27,11.27,11.36,11.27,11.27,11.36,11.36,11.27,11.36,11.36,11.36,11.27,11.36,11.36,11.36,11.36,11.36,11.36,11.27,11.36,11.36,11.48,11.36,11.58,11.48,11.36,11.58,11.36,11.36,11.48,11.36,11.36,11.58,11.36,11.48,11.48,11.48,11.36,11.36,11.36,11.70,11.58,11.36,11.48,11.48,11.58,11.36,11.58,11.58,11.48,11.48,11.58,11.70,11.58,11.70,11.36,11.36,11.58,11.36,11.58,11.70,11.48,11.92,11.70,11.80,11.80,12.06,11.36,11.92,11.80,11.58,11.36,11.70,11.36,11.48,11.58,11.80,11.70,11.80,11.70,11.70,11.70,11.80,11.80,11.70,11.70,11.70,11.80,11.58,11.80,11.80,11.92,11.80,11.58,11.80,11.58,11.48,11.80,11.58,11.70,11.58,11.58,11.48,11.70,11.58,11.58,11.70,11.58,11.80,11.48,11.70,11.80,11.80,11.58,11.58,11.80,11.58,11.58,11.36,11.70,11.80,11.80,11.70,11.48,11.48,11.70,11.70,11.58,11.70,11.70,11.80,11.80,11.58,11.48,11.70,11.80,11.92,11.80,11.58,11.58,11.58,11.58,11.48,11.70,11.70,11.48,11.36,11.58,11.70,11.48,11.58,11.70,11.58,11.70,11.36,11.80,11.58,11.48,11.48,11.48,11.48,11.27,11.36,11.58,11.58,11.70,11.36,11.70,11.70,11.80,11.36,11.58,11.58,11.36,11.36,11.48,11.36,11.36,11.36,11.48,11.36,11.58,11.70,11.48,11.36,11.58,11.36,11.80,11.36,11.36,11.36,11.70,11.36,11.58,11.58
11.12,11.36,11.58,11.36,11.36,11.36,11.36,11.58,11.58,11.58,11.58,12.06,11.58,11.80,11.80,12.06,11.36,11.70,11.58,11.58,11.48,11.80,11.58,11.70,11.92,11.80,11.58,11.70,11.36,11.58,11.27,11.36,11.12,11.12,11.12,11.27,11.12,11.27,11.27,11.27,11.36,11.36,11.36,11.27,11.27,11.27,11.36,11.12,11.36,11.36,11.36,11.27,11.27,11.36,11.12,11.36,11.36,11.36,11.27,11.36,11.27,11.27,11.36,11.36,11.36,11.05,11.36,11.36,11.36,11.36,11.36,11.27,11.27,11.27,11.36,11.36,11.48,11.27,11.36,11.12,11.36,11.27,11.36,11.36,11.36,11.27,11.58,11.48,11.48,11.36,11.48,11.70,11.36,11.36,11.36,11.48,11.58,11.27,11.36,11.48,11.36,11.58,11.70,11.36,11.70,11.58,11.80,11.80,11.36,11.70,11.80,11.48,11.70,11.58,11.80,11.48,11.58,11.36,11.48,11.58,11.70,11.58,11.48,11.80,11.48,11.80,11.70,11.70,11.80,11.58,11.70,11.70,11.58,11.80,11.70,11.80,11.58,11.58,11.70,11.80,11.80,11.80,11.48,11.48,11.80,11.80,11.70,11.58,11.80,11.58,11.58,11.70,11.70,11.80,11.80,11.58,11.70,11.92,11.80,11.70,11.48,11.70,11.70,11.70,11.70,11.80,11.58,11.70,11.80,11.58,11.80,11.70,11.70,11.70,11.70,11.58,11.70,11.58,11.80,11.58,11.58,11.80,11.70,11.80,11.80,11.70,11.70,11.58,11.70,11.70,11.70,11.70,11.58,11.70,11.36,11.70,11.70,11.70,11.80,11.36,11.70,11.70,11.70,11.58,11.48,11.48,11.58,11.58,11.48,11.48,11.36,11.36,11.80,11.48,11.70,11.36,11.48,11.70,11.36,11.70,11.36,11.48,11.36,11.36,11.58,11.70,11.58,11.58,11.48,11.58,11.48,11.36,11.48,11.36,11.70,11.58,11.48,11.70,11.58,11.36,11.36,11.48,11.58,11.58,11.36,11.36,11.36,11.36,11.36,11.36,11.48,11.58,11.36,11.27,11.36,11.36
11.12,11.48,11.48,11.27,11.27,11.36,11.36,11.27,11.80,11.80,11.92,11.80,11.58,11.92,12.06,11.80,11.70,11.80,11.48,11.36,11.70,11.48,11.80,11.58,11.70,11.58,11.58,11.58,11.36,11.70,11.48,11.58,11.58,11.36,11.27,11.05,11.05,11.12,11.12,11.27,11.05,11.48,11.36,11.36,11.48,11.36,11.58,11.58,11.27,11.12,11.27,11.36,11.12,11.36,11.36,11.36,11.36,11.36,11.05,11.36,11.36,11.36,11.27,11.12,11.36,11.12,11.36,11.48,11.05,11.27,11.36,11.36,11.27,11.36,11.36,11.48,11.27,11.12,11.27,11.48,11.36,11.12,11.36,11.05,11.48,11.36,11.27,11.36,11.48,11.36,11.48,11.58,11.36,11.48,11.36,11.36,11.27,11.58,11.70,11.36,11.36,11.70,11.58,11.48,11.36,11.58,11.70,11.70,11.58,11.58,11.70,11.58,11.58,11.58,11.70,11.48,11.70,11.70,11.58,11.48,11.58,11.58,11.70,11.58,11.36,11.80,11.36,11.36,11.58,11.80,11.80,11.70,11.58,11.58,11.80,11.70,11.70,11.58,11.80,11.70,11.58,11.80,11.70,11.80,11.80,11.70,11.70,11.80,11.48,11.58,11.80,11.70,11.70,11.80,11.58,11.70,11.58,11.58,11.48,11.70,11.70,11.80,11.58,11.36,11.80,11.58,11.58,11.80,11.80,11.80,11.70,11.80,11.80,11.58,11.70,11.58,11.80,11.80,11.92,11.58,11.80,11.80,11.58,11.58,11.58,11.70,11.48,11.58,11.70,11.80,11.80,11.58,11.70,11.58,11.58,11.36,11.58,11.70,11.36,11.58,11.58,11.80,11.80,11.36,11.36,11.58,11.58,11.58,11.58,11.80,11.58,11.58,11.58,11.27,11.58,11.48,11.70,11.36,11.80,11.70,11.58,11.36,11.58,11.36,11.58,11.48,11.58,11.48,11.70,11.58,11.36,11.58,11.36,11.58,11.36,11.48,11.58,11.27,11.58,11.70,11.36,11.36,11.48,11.70,11.48,11.48,11.12,11.58,11.80,11.36,11.70,11.36,11.36,11.58,11.12,11.58
11.48,11.48,11.36,11.36,11.36,11.36,11.36,11.58,11.48,11.58,11.92,11.58,11.92,11.80,11.58,11.80,11.12,11.58,11.48,11.36,11.58,11.36,11.58,11.36,11.48,11.58,11.70,11.70,11.36,11.58,11.58,11.36,11.48,11.36,11.27,11.36,11.12,11.05,11.27,11.12,11.12,11.12,11.36,11.36,11.12,11.27,11.36,11.36,11.12,11.36,11.12,11.05,11.27,11.36,11.27,11.36,11.12,11.48,11.36,11.27,11.36,11.36,11.27,11.36,11.27,11.05,11.27,11.27,11.36,11.36,11.36,11.36,11.27,11.27,11.27,11.36,11.36,11.36,11.36,11.36,11.27,11.27,11.27,11.36,11.36,11.48,11.36,11.58,11.36,11.27,11.48,11.36,11.27,11.48,11.36,11.36,11.36,11.36,11.36,11.36,11.48,11.36,11.58,11.58,11.58,11.58,11.58,11.48,12.06,11.80,11.48,11.80,11.36,11.58,11.48,11.48,11.58,11.48,11.48,11.48,11.36,11.70,11.80,11.70,11.80,11.58,11.70,11.48,11.58,11.80,11.80,11.48,11.58,11.70,11.36,11.58,11.80,11.58,11.70,11.70,11.80,11.48,11.70,11.48,11.48,11.70,11.80,11.48,11.70,11.80,11.80,11.80,11.80,11.70,11.70,11.58,11.58,11.58,11.58,11.58,11.70,11.80,11.70,11.80,11.58,11.58,11.48,11.70,11.70,11.80,11.70,12.14,11.58,11.58,11.70,11.80,11.92,11.80,11.70,11.70,11.80,11.70,11.48,11.58,11.70,11.70,11.36,11.80,11.70,11.48,11.70,11.36,11.48,11.58,11.70,11.80,11.70,11.48,11.80,11.48,11.58,11.70,11.58,11.36,11.70,11.80,11.58,11.58,11.36,11.36,11.27,11.58,11.70,11.58,11.58,11.70,11.48,11.36,11.70,11.48,11.36,11.36,11.36,11.58,11.36,11.36,11.58,11.48,11.70,11.70,11.36,11.58,11.48,11.58,11.58,11.36,11.48,11.27,11.48,11.58,11.48,11.58,11.36,11.48,11.36,11.36,11.48,11.36,11.48,11.27,11.48,11.27,11.48,11.36,11.36,11.36
11.27,11.27,11.36,11.36,11.12,11.36,11.36,11.36,11.80,11.70,11.70,11.92,12.06,11.80,11.92,11.70,11.58,11.70,11.36,11.80,11.58,11.70,11.80,11.70,11.58,11.70,11.58,11.36,11.80,11.58,11.48,11.70,11.36,11.70,11.27,11.36,11.36,11.36,11.36,11.12,11.36,11.27,11.27,11.27,11.27,11.36,11.36,11.36,11.12,11.36,11.36,11.48,11.36,11.48,11.58,11.27,11.36,11.36,11.36,11.36,11.36,11.05,11.36,11.36,11.12,11.36,11.36,11.36,11.36,11.58,11.36,11.36,11.36,11.27,11.58,11.36,11.58,11.36,11.12,11.48,11.36,11.58,11.36,11.58,11.36,11.36,11.58,11.36,11.48,11.36,11.48,11.80,11.70,11.58,11.48,11.48,11.48,11.36,11.36,11.80,11.58,11.80,11.92,11.70,11.48,11.80,11.70,11.70,11.58,11.92,11.70,11.58,11.58,11.58,11.58,11.70,11.70,11.80,11.58,11.48,11.80,11.48,11.92,11.58,11.70,11.70,11.80,11.70,11.70,11.58,11.80,11.80,11.80,11.58,11.70,11.70,11.70,11.70,11.70,11.70,11.80,11.70,11.80,11.70,11.58,11.48,11.80,11.80,11.80,11.70,11.58,11.80,11.58,11.80,11.70,11.58,11.80,11.80,11.80,11.80,11.80,11.70,11.58,11.70,11.70,11.36,11.58,11.80,11.70,11.70,11.92,11.80,11.58,466.03,11.80,11.80,11.80,11.70,11.80,11.92,11.58,11.58,11.58,11.70,11.80,11.58,11.70,11.58,11.70,11.58,11.70,11.70,11.80,11.70,11.70,11.80,11.58,11.58,11.70,11.48,11.48,11.36,11.80,11.70,11.58,11.48,11.58,11.70,11.36,11.58,11.80,11.70,11.48,11.80,11.70,11.36,11.58,11.36,11.80,11.58,11.70,11.58,11.80,11.58,11.48,11.36,11.58,11.58,11.58,11.80,11.58,11.58,11.58,11.80,11.36,11.58,11.48,11.80,11.48,11.36,11.48,11.58,11.58,11.58,11.36,11.48,11.70,11.58,11.70,11.48,11.48,11.70,11.48,11.58,11.36,11.48
11.36,11.36,11.27,11.48,11.70,11.48,11.36,11.70,11.80,11.70,11.70,11.80,11.92,11.58,11.92,12.06,12.06,11.27,11.36,11.48,11.58,11.58,11.70,11.70,11.36,11.36,11.48,11.48,11.48,11.58,11.36,11.36,11.70,11.36,11.36,11.80,11.58,11.36,11.27,11.36,11.12,11.05,11.12,11.12,11.12,11.27,11.36,11.12,11.12,11.12,11.36,11.05,11.36,11.36,11.12,11.36,11.27,11.48,11.36,11.27,11.05,11.48,11.36,11.36,11.36,11.36,11.36,11.36,11.12,11.36,11.27,11.27,11.27,11.36,11.48,11.36,11.12,11.36,11.36,11.36,11.48,11.36,11.36,11.36,11.36,11.36,11.36,11.48,11.12,11.58,11.36,11.27,11.48,11.48,11.36,11.12,11.48,11.36,11.36,11.36,11.36,11.27,11.36,11.36,11.36,11.12,11.36,11.58,11.48,11.58,11.58,11.70,11.70,11.80,11.70,11.58,11.36,11.58,11.36,11.58,11.58,11.12,11.48,11.80,11.58,11.58,11.58,11.80,11.36,11.58,11.36,11.70,11.58,11.70,11.48,11.70,11.70,11.80,11.70,11.80,11.70,11.58,11.58,11.70,11.48,11.58,11.58,11.58,11.48,11.58,11.80,11.80,11.70,11.80,11.48,11.92,11.80,11.58,11.70,11.70,11.58,11.58,11.70,11.70,11.70,11.70,11.58,11.92,11.70,11.92,11.48,11.58,11.58,11.80,11.80,11.58,11.70,11.58,11.70,11.70,11.48,11.70,11.70,11.58,11.58,11.70,11.70,11.58,11.58,11.70,11.80,11.48,11.48,11.36,11.48,11.70,11.48,11.58,11.36,11.36,11.48,11.36,11.36,11.58,11.48,11.36,11.70,11.48,11.58,11.36,11.58,11.70,11.36,11.58,11.92,11.70,11.27,11.48,11.48,11.36,11.48,11.36,11.36,11.36,11.48,11.36,11.36,11.58,11.70,11.58,11.48,11.36,11.58,11.58,11.36,11.58,11.36,11.48,11.36,11.48,11.58,11.36,11.36,11.48,11.70,11.12,11.36,11.27,11.48,11.36,11.36,11.27,11.36,11.58,11.05,11.12
11.27,11.36,11.48,11.48,11.36,11.48,11.80,11.58,11.58,11.58,11.80,11.70,11.70,11.80,11.70,11.92,12.06,11.58,11.36,11.27,11.48,11.27,11.48,11.58,11.58,11.27,11.58,11.36,11.58,11.58,11.58,11.48,11.36,11.36,11.58,11.36,11.48,11.48,11.12,11.36,11.05,11.05,10.69,11.36,11.05,11.12,11.12,11.36,11.12,11.12,11.36,11.27,11.12,11.12,11.36,11.36,11.12,11.05,11.27,11.36,11.12,10.91,11.05,11.05,11.27,11.12,11.36,11.05,11.27,11.05,11.12,11.27,11.48,11.36,11.27,11.36,11.27,11.58,11.36,11.12,11.36,11.36,11.27,10.91,11.12,11.27,11.27,11.58,11.48,11.36,11.48,11.48,11.70,11.27,11.12,11.36,11.05,11.58,11.27,11.27,11.58,11.48,11.36,11.48,11.48,11.27,11.36,11.36,11.36,11.36,11.36,11.48,11.80,11.36,11.58,11.58,11.58,11.58,11.48,11.12,11.27,11.48,11.70,11.48,11.58,11.58,11.70,11.70,11.48,11.70,11.48,11.58,11.36,11.70,11.36,11.27,11.48,11.58,11.70,11.48,11.58,11.36,11.36,11.36,11.70,11.58,11.58,11.70,11.48,11.36,11.70,11.58,11.58,11.48,11.70,11.70,11.58,11.58,11.58,11.48,11.70,11.80,11.36,11.80,11.58,11.70,11.48,11.70,11.80,11.70,11.70,11.80,11.58,11.36,11.36,11.58,11.70,11.80,11.36,11.58,11.48,11.58,11.58,11.70,11.36,11.48,11.48,11.70,11.36,11.58,11.48,11.36,11.48,11.58,11.36,11.70,11.70,11.27,11.70,11.36,11.48,11.70,11.80,11.36,11.58,11.48,11.58,11.12,11.36,11.80,11.36,11.36,11.36,11.36,11.36,11.36,11.36,11.36,11.48,11.48,11.58,11.58,11.36,11.36,11.36,11.27,11.48,11.36,11.48,11.70,11.58,11.36,11.70,11.36,11.70,11.36,11.48,11.36,11.27,11.70,11.36,11.48,11.36,11.70,11.27,11.12,11.58,11.27,11.58,11.48,11.36,11.36,11.36,11.36,11.27,11.27
11.36,11.36,11.58,11.36,11.36,11.36,11.36,11.36,11.58,11.58,11.80,11.70,11.70,11.80,11.70,12.14,11.80,11.58,11.36,11.36,11.36,11.36,11.36,11.58,11.36,11.27,11.48,11.27,11.36,11.58,11.58,11.58,11.36,11.36,11.58,11.58,11.36,11.36,11.36,11.27,11.12,11.05,11.27,10.83,10.69,11.05,11.36,11.27,11.12,11.36,11.27,11.05,11.27,11.12,11.12,11.05,11.36,11.12,11.27,11.05,11.27,11.27,11.27,11.12,11.05,11.36,11.12,11.27,10.91,11.36,11.05,11.58,11.27,11.27,11.05,11.27,11.36,11.12,11.12,11.36,11.36,11.27,11.36,11.27,11.12,11.48,11.36,11.48,11.27,11.27,11.05,11.12,11.12,11.36,11.36,11.27,11.36,11.27,11.36,11.12,11.36,11.27,11.12,11.48,11.58,11.36,11.27,11.27,11.36,11.58,11.58,11.58,11.36,11.36,11.36,11.70,11.70,11.80,11.36,11.36,11.36,11.48,11.36,11.48,11.48,11.48,11.58,11.36,11.80,11.58,11.58,11.48,11.58,11.70,11.70,11.48,11.36,11.58,11.48,11.70,11.58,11.48,11.58,11.48,11.48,11.36,11.48,11.48,11.58,11.70,11.58,11.58,11.48,11.80,11.58,11.80,11.48,11.58,11.58,11.70,11.58,11.58,11.58,11.70,11.92,11.70,11.48,11.48,11.58,11.58,11.58,11.70,11.70,11.58,11.48,11.58,11.58,11.48,11.48,11.70,11.58,11.48,11.36,11.58,11.80,11.36,11.36,11.27,11.58,11.36,11.58,11.27,11.70,11.36,11.58,11.48,11.36,11.36,11.36,11.36,11.36,11.36,11.36,11.27,11.36,11.36,11.58,11.70,11.36,11.36,11.27,11.36,11.58,11.36,11.36,11.36,11.27,11.36,11.36,11.36,11.58,11.36,11.27,11.36,11.36,11.58,11.27,11.58,11.27,11.48,11.58,11.27,11.48,11.27,11.70,11.36,11.27,11.36,11.36,11.58,11.36,11.36,11.36,11.27,11.48,11.27,11.12,11.36,11.27,11.48,11.27,11.58,11.27,11.36,11.58,11.36
11.27,11.36,11.36,11.36,11.36,11.58,11.36,11.48,11.70,11.80,11.70,11.48,11.80,12.06,11.80,11.58,12.06,11.36,11.36,11.36,11.36,11.48,11.27,11.36,11.36,11.48,11.70,11.58,11.27,11.36,11.27,11.48,11.58,11.36,11.36,11.27,11.48,11.48,11.27,11.36,11.36,11.12,11.05,11.27,11.12,11.12,11.05,11.12,11.12,11.05,11.12,11.05,11.36,11.36,11.12,11.27,11.27,11.12,11.48,11.36,11.12,11.27,11.58,11.27,11.36,11.12,11.12,11.36,11.36,11.27,11.36,11.48,11.36,11.27,11.12,11.36,11.36,11.27,11.36,11.58,11.36,11.27,11.36,11.36,11.36,11.12,11.48,11.27,11.27,11.36,11.36,11.36,11.36,11.27,11.36,11.36,11.58,11.27,11.27,11.36,11.36,11.27,11.27,11.36,11.36,11.12,11.12,11.58,11.36,11.70,11.36,11.36,11.58,11.48,11.48,11.58,11.70,11.70,11.70,11.58,11.36,11.36,11.58,11.36,11.70,11.27,11.36,11.70,11.36,11.48,11.48,11.70,11.70,11.48,11.58,11.80,11.58,11.48,11.70,11.58,11.80,11.36,11.58,11.70,11.36,11.58,11.58,11.70,11.58,11.70,11.70,11.36,11.36,11.58,11.36,11.70,11.36,11.36,11.36,11.58,11.80,11.70,11.36,11.48,11.27,11.80,11.80,11.70,11.58,11.80,11.58,11.80,11.48,11.58,11.70,11.58,11.70,11.58,11.80,11.80,11.70,11.58,11.58,11.48,11.70,11.70,11.48,11.36,11.36,11.70,11.48,11.36,11.58,11.36,11.48,11.58,11.48,11.70,11.05,11.36,11.36,11.70,11.48,11.48,11.36,11.48,11.36,11.48,11.80,11.36,11.36,11.36,11.58,11.36,11.27,11.36,11.48,11.36,11.36,11.48,11.36,11.48,11.36,11.58,11.36,11.36,11.48,11.70,11.36,11.58,11.36,11.36,11.48,11.48,11.36,11.48,11.36,11.36,11.58,11.58,11.58,11.58,11.48,11.36,11.58,11.36,11.36,11.48,11.36,11.36,11.36,11.58,11.12,11.36,11.36,11.36
11.36,11.27,11.36,11.58,11.36,11.70,11.80,11.48,11.80,12.06,11.58,11.70,11.92,11.92,11.80,11.80,11.80,11.48,11.80,11.58,11.58,11.70,11.36,11.36,11.58,11.36,11.36,11.48,11.36,11.36,11.27,11.36,11.58,11.58,11.58,11.48,11.48,11.58,11.58,11.27,11.36,11.48,11.36,11.27,11.27,10.91,11.05,11.27,11.12,11.27,11.05,11.12,11.36,11.36,11.48,11.36,11.36,11.27,11.36,11.36,11.36,11.05,11.36,11.27,11.48,11.36,11.48,11.36,11.36,11.36,11.48,11.48,11.12,11.58,11.36,11.36,11.36,11.36,11.36,11.36,11.27,11.27,11.27,11.12,11.36,11.36,11.36,11.58,11.58,11.36,11.36,11.48,11.70,11.36,11.27,11.36,11.36,11.36,11.36,11.36,11.36,11.36,11.36,11.48,11.27,11.36,11.36,11.70,11.36,11.27,11.48,11.58,11.36,11.58,11.70,11.80,11.48,11.70,11.36,11.36,11.36,11.48,11.36,11.70,11.70,11.36,11.70,11.70,11.58,11.36,11.36,11.70,11.36,11.70,11.36,11.70,11.58,11.36,11.70,11.48,11.58,11.58,11.58,11.70,11.70,11.48,11.48,11.70,11.80,11.36,11.36,11.80,11.80,11.48,11.27,11.58,11.70,11.70,11.58,11.70,11.48,11.70,11.58,11.70,11.36,11.58,11.48,11.48,11.58,11.80,11.58,11.58,11.80,11.58,11.70,11.70,11.70,11.58,11.80,11.58,11.70,11.80,11.80,11.48,11.58,11.70,11.58,11.70,11.36,11.48,11.36,11.70,11.36,11.36,11.58,11.80,11.48,11.48,11.48,11.36,11.36,11.36,11.58,11.27,11.48,11.36,11.36,11.27,11.48,11.48,11.58,11.48,11.27,11.70,11.36,11.48,11.36,11.48,11.58,11.48,11.92,11.70,11.36,11.48,11.58,11.36,11.36,11.48,11.27,11.36,11.12,11.27,11.36,11.36,11.48,11.36,11.36,11.70,11.48,11.70,11.58,11.05,11.27,11.48,11.36,11.36,11.27,11.58,11.36,11.48,11.12,11.36,11.36,11.27,11.48,11.48
11.36,11.27,11.58,11.58,11.70,11.58,11.80,11.58,11.70,11.58,12.06,11.80,12.06,11.80,11.92,12.06,11.92,11.36,11.36,11.36,11.36,11.27,11.27,11.48,11.27,11.36,11.70,11.36,11.36,11.36,11.36,11.36,11.36,11.48,11.48,11.36,11.12,11.80,11.48,11.27,11.70,11.36,11.36,11.05,11.12,10.91,11.05,11.27,11.05,11.12,11.05,11.12,11.36,11.48,11.36,11.36,11.36,11.05,11.36,11.12,11.05,11.05,11.12,11.27,11.12,11.12,11.12,11.36,11.36,11.58,11.36,11.27,11.27,11.36,11.27,11.12,11.48,11.27,11.12,11.12,11.27,11.27,11.05,11.58,11.36,11.36,11.27,11.48,11.27,11.36,11.27,11.36,11.27,11.27,11.36,11.36,11.27,11.36,11.36,11.36,11.48,11.36,11.27,11.27,11.36,11.12,11.48,11.48,11.70,11.36,11.58,11.58,11.36,11.48,11.48,11.36,11.36,11.80,11.36,11.70,11.58,11.58,11.70,11.48,11.70,11.58,11.36,11.36,11.48,11.58,11.36,11.36,11.12,11.36,11.48,11.58,11.36,11.70,11.58,11.36,11.70,11.70,11.58,11.70,11.48,11.48,11.48,11.70,11.48,11.48,11.58,11.27,11.36,11.36,11.48,11.36,11.58,11.58,11.58,11.58,11.58,11.48,11.48,11.48,11.70,11.80,11.70,11.80,11.70,11.48,11.70,11.70,11.48,11.70,11.70,11.58,11.80,11.58,11.48,11.58,11.58,11.36,11.58,11.70,11.36,11.48,11.36,11.36,11.58,11.58,11.48,11.36,11.48,11.58,11.58,11.48,11.27,11.48,11.27,11.27,11.36,11.70,11.58,11.58,11.36,11.58,11.70,11.27,11.58,11.36,11.36,11.36,11.58,11.48,11.27,11.36,11.27,11.36,11.36,11.36,11.36,11.48,11.58,11.48,11.36,11.36,11.48,11.27,11.48,11.48,11.36,11.36,11.36,11.27,11.58,11.48,11.36,11.48,11.36,11.58,11.70,11.36,11.36,11.58,11.36,11.58,11.36,11.48,11.48,11.48,11.36,11.36,11.27,11.36,11.36,11.48
11.36,11.12,11.27,11.48,11.58,11.80,11.92,11.80,11.70,11.80,11.92,11.70,11.80,11.80,12.06,11.92,11.92,11.36,11.80,11.36,11.36,11.27,11.27,11.58,11.27,11.27,11.36,11.27,11.48,11.36,11.36,11.36,11.36,11.36,11.36,11.48,11.70,11.58,11.36,11.36,11.36,11.36,11.48,11.36,11.12,11.27,11.48,11.05,11.12,11.12,11.05,11.12,11.27,11.48,11.05,11.36,11.36,11.58,11.27,11.27,11.36,11.36,11.36,11.36,11.36,11.36,11.27,11.58,11.48,11.48,11.36,11.36,11.12,11.36,11.12,11.27,11.48,11.36,11.27,11.27,11.48,11.36,11.48,11.27,11.36,11.27,11.12,11.27,11.36,11.12,11.36,11.36,11.58,11.48,11.27,11.36,11.27,11.36,11.36,11.36,11.36,11.36,11.36,11.36,11.36,11.36,11.36,11.36,11.27,11.36,11.48,11.27,11.36,11.58,11.36,11.58,11.36,11.70,11.36,11.48,11.58,11.58,11.58,11.70,11.70,11.36,11.48,11.70,11.58,11.48,11.58,11.48,11.58,11.58,11.70,11.36,12.06,11.70,11.58,11.70,11.80,11.58,11.58,11.80,11.70,11.58,11.70,11.58,11.70,11.80,11.70,11.70,11.36,11.36,11.48,11.36,11.58,11.70,11.70,11.58,11.70,11.70,11.48,11.80,11.48,11.48,11.70,11.36,11.70,11.48,11.70,11.80,11.58,11.58,11.36,11.36,11.70,11.48,11.36,11.80,11.80,11.36,11.80,11.58,11.36,11.48,11.58,11.36,11.58,11.80,11.70,11.58,11.58,11.58,11.58,11.58,11.58,11.48,11.36,11.36,11.48,11.58,11.70,11.70,11.36,11.58,11.36,11.27,11.36,11.70,11.58,11.70,11.48,11.58,11.58,11.58,11.36,11.36,11.36,11.58,11.58,11.36,11.36,11.58,11.36,11.36,11.36,11.36,11.58,11.36,11.48,11.36,11.36,11.48,11.36,11.48,11.58,11.48,11.70,11.80,11.58,11.36,11.58,11.48,11.36,11.48,11.36,11.36,11.36,11.36,11.36,11.58,11.36,11.27,11.36,11.36
11.36,11.70,11.48,11.92,11.70,11.80,11.92,11.58,11.70,11.70,11.80,11.70,11.80,11.70,11.80,12.06,11.80,11.27,11.36,11.36,11.48,11.36,11.36,11.58,11.12,11.36,11.27,11.36,11.27,11.36,11.36,11.36,11.05,11.36,11.58,11.58,11.70,11.36,11.48,11.48,11.36,11.36,11.80,11.36,11.36,11.12,11.27,11.48,11.05,10.91,10.91,11.12,11.36,11.36,11.36,11.48,11.27,11.27,11.36,11.27,11.12,11.36,11.36,11.27,11.27,11.36,11.12,11.12,11.27,11.36,11.36,11.48,11.27,11.27,11.27,11.36,11.36,11.12,11.27,11.58,11.05,11.27,11.05,11.36,11.05,11.36,11.27,11.36,11.36,11.36,11.48,11.27,11.36,11.36,11.27,11.36,11.48,11.36,11.12,11.48,11.58,11.36,11.36,11.36,11.27,11.36,11.36,11.27,11.48,11.36,11.58,11.70,11.36,11.36,11.12,11.48,11.58,11.70,11.58,11.36,11.70,11.48,11.58,11.48,11.58,11.48,11.58,11.36,11.80,11.27,11.36,11.48,11.58,11.36,11.36,11.48,11.70,11.80,11.70,11.48,11.70,11.58,11.80,11.36,11.48,11.36,11.48,11.48,11.36,11.48,11.48,11.70,11.58,11.48,11.48,11.48,11.58,11.70,11.36,11.36,11.70,11.70,11.36,11.80,11.48,11.70,11.48,11.36,11.80,11.48,11.58,11.58,11.70,11.36,11.27,11.58,11.80,11.70,11.36,11.58,11.36,11.80,11.80,11.58,11.70,11.58,11.48,11.36,11.70,11.48,11.27,11.36,11.58,11.48,11.12,11.27,11.36,11.36,11.36,11.36,11.36,11.27,11.58,11.48,11.58,11.27,11.48,11.27,11.36,11.36,11.36,11.48,11.36,11.48,11.12,11.36,11.27,11.36,11.27,11.48,11.48,11.58,11.27,11.36,11.58,11.36,11.36,11.58,11.36,11.36,11.27,11.58,11.58,11.48,11.36,11.48,11.48,11.36,11.36,11.36,11.36,11.48,11.48,11.58,11.36,11.58,11.27,11.36,11.48,11.36,11.36,11.48,11.05,11.27,11.48,11.48
11.12,11.48,11.27,11.70,11.80,11.92,11.80,11.70,11.58,11.92,11.58,11.58,11.80,11.70,12.06,12.28,11.80,11.36,11.36,11.70,11.58,11.27,11.27,11.48,11.36,11.27,11.27,11.36,11.36,11.12,11.36,11.36,10.91,11.36,11.05,11.58,11.36,11.36,11.58,11.70,11.36,11.48,11.58,11.36,11.27,11.36,11.36,11.36,11.05,11.12,11.36,11.12,11.48,11.12,11.12,11.36,11.12,11.05,11.36,11.27,11.27,11.36,11.70,11.36,11.36,11.48,11.36,11.27,11.36,11.36,11.27,11.27,11.36,11.36,11.27,11.36,11.36,11.05,11.36,11.58,11.36,11.27,11.36,11.36,11.27,11.36,11.36,11.48,11.58,11.36,11.36,11.27,11.58,11.36,11.36,11.36,11.27,11.36,11.05,11.05,11.36,11.48,11.36,11.36,11.48,11.36,11.36,11.36,11.27,11.27,11.36,11.36,11.58,11.48,11.58,11.27,11.58,11.36,11.36,11.36,11.48,11.48,11.70,11.58,11.70,11.36,11.58,11.70,11.58,11.36,11.36,11.48,11.58,11.58,11.48,11.48,11.58,11.36,11.48,11.48,11.70,11.58,11.58,11.58,11.58,11.48,11.36,11.48,11.58,11.80,11.58,11.58,11.70,11.58,11.70,11.70,11.36,11.80,11.48,11.92,11.58,11.36,11.70,11.70,11.48,11.58,11.58,11.70,11.58,11.80,11.58,11.36,11.48,11.70,11.48,11.80,11.70,11.58,11.48,11.58,11.80,11.80,11.58,11.70,11.58,11.48,11.48,11.36,11.58,11.48,11.48,11.58,11.58,11.80,11.48,11.36,11.58,11.36,11.36,11.36,11.58,11.36,11.70,11.36,11.58,11.36,11.48,11.36,11.48,11.48,11.48,11.36,11.36,11.48,11.36,11.36,11.48,11.48,11.36,11.36,11.36,11.36,11.48,11.36,11.36,11.48,11.27,11.58,11.70,11.36,11.58,11.36,11.36,11.58,11.27,11.48,11.70,11.70,11.36,11.48,11.36,11.58,11.36,11.70,11.48,11.36,11.36,11.36,11.36,11.36,11.36,11.36,11.12,11.27,11.27,11.48
11.48,11.36,11.80,11.70,11.58,11.80,11.80,11.70,11.80,11.70,11.80,11.80,11.70,12.06,11.92,11.92,12.06,11.58,11.36,11.70,11.36,11.36,11.27,11.36,11.58,11.36,11.36,11.36,11.36,11.36,11.12,11.48,11.27,11.12,11.12,11.27,11.48,11.36,11.36,11.58,11.48,11.36,11.36,11.36,11.36,11.36,11.36,11.27,11.27,11.36,11.12,10.91,11.05,11.12,11.27,11.27,11.27,11.36,11.36,11.27,10.91,11.05,11.36,11.12,11.36,11.36,11.36,11.12,11.58,11.58,11.36,11.36,11.36,11.48,11.27,11.27,11.27,11.58,11.12,11.27,11.48,11.36,11.27,11.36,11.36,11.27,11.27,11.36,11.58,11.48,11.48,11.36,11.36,11.36,11.27,11.36,11.36,11.36,11.36,11.36,11.58,11.36,11.36,11.36,11.58,11.36,11.58,11.12,11.36,11.36,11.36,11.48,11.27,11.48,11.58,11.36,11.36,11.36,11.58,11.58,11.58,11.36,11.70,11.70,11.58,11.58,11.58,11.80,11.36,11.36,11.48,11.58,11.36,11.36,11.36,11.36,11.80,11.58,11.48,466.03,11.27,11.80,11.36,11.58,11.36,11.58,11.70,11.70,11.80,11.48,11.80,11.58,11.58,11.48,11.48,11.58,11.58,11.58,11.58,11.58,11.58,11.48,11.58,11.48,11.70,11.36,11.36,11.58,11.80,11.80,11.80,11.58,11.58,11.36,11.48,11.58,11.48,11.70,11.36,11.48,11.48,11.70,11.48,11.36,11.58,11.48,11.70,11.58,11.36,11.36,11.70,11.58,11.36,11.36,11.58,11.36,11.36,11.48,11.36,11.36,11.36,11.70,11.48,11.58,11.36,11.27,11.27,11.27,11.58,11.58,11.58,11.27,11.27,11.48,11.27,11.58,11.27,11.36,11.48,11.70,11.58,11.36,11.36,11.27,11.48,11.48,11.36,11.36,11.36,11.27,11.48,11.36,11.58,11.58,11.48,11.48,11.58,11.48,11.58,11.58,11.48,11.36,11.36,11.36,11.36,11.36,11.36,11.36,11.36,11.48,11.27,11.27,11.58,11.48,11.27,11.48
11.58,11.70,11.80,11.70,11.80,11.48,11.70,12.06,11.70,11.58,11.80,11.80,12.06,11.80,12.06,12.06,11.80,12.06,11.36,11.36,11.58,11.36,11.58,11.48,11.36,11.27,11.27,11.27,11.36,11.36,11.12,11.36,11.36,11.27,11.12,11.27,11.36,11.36,11.36,11.36,11.27,11.12,11.58,11.36,11.36,11.36,11.05,11.27,11.36,11.12,11.36,11.27,11.12,11.36,11.05,11.27,11.12,11.27,11.36,11.36,10.91,11.05,11.27,11.36,11.12,11.48,11.27,11.36,11.12,11.27,11.48,11.36,11.27,11.05,11.58,11.36,11.27,11.58,11.27,11.27,11.36,11.12,11.36,11.27,11.27,11.05,11.27,11.27,11.48,11.27,11.05,11.12,11.36,11.48,11.27,11.36,11.27,11.27,11.36,11.12,11.36,11.27,11.27,11.27,11.36,11.36,11.58,11.12,11.36,11.36,11.12,11.36,11.36,11.58,11.12,11.36,11.36,11.27,11.58,11.27,11.48,11.58,11.48,11.36,11.48,11.36,11.48,11.58,11.36,11.36,11.48,11.36,11.48,11.36,11.48,11.48,11.36,11.48,11.48,11.58,11.58,11.58,11.58,11.36,11.36,11.58,11.48,11.36,11.48,11.70,11.36,11.36,11.36,11.36,11.36,11.48,11.36,11.58,11.36,11.36,11.58,11.48,11.36,11.48,11.48,11.48,11.80,11.80,11.70,11.58,11.80,11.58,11.58,11.58,11.70,11.48,11.70,11.36,11.36,11.70,11.48,11.58,11.36,11.27,11.48,11.70,11.80,11.48,11.36,11.58,11.48,11.36,11.58,11.58,11.58,11.58,11.48,11.36,11.36,11.27,11.27,11.12,11.48,11.48,11.36,11.27,11.36,11.36,11.36,11.58,11.27,11.36,11.36,11.48,11.48,11.36,11.58,11.36,11.36,11.36,11.70,11.58,11.27,11.36,11.36,11.48,11.27,11.36,11.48,11.48,11.58,11.48,11.58,11.27,11.36,11.48,11.58,11.27,11.58,11.27,11.36,11.36,11.58,11.36,11.27,11.36,11.36,11.36,11.05,11.27,11.27,11.12,11.27,11.27,11.36,11.36
11.36,11.36,11.80,11.80,11.80,11.58,11.92,11.70,11.80,11.70,11.80,11.58,12.06,12.06,11.70,11.92,12.06,11.80,11.36,11.70,11.58,11.70,11.36,11.36,11.36,11.27,11.27,11.27,11.12,11.27,11.36,10.91,11.12,11.27,11.36,11.36,11.27,11.05,11.27,11.36,11.36,11.27,11.36,11.58,11.36,11.48,11.36,11.27,11.58,11.12,11.36,11.36,11.12,11.27,10.69,10.91,11.05,11.27,11.12,11.36,11.27,11.12,11.36,11.05,11.27,11.48,11.36,11.27,11.27,11.58,11.48,11.27,11.48,11.36,11.27,11.05,11.36,11.36,11.36,11.27,11.27,11.36,11.36,11.36,11.12,11.12,11.36,11.27,11.58,11.27,11.27,11.70,11.05,11.48,11.36,11.36,11.27,11.36,11.80,11.36,11.27,11.48,11.36,11.36,11.36,11.36,11.27,11.27,11.27,11.58,11.27,11.36,11.36,11.27,11.12,11.27,11.48,11.36,11.36,11.36,11.70,11.27,11.70,11.36,11.80,11.70,11.80,11.58,11.58,11.58,11.36,11.27,11.48,11.58,11.48,11.48,11.58,11.36,11.70,11.70,11.58,11.48,11.58,11.58,11.48,11.48,11.58,11.36,11.48,11.48,11.36,11.58,11.48,11.36,11.36,11.36,11.70,11.58,11.58,11.58,11.58,11.80,11.36,11.48,11.36,11.48,11.48,11.36,11.58,11.70,11.70,11.58,11.58,11.36,11.48,11.48,11.36,11.58,11.70,11.58,11.36,11.58,11.58,11.58,11.58,11.58,11.58,11.36,11.58,11.58,11.48,11.48,11.70,11.12,11.48,11.36,11.36,11.27,11.36,11.27,11.48,11.48,11.48,11.48,11.36,11.48,11.36,11.36,11.58,11.58,11.27,11.58,11.36,11.58,11.48,11.36,11.36,11.27,11.36,11.36,11.36,11.58,11.36,11.36,11.36,11.36,11.27,11.48,11.36,11.58,11.58,11.58,11.36,11.58,11.58,11.36,11.36,11.48,11.48,11.58,11.48,11.36,11.58,11.48,11.36,11.48,11.36,11.36,11.36,11.36,11.48,11.48,11.36,11.27,11.36,11.36
11.58,11.48,11.58,11.80,11.80,11.70,11.80,11.92,12.06,11.58,11.92,11.92,12.06,11.92,11.92,11.80,12.06,12.06,11.58,11.36,11.48,11.70,11.48,11.27,11.12,11.48,11.48,11.48,11.27,11.36,11.27,11.12,11.05,11.12,11.12,11.12,11.12,11.12,11.27,11.27,11.36,11.05,11.36,11.27,11.12,11.36,11.36,11.36,11.36,11.48,11.27,11.36,11.27,11.36,11.27,11.12,11.12,11.05,10.91,11.27,11.27,11.05,11.27,11.36,11.27,11.12,11.27,11.27,11.05,11.36,11.27,11.36,11.27,11.27,11.48,11.36,11.12,11.27,11.36,11.36,11.27,11.36,11.27,11.12,11.27,11.36,11.27,11.36,11.36,11.36,11.27,11.36,11.12,11.27,11.27,11.36,11.27,11.27,11.27,11.27,11.36,11.48,11.12,11.27,11.36,11.36,11.27,11.12,11.05,11.27,11.48,11.27,11.36,11.36,11.12,11.36,11.48,11.48,11.36,11.27,11.27,11.36,11.36,11.48,11.36,11.27,11.36,11.36,11.48,11.36,11.36,11.36,11.58,11.36,11.48,11.58,11.36,11.36,11.48,11.36,11.80,11.58,11.48,11.58,11.70,11.36,11.36,11.36,11.36,11.36,11.36,11.48,11.48,11.70,11.70,11.36,11.36,11.58,11.12,11.70,11.80,11.48,11.58,11.36,11.48,11.58,11.36,11.48,11.36,11.48,11.36,11.58,11.27,11.70,11.48,11.36,11.48,11.36,11.58,11.36,11.48,11.58,11.70,11.58,11.48,11.36,11.36,11.48,11.27,11.70,11.36,11.36,11.27,11.36,11.70,11.70,11.58,11.36,11.27,11.27,11.48,11.36,11.27,11.48,11.58,11.36,11.36,11.36,11.27,11.27,11.27,11.48,11.48,11.36,11.36,11.36,11.70,11.36,11.48,11.27,11.36,11.58,11.48,11.27,11.36,11.27,11.48,11.36,11.48,11.36,11.58,11.36,11.58,11.12,11.58,11.36,11.48,11.36,11.58,11.36,11.36,11.36,11.48,11.27,11.12,11.48,11.36,11.12,11.36,11.48,11.36,11.27,11.12,11.27,11.58,11.58
11.48,11.58,11.70,11.80,12.06,12.06,11.80,11.80,12.06,11.80,11.70,11.80,12.06,12.06,12.06,11.80,12.06,11.80,11.48,11.58,11.48,11.70,11.48,11.36,11.27,11.36,11.36,11.27,11.27,11.36,11.05,11.12,11.12,11.27,11.27,11.05,11.05,11.36,11.05,11.12,10.91,11.05,11.27,11.27,11.27,11.48,11.36,11.36,11.48,11.36,11.48,11.36,11.27,11.36,11.05,11.05,11.12,10.91,11.12,10.91,11.12,11.27,11.05,11.27,11.12,11.36,11.36,11.27,11.27,11.36,11.48,11.36,11.36,11.36,11.36,11.36,11.36,11.36,11.58,11.36,11.12,11.58,11.05,11.27,11.36,11.27,11.36,11.27,11.36,11.27,11.36,11.58,11.36,11.48,11.36,11.48,11.27,11.36,11.48,11.27,11.36,11.36,11.27,11.36,11.36,11.36,11.36,11.36,11.36,11.27,11.27,11.12,11.36,11.12,11.27,11.36,11.36,11.27,11.36,11.36,11.58,11.36,11.48,11.36,11.27,11.58,11.58,11.48,11.48,11.36,11.36,11.48,11.36,11.58,11.48,11.12,11.36,11.58,11.36,11.48,11.36,11.58,11.36,11.36,11.36,11.58,11.70,11.70,11.70,11.58,11.36,11.58,11.58,11.36,11.48,11.70,11.36,11.70,11.70,11.36,11.48,11.48,11.58,11.48,11.80,11.48,11.58,11.58,11.58,11.58,11.58,11.58,11.58,11.36,11.36,11.36,11.36,11.70,11.36,11.58,11.48,11.80,11.36,11.48,11.58,11.48,11.36,11.27,11.27,11.58,11.58,11.36,11.58,11.36,11.36,11.36,11.27,11.48,11.58,11.12,11.58,11.48,11.48,11.48,11.36,11.48,11.27,11.36,11.48,11.36,11.36,11.48,11.48,11.58,11.48,11.27,11.36,11.58,11.27,11.27,11.58,11.36,11.27,11.58,11.58,11.48,11.48,11.36,11.36,11.58,11.70,11.36,11.05,11.36,11.36,11.36,11.48,11.48,11.58,11.36,11.36,11.58,11.27,11.48,11.27,11.27,11.36,11.27,11.58,11.36,11.05,11.36,11.70,11.58,11.70,11.58
11.70,11.80,11.70,11.48,11.70,11.70,11.70,11.92,11.70,11.80,11.92,11.80,11.92,11.92,12.06,11.92,12.06,11.80,11.48,11.58,11.48,11.36,11.36,11.12,11.12,11.36,11.27,11.36,11.05,11.27,11.12,11.12,11.12,11.12,11.12,11.05,11.27,11.12,10.91,11.36,11.12,11.12,11.12,11.05,11.36,11.12,11.12,11.48,11.58,11.36,11.36,11.36,11.36,11.36,11.05,11.27,10.91,10.91,10.69,10.91,11.05,11.27,11.05,11.36,11.05,11.27,11.36,11.05,11.27,11.27,11.27,11.27,11.36,11.27,11.36,11.36,11.27,11.48,11.27,11.36,11.36,11.48,11.27,11.27,11.12,11.36,11.27,11.36,11.36,11.36,11.12,11.36,11.27,11.27,11.36,11.27,11.36,11.27,11.27,11.05,11.27,11.36,11.36,11.36,11.36,11.36,11.12,11.36,11.27,11.36,11.36,11.36,11.36,11.12,11.27,11.48,11.27,11.27,11.12,11.36,11.12,11.27,11.36,11.27,11.27,11.36,11.27,11.36,11.36,11.36,11.36,11.48,11.36,11.70,11.48,11.27,11.58,11.48,11.36,11.36,11.36,11.36,11.36,11.36,11.58,11.48,11.36,11.48,11.58,11.58,11.48,11.36,11.36,11.70,11.36,11.58,11.36,11.58,11.36,11.36,11.36,11.36,11.36,11.80,11.58,11.36,11.70,11.48,11.58,11.36,11.48,11.36,11.36,11.36,11.48,11.48,11.58,11.36,11.36,11.12,11.48,11.36,11.48,11.48,11.36,11.36,11.48,11.12,11.36,11.36,11.36,11.36,11.27,11.36,11.05,11.48,11.36,11.36,11.48,11.27,11.80,11.36,11.48,11.27,11.12,11.36,11.36,11.36,11.48,11.48,11.36,11.36,11.27,11.36,11.36,11.36,11.36,11.48,11.12,11.12,11.48,11.36,11.36,11.27,11.27,11.27,11.36,11.58,11.48,11.58,11.27,11.36,11.36,11.27,11.58,11.58,11.36,11.36,11.36,11.36,11.58,11.36,11.27,11.36,11.36,11.36,11.12,11.27,11.36,11.36,11.12,11.48,11.58,11.70,11.48,11.70
11.70,11.58,11.80,11.70,11.80,11.70,11.70,11.70,11.58,11.70,11.58,11.80,11.92,12.28,11.58,12.14,12.06,11.58,11.36,11.58,11.92,11.48,11.58,11.27,11.80,11.36,11.36,11.27,11.27,11.12,11.27,11.05,11.12,11.36,11.05,11.36,11.05,11.05,11.12,10.91,11.05,11.36,11.27,11.58,11.27,11.27,11.36,11.36,11.36,11.36,11.36,11.58,11.27,11.48,11.27,11.36,11.36,11.48,10.91,11.36,10.91,11.12,11.12,11.36,11.36,11.12,11.12,11.27,11.36,11.36,11.58,11.27,11.36,11.27,11.48,11.36,11.48,11.12,11.36,11.48,11.36,11.36,11.36,11.36,11.27,11.36,11.36,11.36,11.58,11.12,11.36,11.36,11.36,11.36,11.36,11.27,11.27,11.36,11.36,11.36,11.12,11.12,11.36,11.36,11.12,11.27,11.12,11.05,11.27,11.27,11.12,11.12,11.12,11.05,11.12,11.36,11.36,11.36,11.36,11.27,11.36,11.36,11.36,11.36,11.12,11.48,11.27,11.27,11.36,11.36,11.58,11.58,11.70,11.48,11.36,11.48,11.48,11.48,11.48,11.36,11.48,11.58,11.48,11.58,11.48,11.48,11.70,11.58,11.48,11.36,11.58,11.58,11.58,11.48,11.58,11.70,11.36,11.36,11.36,11.58,11.36,11.36,11.80,11.58,11.58,11.58,11.58,11.80,11.58,11.80,11.70,11.36,11.48,11.36,11.48,11.70,11.58,11.36,11.36,11.36,11.48,11.58,11.80,11.58,11.36,11.70,11.48,11.36,11.36,11.48,11.48,11.48,11.36,11.58,11.58,11.58,11.36,11.48,11.36,11.36,11.48,11.48,11.36,11.36,11.05,11.36,11.27,11.48,11.27,11.36,11.27,11.27,11.48,11.27,11.36,11.27,11.70,11.36,11.36,11.48,11.36,11.70,11.48,11.48,11.36,11.36,11.48,11.48,11.70,11.36,11.48,11.27,11.80,11.36,11.27,11.70,11.36,11.58,11.36,11.70,11.70,11.58,11.48,11.48,11.36,11.36,11.58,11.58,11.36,11.27,11.36,11.27,11.48,11.48,11.70,11.70
11.92,11.80,11.48,11.48,11.80,11.80,11.70,12.06,12.06,12.06,11.92,12.14,11.80,12.06,11.80,12.14,11.92,11.80,11.70,11.48,11.58,11.48,11.58,11.12,11.70,11.36,11.58,11.36,11.36,11.36,11.05,11.27,11.36,11.12,11.36,11.27,10.91,11.12,11.36,11.05,11.12,11.12,11.27,10.91,11.27,11.36,11.27,11.36,11.27,11.58,11.58,11.36,11.36,11.70,11.58,11.36,11.36,11.36,11.36,11.36,11.12,11.05,11.05,11.27,11.27,11.36,11.27,11.27,11.05,11.27,11.36,11.12,11.05,11.27,11.48,11.12,11.36,11.36,11.12,11.48,11.27,11.48,11.36,11.48,11.27,11.36,11.36,11.36,11.48,11.27,11.05,11.12,11.27,11.27,11.12,11.36,11.36,11.05,11.36,11.27,11.27,11.12,11.36,11.27,11.27,11.36,11.36,11.27,11.36,11.27,11.27,11.36,11.12,11.12,11.36,11.12,11.27,11.05,11.36,11.36,11.48,11.36,11.36,11.27,11.36,11.48,11.36,11.58,11.36,11.48,11.36,11.58,11.36,11.58,11.70,11.70,11.58,11.58,11.48,11.36,11.36,11.48,11.36,11.58,11.27,11.58,11.80,11.36,11.58,11.58,11.58,11.36,11.48,11.36,11.36,11.58,11.36,11.48,11.70,11.36,11.48,11.36,11.58,11.58,11.70,11.36,11.70,11.58,11.58,11.36,11.58,11.70,11.36,11.48,11.36,11.36,11.58,11.58,11.27,11.36,11.36,11.48,11.70,11.48,11.58,11.48,11.48,11.70,11.36,11.48,11.36,11.48,11.48,11.36,11.48,11.36,11.48,11.36,11.12,11.12,11.36,11.58,10.91,11.36,11.58,11.27,11.48,11.36,11.48,11.27,11.36,11.27,11.36,11.27,11.27,11.36,11.58,11.36,11.48,11.58,11.48,11.27,11.36,11.27,11.36,11.48,11.48,11.58,11.36,11.58,11.27,11.36,11.12,11.58,11.36,11.36,11.27,11.48,11.12,11.12,11.36,11.58,11.36,11.58,11.48,11.36,11.36,11.36,11.48,11.36,11.27,11.58,11.80,11.70,11.80,11.92
11.70,11.58,11.80,11.70,11.70,11.58,11.80,12.06,11.80,11.80,11.70,12.06,12.06,12.06,12.06,12.38,12.14,11.80,11.48,11.36,11.80,11.48,11.70,11.36,11.36,11.27,11.36,11.36,11.36,11.48,11.36,11.36,11.12,11.36,11.05,11.12,10.91,11.12,10.83,10.91,11.12,11.36,11.12,11.12,11.36,11.05,11.27,11.36,11.27,10.91,11.27,11.36,11.36,11.36,11.58,11.36,11.36,11.36,11.05,11.27,11.12,10.91,11.05,11.05,11.36,11.27,11.12,11.05,11.12,11.36,11.12,11.05,11.27,11.27,11.05,11.27,11.36,11.36,11.36,11.36,11.36,11.36,11.36,10.91,11.27,11.27,11.36,11.27,11.12,11.27,11.12,11.48,11.27,11.12,11.12,11.36,11.27,11.36,11.36,10.91,11.27,11.27,11.12,11.36,11.05,11.27,11.36,11.05,11.12,11.36,11.36,11.27,11.12,11.27,11.27,11.58,11.27,11.05,11.36,11.12,11.48,11.12,11.27,11.27,11.12,11.36,11.36,11.36,11.36,11.27,11.36,11.70,11.27,11.58,11.48,11.58,11.48,11.36,11.27,11.36,11.27,11.58,11.58,11.48,11.36,11.27,11.36,11.58,11.58,11.27,11.58,11.48,11.58,11.36,11.36,11.36,11.48,11.58,11.27,11.36,11.58,11.58,11.12,11.27,11.36,11.36,11.36,11.48,11.36,11.12,11.70,11.27,11.48,11.12,11.27,11.36,11.36,11.36,11.36,11.27,11.27,11.58,11.36,11.27,11.36,11.48,11.36,11.36,11.48,11.58,11.48,11.36,11.36,11.12,11.12,11.48,11.36,11.36,11.27,11.27,11.27,11.36,11.36,11.36,11.36,11.12,11.27,11.27,11.36,11.27,11.36,11.36,11.36,11.27,11.36,11.36,11.48,11.36,11.27,11.36,11.36,11.48,11.27,11.27,11.48,11.27,11.12,11.27,11.36,11.36,11.36,11.58,11.36,11.36,11.27,11.36,11.27,11.58,11.48,11.12,11.58,11.48,11.36,11.36,11.36,11.36,11.36,11.05,11.12,11.36,11.48,11.58,11.58,11.70,11.48,12.06
11.36,11.70,11.80,11.58,11.36,11.92,11.80,11.92,12.06,11.80,11.80,12.06,12.06,12.06,12.06,12.06,12.14,11.80,11.70,11.36,11.36,11.58,11.58,11.58,11.48,11.36,11.12,11.27,11.27,11.36,11.27,11.27,11.36,11.12,11.05,11.27,11.05,11.27,11.05,11.05,11.12,10.91,10.91,10.91,11.27,10.91,11.05,11.12,11.12,11.12,11.36,11.27,11.36,11.36,11.36,11.36,11.58,11.36,11.27,11.36,11.12,11.12,11.27,10.91,11.12,10.91,11.05,11.12,11.36,11.05,11.36,11.12,11.36,11.36,11.36,11.12,11.58,11.36,11.36,11.12,11.36,11.12,11.27,11.27,11.36,11.36,11.05,11.05,11.58,11.27,11.27,11.36,11.27,11.36,11.27,11.36,11.27,11.27,11.36,11.12,11.27,11.36,11.12,11.36,11.36,11.27,11.36,11.05,11.36,11.27,11.12,11.27,11.48,11.12,11.05,11.12,11.36,11.12,11.27,11.27,11.48,11.27,11.48,11.36,11.36,11.48,11.36,11.27,11.05,11.36,11.36,11.48,11.36,11.36,11.48,11.58,11.36,11.27,11.36,11.27,11.48,11.36,11.27,11.27,11.48,11.36,11.36,11.36,11.27,11.36,11.48,11.27,11.58,11.48,11.36,11.48,11.48,11.36,11.70,11.27,11.48,11.48,11.58,11.48,11.36,11.36,11.80,11.58,11.58,11.58,11.80,11.48,11.36,11.36,11.58,11.12,11.70,11.36,11.58,11.36,11.58,11.70,11.70,11.58,11.36,11.27,11.36,11.36,11.36,11.27,11.27,11.36,11.36,11.27,11.48,11.27,11.27,11.48,11.36,11.36,11.36,11.36,11.36,11.48,11.36,11.12,11.36,11.36,11.48,11.36,11.27,11.36,11.27,11.36,11.36,11.27,11.58,11.36,11.27,11.36,11.36,11.36,11.36,11.36,11.48,11.36,11.36,11.27,11.27,11.36,11.36,11.48,11.36,11.27,11.36,11.27,11.48,11.12,11.80,11.36,11.48,11.36,11.12,11.27,11.36,11.36,11.36,11.36,11.27,11.58,11.58,11.36,11.80,11.58,11.70,11.58
11.80,11.48,11.70,11.80,11.80,11.92,11.70,11.80,11.92,11.70,11.70,11.80,11.80,12.14,12.14,11.92,12.14,12.06,11.70,11.70,11.48,11.70,11.70,11.36,11.36,11.58,11.36,11.36,11.36,11.36,11.27,11.58,11.12,11.05,11.12,11.05,11.12,11.12,11.12,10.91,11.27,10.91,10.91,10.83,11.05,11.05,11.05,11.12,11.36,11.05,11.36,11.36,11.27,11.48,11.27,11.48,11.48,11.36,11.27,11.58,11.48,11.27,11.12,11.27,11.12,11.05,11.12,11.05,11.27,11.12,11.36,11.36,11.12,11.12,11.36,11.27,11.36,10.91,11.58,11.36,11.27,11.36,11.27,11.36,11.36,11.36,11.36,11.27,11.36,11.12,11.27,11.27,11.27,11.36,11.36,11.36,11.12,11.36,11.27,11.12,11.12,11.27,11.36,11.36,11.36,466.03,10.91,11.36,11.27,11.36,11.27,11.27,11.36,11.27,11.27,11.12,11.12,11.36,11.36,11.27,11.12,11.12,11.27,11.36,11.27,11.27,11.36,11.12,11.36,11.27,11.48,11.48,11.58,11.48,11.48,11.36,11.58,11.36,11.58,11.48,11.36,11.36,11.36,11.58,11.36,11.48,11.27,11.48,11.48,11.36,11.36,11.48,11.36,11.70,11.58,11.70,11.58,11.48,11.48,11.58,11.58,11.70,11.36,11.36,11.70,11.58,11.48,11.58,11.48,11.70,11.70,11.48,11.58,11.36,11.48,11.58,11.58,11.36,11.27,11.58,11.48,11.36,11.36,11.36,11.36,11.48,11.48,11.48,11.70,11.36,11.36,11.58,11.48,11.48,11.36,11.48,11.36,11.58,11.58,11.48,11.12,11.12,11.36,11.36,11.27,11.36,11.12,11.36,11.36,11.12,11.27,11.36,11.36,11.12,11.36,11.36,11.48,11.36,11.36,11.36,11.36,11.36,11.48,11.12,11.48,11.58,11.36,11.36,11.36,11.27,11.58,11.36,11.27,11.48,11.58,11.36,11.48,11.27,11.80,11.27,11.70,11.36,11.48,11.36,11.27,11.48,11.48,11.36,11.27,11.36,11.36,11.58,11.70,11.58,11.80,11.80
11.80,11.70,11.48,11.92,12.06,11.80,11.80,11.80,11.70,12.06,12.14,12.06,11.92,12.06,12.50,12.28,12.38,12.38,12.38,11.70,11.70,11.58,11.48,11.48,11.58,11.58,11.58,11.48,11.36,11.12,11.27,11.12,11.27,11.27,11.12,10.91,11.05,10.83,11.36,10.91,10.91,10.83,10.83,10.91,10.56,11.12,10.91,10.91,10.91,11.12,11.05,11.05,11.27,11.36,11.48,11.36,11.80,11.36,11.48,11.12,11.70,11.36,11.27,11.12,11.05,11.12,11.05,10.91,11.05,11.12,11.12,11.27,11.27,11.27,11.36,11.27,11.12,11.12,11.36,11.36,11.12,11.36,11.12,11.36,11.36,11.36,11.36,11.05,11.48,11.27,11.12,11.27,11.36,11.36,11.27,11.27,11.27,11.36,10.91,11.48,11.27,11.12,11.36,11.12,11.27,11.36,11.12,11.36,11.36,11.36,11.36,11.36,11.58,11.27,11.36,11.12,11.36,11.27,11.48,11.36,11.36,11.27,11.27,11.36,11.05,11.36,11.36,11.05,11.48,11.36,11.27,11.36,11.36,11.36,11.36,11.36,11.36,11.36,11.36,11.36,11.36,11.48,11.36,11.36,11.36,11.27,11.27,11.27,11.36,11.36,11.48,11.58,11.48,11.58,11.48,11.36,11.70,11.48,11.70,11.36,11.36,11.80,11.58,11.80,11.58,11.36,11.58,11.58,11.48,11.58,11.48,11.58,11.58,11.58,11.36,11.48,11.48,11.36,11.36,11.58,11.58,11.27,11.48,11.48,11.48,11.36,11.12,11.27,11.36,11.27,11.36,11.36,11.36,11.48,11.12,11.36,10.91,11.27,11.36,11.36,11.27,11.36,11.36,11.36,11.36,11.36,11.36,11.36,11.48,11.27,11.36,11.27,11.48,11.36,11.36,11.36,11.36,11.36,11.36,11.48,11.27,11.12,11.36,11.36,11.12,11.48,11.70,11.36,11.27,11.36,11.58,11.48,11.48,11.80,11.36,11.48,11.27,11.36,11.48,11.36,11.27,11.36,11.48,11.27,11.12,11.27,11.58,11.27,11.58,11.70,11.58,11.80,11.58,11.80,11.80,11.92
11.80,11.70,11.80,11.58,11.80,11.80,11.70,11.80,11.80,11.70,11.80,11.92,11.92,12.06,12.06,12.38,12.28,12.06,12.06,11.70,11.70,11.48,11.58,11.48,11.36,11.36,11.36,11.36,11.12,11.12,11.36,10.91,11.12,11.36,11.12,11.12,11.05,11.05,11.05,11.27,11.27,10.91,10.91,10.91,10.69,11.12,10.91,11.05,10.83,10.91,11.05,11.36,11.36,10.91,11.27,11.27,11.58,11.48,11.48,11.36,11.36,11.27,11.36,11.27,11.27,11.48,11.12,10.91,10.91,11.05,11.36,11.05,11.12,11.36,11.27,11.27,11.27,11.27,11.12,11.27,11.36,11.27,11.05,11.48,11.27,11.36,11.12,11.05,11.27,11.36,11.27,11.05,11.27,11.27,11.36,11.27,11.36,11.27,11.36,11.36,11.12,11.27,11.05,11.05,11.27,10.91,11.27,11.36,11.12,11.36,11.12,11.27,11.36,11.36,11.36,10.91,11.12,11.27,11.05,11.27,11.36,11.27,11.27,11.12,11.36,11.36,11.12,11.27,11.58,11.36,11.12,11.27,11.36,11.36,11.36,11.27,11.58,11.36,11.36,11.36,11.36,11.48,11.36,11.27,11.36,11.36,11.12,11.36,11.36,11.70,11.27,11.48,11.58,11.36,11.36,11.48,11.58,11.36,11.36,11.36,11.48,11.27,11.48,11.36,11.36,11.27,11.36,11.36,11.36,11.48,11.48,11.36,11.27,11.70,11.36,11.36,11.27,11.36,11.58,11.36,11.58,11.36,11.36,11.36,11.58,11.27,11.36,11.36,11.36,11.36,11.36,11.27,11.36,11.27,11.27,11.36,11.36,11.36,11.48,11.48,11.12,11.12,11.36,11.36,11.27,11.36,11.27,11.36,11.36,11.36,11.27,11.12,11.36,11.36,11.27,11.27,11.36,11.58,11.12,11.12,11.36,11.27,11.58,11.36,11.36,11.36,11.36,11.36,11.36,11.36,11.27,11.36,11.36,11.36,11.36,11.36,11.36,11.12,11.48,11.36,11.27,11.48,11.58,11.27,11.36,11.36,11.58,11.48,11.70,11.80,11.58,11.70,11.58,11.70,11.48,11.58
11.70,11.36,11.80,11.80,11.70,11.70,11.80,11.80,11.80,11.70,11.92,11.92,12.06,12.14,12.06,12.06,12.28,12.14,12.06,11.70,11.70,11.58,11.70,11.58,11.70,11.36,11.36,11.58,11.36,11.27,11.36,11.05,11.12,11.36,11.12,11.27,11.36,10.91,11.05,11.05,10.69,11.12,11.05,10.91,11.05,11.12,10.83,11.12,11.12,11.27,10.91,11.05,11.36,11.05,11.12,11.27,11.27,11.58,11.36,11.36,11.70,11.36,11.36,11.27,11.27,11.36,11.27,11.12,10.91,10.91,11.05,11.12,11.12,11.12,11.27,11.36,11.12,11.27,11.27,11.36,11.12,11.12,11.58,11.27,11.27,11.12,11.36,11.05,11.27,11.36,11.12,11.36,11.27,11.27,11.12,11.36,11.48,11.27,11.27,11.48,11.48,11.12,11.27,11.27,11.36,11.27,11.12,11.27,11.12,11.36,11.05,11.27,11.36,11.27,11.27,11.12,11.27,11.27,11.36,11.27,11.36,11.27,11.36,11.36,11.48,11.27,11.48,11.12,11.27,11.27,11.27,11.36,11.27,11.27,11.12,11.27,11.27,11.36,11.58,11.70,11.36,11.36,11.36,11.36,11.36,11.58,11.70,11.48,11.27,11.36,11.36,11.36,11.27,11.36,11.48,11.36,11.58,11.36,11.36,11.48,11.48,11.48,11.70,11.27,11.36,11.27,11.36,11.27,11.58,11.70,11.36,11.36,11.36,11.27,11.58,11.36,11.58,11.36,11.48,11.36,11.58,11.48,11.58,11.36,11.27,11.36,11.27,11.36,11.36,11.27,11.36,11.36,11.36,11.27,11.36,11.36,11.27,11.36,11.48,11.36,11.12,11.05,11.12,11.12,11.27,11.05,11.36,11.36,11.27,11.27,11.36,11.12,11.48,11.27,11.36,11.58,11.36,11.12,11.27,11.48,11.05,11.27,11.27,11.36,11.36,11.36,11.58,11.27,11.36,11.36,11.36,11.58,11.48,11.70,11.36,11.27,11.12,11.48,11.48,11.36,11.12,11.36,11.36,11.36,11.48,11.12,11.27,11.36,11.48,11.58,11.48,11.36,11.80,11.58,11.80,11.80
11.80,11.80,11.70,11.80,11.92,11.48,11.70,11.92,11.92,11.80,11.92,12.28,12.14,12.06,12.38,12.06,12.50,12.38,12.14,11.36,11.80,11.70,11.48,11.48,11.36,11.58,11.70,11.58,11.36,11.58,11.58,11.27,11.12,11.36,11.12,11.27,11.27,11.12,11.12,11.27,11.05,10.91,10.83,10.91,11.05,10.69,10.83,10.91,10.91,11.05,11.05,10.91,11.05,11.12,10.91,11.36,11.12,11.36,11.27,11.36,11.36,11.36,11.36,11.36,11.36,11.36,11.36,11.12,11.05,11.36,11.05,11.27,11.27,11.27,11.27,11.12,11.12,11.12,11.27,11.27,11.27,11.36,11.05,11.36,11.12,11.36,11.27,11.27,11.27,11.27,11.12,11.36,11.27,11.58,11.36,11.36,11.36,11.27,11.27,11.27,11.05,11.12,11.36,11.36,11.27,11.05,11.12,11.27,11.27,11.12,11.12,11.05,11.12,11.12,11.27,11.05,11.12,11.12,11.36,11.36,11.12,11.12,11.05,11.05,10.91,11.36,11.27,11.12,11.36,11.27,11.27,11.36,11.27,11.12,11.27,11.36,11.27,11.27,11.36,11.36,11.36,11.27,11.48,11.36,11.36,11.58,11.48,11.27,11.70,11.36,11.58,11.58,11.48,11.36,11.36,11.48,11.36,11.48,11.48,11.48,11.36,11.36,11.48,11.36,11.36,11.36,11.36,11.58,11.36,11.27,11.27,11.27,11.36,11.36,11.58,11.36,11.48,11.48,11.36,11.27,11.27,11.12,11.36,11.58,11.36,11.36,11.36,11.27,11.36,11.36,11.36,11.48,11.36,11.36,11.36,11.36,11.36,11.12,11.12,11.27,11.27,11.27,11.36,11.12,11.70,11.58,11.36,11.36,11.36,11.27,11.27,11.36,11.27,11.27,11.36,11.36,11.48,11.27,11.27,11.36,11.36,11.27,11.12,11.36,11.12,11.36,11.12,11.36,11.48,11.27,11.36,11.48,11.36,11.36,11.36,11.27,11.27,11.27,11.58,11.36,11.36,11.27,11.48,11.27,11.36,11.36,11.70,11.58,11.80,12.06,11.70,11.92,11.80,11.70,11.48,11.48
12.14,11.70,11.70,11.80,12.06,11.70,11.80,11.80,11.80,12.06,11.80,12.28,12.06,12.06,12.28,11.80,12.38,12.06,12.14,11.80,11.58,11.48,11.48,11.36,11.92,11.36,11.36,11.36,11.58,11.36,11.36,11.12,11.48,11.27,11.27,11.05,10.91,11.05,11.05,11.12,11.05,10.69,10.91,10.91,10.69,10.83,10.91,10.83,10.83,10.91,10.91,11.12,11.05,10.69,11.27,11.05,10.91,11.27,11.27,11.05,11.12,11.12,11.27,11.27,11.12,11.12,11.05,11.05,11.05,10.91,10.91,10.91,10.91,10.91,11.12,11.27,11.12,11.36,11.36,11.58,11.27,11.12,11.36,11.12,11.05,11.27,11.12,10.91,11.05,11.05,11.27,11.05,11.27,11.36,10.91,11.27,11.27,11.05,11.27,11.12,11.05,11.27,11.27,11.12,11.05,11.12,11.27,11.12,10.91,11.36,11.05,11.27,11.27,11.12,11.12,11.27,11.36,11.48,11.27,11.36,11.27,11.12,11.05,11.12,11.12,11.12,11.12,11.27,11.12,11.12,11.27,10.91,11.36,11.27,11.36,11.36,11.36,11.36,11.36,11.48,11.36,11.36,11.36,11.58,11.36,11.27,11.27,11.48,11.27,11.48,11.36,11.58,11.48,11.27,11.12,11.58,11.27,11.27,11.36,11.48,11.36,11.70,11.36,11.48,11.36,11.48,11.48,11.36,11.58,11.36,11.36,11.27,11.36,11.36,11.36,11.36,11.36,11.58,11.36,11.36,11.27,11.27,11.36,11.05,11.36,11.27,11.27,11.36,11.27,11.12,11.27,11.58,11.27,11.12,11.36,11.36,11.48,11.36,11.12,11.27,11.36,11.12,11.36,11.27,11.36,11.36,11.12,11.12,11.27,11.05,11.36,11.27,11.27,11.27,11.36,11.27,11.36,11.58,10.91,11.36,11.27,11.27,11.27,11.58,11.36,10.91,11.12,11.12,11.36,11.27,11.36,11.36,11.27,11.27,11.27,10.91,11.27,11.36,11.12,11.27,11.58,11.27,11.27,11.27,11.27,11.36,11.48,11.48,11.58,11.70,11.70,11.70,11.48,11.80,11.70,11.92
11.70,11.80,11.80,11.70,11.58,11.70,11.92,11.80,11.80,12.06,12.28,12.06,12.06,12.28,12.28,12.06,12.38,12.06,12.72,11.48,11.36,11.58,11.58,11.58,11.80,11.36,11.36,11.58,11.36,11.36,11.27,11.27,11.12,11.27,11.27,11.36,10.83,11.05,11.12,11.27,10.83,11.05,10.83,10.91,10.83,10.91,10.56,10.69,10.69,10.56,10.91,10.91,10.91,11.05,10.91,10.69,10.91,11.12,11.12,11.27,11.48,11.27,11.27,11.27,11.27,11.05,11.36,11.36,11.12,10.83,11.05,11.12,11.12,11.05,10.91,11.05,11.12,11.12,11.27,11.12,11.27,11.27,11.05,11.27,11.12,11.12,11.12,11.36,11.12,11.27,10.91,11.36,11.27,11.36,11.05,11.05,11.12,11.12,11.05,11.36,11.27,10.91,11.12,11.12,11.27,11.12,11.27,11.05,11.05,11.48,11.27,11.27,11.27,10.83,11.27,11.12,11.36,11.36,11.27,11.12,11.12,11.36,11.27,11.12,11.48,11.27,11.36,11.27,11.12,10.83,11.36,11.27,11.36,11.12,11.05,11.27,11.12,11.36,11.58,11.12,11.36,11.36,11.27,11.27,11.36,11.58,11.27,11.36,11.12,11.36,11.58,11.27,11.36,11.36,11.36,11.36,11.36,11.36,11.36,11.36,11.36,11.36,11.48,11.36,11.36,11.36,11.48,11.36,11.70,11.58,11.58,11.12,11.58,11.12,11.36,11.36,11.36,11.36,11.36,11.58,11.58,11.48,11.48,11.36,11.36,11.12,11.58,11.36,11.27,11.36,11.58,11.36,11.48,11.27,11.36,11.27,11.27,11.48,11.48,11.36,11.12,11.27,11.27,11.12,11.48,11.36,11.58,11.36,11.27,11.36,11.36,11.27,10.83,11.36,11.27,11.12,11.12,11.27,11.12,11.36,11.27,11.05,11.36,11.48,11.27,11.12,11.27,11.27,11.27,11.27,11.36,11.36,11.27,11.27,11.27,11.36,11.36,11.12,11.27,11.27,11.36,11.27,11.36,11.36,11.58,11.58,11.70,11.58,11.48,11.70,11.70,11.70,11.48,11.92,11.92,11.80
11.70,11.70,11.48,11.70,11.80,12.14,11.80,12.14,11.92,11.92,12.06,12.14,12.06,11.92,11.80,12.06,12.14,12.50,12.38,11.80,11.70,11.70,11.92,11.48,11.58,11.80,11.70,11.58,11.48,11.70,11.27,11.27,11.27,11.27,11.27,11.36,11.27,11.12,11.12,11.12,11.27,10.91,10.69,10.56,11.12,10.83,10.69,10.69,10.69,10.91,10.91,10.47,10.83,10.91,10.91,11.05,11.05,11.05,11.27,10.83,11.48,11.05,11.36,11.48,11.36,11.27,11.36,11.36,10.91,10.91,11.12,11.27,11.27,11.05,10.91,11.05,10.91,11.05,10.91,11.05,11.27,11.27,11.36,11.05,11.36,11.36,10.91,11.05,11.27,11.27,11.48,11.05,11.12,11.12,11.12,11.36,11.12,11.05,11.48,11.36,11.27,11.05,11.12,11.12,11.12,11.05,11.12,11.05,11.36,11.12,11.12,11.36,10.91,11.27,11.27,10.91,11.27,11.27,11.12,11.36,11.27,11.12,11.12,11.27,11.27,11.48,11.27,11.36,11.27,11.12,11.12,11.12,11.27,11.12,11.12,11.12,11.36,11.58,11.12,11.12,11.12,11.27,11.48,11.27,11.36,11.48,11.36,11.36,11.48,11.27,11.36,11.36,11.36,11.48,11.48,11.27,11.36,11.58,11.48,11.48,11.27,11.58,11.48,11.36,11.36,11.27,11.36,11.36,11.36,11.36,11.58,11.36,11.36,11.36,11.58,11.36,11.27,11.27,11.36,11.58,11.36,11.36,11.27,11.36,11.36,11.36,11.27,11.27,11.27,11.27,11.36,11.27,11.27,11.36,11.36,11.27,11.36,11.05,11.27,11.36,11.36,11.27,11.27,11.05,11.36,11.58,11.27,11.36,11.36,11.27,11.27,11.36,11.36,11.36,11.05,11.12,11.27,11.05,11.27,11.27,11.27,11.27,11.48,11.36,11.12,11.36,11.12,11.27,11.27,11.12,11.27,11.36,11.27,11.27,11.36,11.36,11.12,11.12,11.12,11.27,11.12,11.27,11.48,11.36,11.36,11.58,11.36,11.70,11.48,11.58,11.70,11.58,11.80,11.58,11.92,11.70
11.70,11.58,11.58,11.80,11.80,11.70,12.06,11.92,11.92,12.06,12.06,12.38,12.28,12.06,12.38,12.38,12.38,12.38,12.06,11.70,11.70,11.70,11.58,11.70,11.58,11.58,11.58,11.36,11.36,11.36,11.36,11.36,11.12,11.12,11.27,10.91,11.36,11.12,11.05,11.27,11.36,10.91,10.91,10.91,11.05,11.05,10.91,10.91,10.69,10.91,10.69,11.05,11.05,11.05,10.91,11.27,10.91,11.05,11.12,11.12,11.12,11.36,11.05,11.27,11.27,11.36,11.27,11.48,11.27,11.05,11.36,11.36,11.12,11.36,11.05,10.91,10.91,11.05,11.12,11.27,11.27,11.27,11.12,11.27,11.12,11.27,11.36,11.48,11.58,11.12,11.27,11.27,11.27,11.58,11.80,11.36,11.27,11.27,11.36,11.36,11.12,11.05,11.27,11.12,11.12,10.91,11.27,11.12,11.27,11.36,11.12,11.05,11.12,11.05,11.12,11.12,11.12,11.36,11.36,11.36,11.36,11.27,11.36,11.36,11.27,11.48,11.36,11.36,11.58,11.36,11.05,11.36,11.12,11.27,11.12,11.36,11.58,11.36,11.27,11.36,11.12,11.36,11.27,11.36,11.36,11.58,11.48,11.48,11.27,11.48,11.36,11.36,11.36,11.27,11.36,11.36,11.36,11.36,11.58,11.36,11.48,11.80,11.48,11.70,11.48,11.36,11.27,11.36,11.58,11.58,11.58,11.58,11.58,11.36,11.58,11.36,11.36,11.36,11.36,11.12,11.27,11.58,11.58,11.36,11.36,11.36,11.58,11.36,11.36,11.48,11.36,11.36,11.36,11.27,11.12,11.12,11.36,11.58,11.36,11.48,11.36,11.48,11.12,11.36,11.27,11.36,11.36,11.48,11.12,11.36,11.48,11.27,11.36,11.27,11.36,11.12,11.27,11.12,11.27,11.27,11.36,11.27,11.36,11.27,11.36,11.36,11.36,11.12,11.12,11.36,10.91,11.36,11.36,11.05,11.36,11.27,11.12,11.36,11.12,11.27,11.36,11.36,11.58,11.70,11.36,11.70,11.48,11.58,11.80,11.58,11.70,11.80,11.80,11.92,12.06,11.70
11.48,11.80,11.80,11.70,11.70,11.92,11.92,11.92,12.28,12.06,12.28,11.92,11.92,12.28,12.38,12.50,12.72,12.50,12.28,11.58,11.80,11.58,11.36,11.58,11.70,11.58,11.58,11.48,11.36,11.36,11.36,11.36,11.12,11.27,11.27,11.27,11.05,11.12,10.91,11.36,11.27,11.05,10.69,10.56,10.69,10.83,10.91,10.83,10.91,10.91,10.56,10.91,10.69,11.05,10.69,10.91,11.27,11.12,11.27,11.27,11.27,11.27,11.27,11.27,11.36,11.36,11.58,11.36,11.12,11.58,11.36,11.27,11.27,11.12,11.12,11.05,10.91,11.05,11.12,11.12,11.05,11.12,11.12,11.27,11.27,11.05,11.12,11.27,11.27,11.36,11.27,11.05,11.05,11.27,11.12,11.36,11.12,11.12,11.27,11.12,11.12,11.27,11.12,11.36,11.36,11.05,11.36,11.36,11.12,11.27,11.36,11.36,11.27,11.05,11.48,11.12,11.12,11.27,11.05,11.27,11.12,11.27,11.12,11.36,11.12,11.36,11.05,11.12,11.36,11.36,11.12,11.12,11.27,11.27,11.36,11.27,11.36,11.12,11.12,11.48,11.36,11.05,11.36,11.36,11.05,11.36,11.36,11.36,11.36,11.36,11.48,11.36,11.36,11.27,11.36,11.36,11.36,11.48,11.36,11.48,11.27,11.36,11.27,11.36,11.58,11.48,11.36,11.58,11.58,11.48,11.27,11.36,11.36,11.27,11.27,11.27,11.36,11.36,11.70,11.48,11.58,11.70,11.36,11.36,11.12,11.36,11.48,11.27,11.27,11.27,11.58,11.58,11.36,11.36,11.05,11.36,11.27,11.27,11.27,11.12,11.36,11.12,11.36,11.36,11.36,11.48,11.12,11.27,11.36,11.48,11.36,11.36,11.27,11.36,11.27,11.27,11.36,11.48,11.36,11.36,11.12,11.12,11.27,11.27,11.58,11.27,11.36,11.36,11.05,11.12,11.12,11.36,11.27,11.27,11.27,11.27,11.27,11.12,11.36,11.36,11.27,11.36,11.70,11.70,11.58,11.70,11.58,11.58,11.70,11.92,11.70,11.58,11.80,11.80,11.80,11.80
12.06,11.70,11.80,11.48,11.48,11.92,11.80,12.06,12.06,11.92,12.06,12.28,12.28,12.50,12.38,12.14,12.59,12.28,11.92,11.70,11.70,11.80,11.48,11.70,11.36,11.58,11.36,11.36,11.36,11.27,11.36,11.05,11.12,11.48,11.05,11.12,10.83,11.12,10.91,10.83,11.12,10.83,11.12,10.83,11.05,10.47,10.91,10.69,10.69,10.83,10.47,10.56,11.05,10.47,10.69,10.83,10.69,10.56,10.83,10.91,11.12,10.83,11.12,11.05,11.12,11.12,11.12,11.27,10.83,11.36,11.27,466.03,11.27,11.36,10.91,11.05,10.91,10.91,10.83,10.69,10.91,10.91,10.91,11.12,10.83,10.83,11.12,11.12,10.91,11.12,11.12,11.27,11.36,11.27,11.05,11.12,11.27,11.12,11.12,11.36,11.27,11.05,11.12,11.05,11.27,10.91,11.27,11.12,11.27,11.12,11.12,11.36,11.27,11.12,10.83,11.12,10.69,11.05,11.12,11.05,10.91,11.05,11.27,11.05,11.27,11.36,11.12,11.05,11.12,11.12,11.12,11.05,11.12,11.27,11.12,11.12,11.36,11.27,11.48,11.05,11.36,11.27,11.05,11.27,11.12,11.05,11.27,11.12,11.36,11.48,11.12,11.12,11.27,11.27,11.36,11.27,10.91,11.12,11.36,11.36,11.58,11.12,11.58,11.36,11.36,11.12,11.36,11.36,11.12,11.48,11.27,11.27,11.36,11.58,11.36,11.36,11.36,11.12,11.36,11.12,11.27,11.36,11.12,11.36,11.27,11.05,11.36,11.27,11.36,11.27,11.05,11.36,11.36,11.12,11.05,11.36,11.05,11.05,11.27,11.36,11.27,11.05,11.12,11.36,11.27,11.36,11.27,11.36,11.48,11.27,11.27,11.27,11.36,11.27,11.12,11.36,11.27,11.27,11.05,11.36,11.36,11.05,11.36,11.27,11.12,11.12,11.05,11.27,11.05,11.36,11.05,10.91,11.27,11.05,10.91,11.12,10.91,11.12,11.12,11.12,11.27,11.27,11.48,11.36,11.48,11.36,11.80,11.58,11.70,11.58,11.80,11.70,11.36,11.70,11.58,11.70
11.80,11.58,11.48,11.80,11.80,11.80,11.70,11.80,12.06,12.06,11.80,12.06,12.14,12.38,12.28,12.28,12.06,12.28,12.06,12.06,11.58,11.80,11.70,11.80,11.70,11.58,11.05,11.58,11.36,11.36,11.48,11.36,11.36,11.36,11.36,11.27,11.27,10.91,11.27,11.12,11.05,11.12,10.91,10.83,11.05,10.91,10.91,10.91,10.69,10.47,10.91,10.47,10.69,10.91,10.56,10.56,10.56,10.69,10.91,10.56,10.91,10.83,10.91,11.05,11.05,11.05,11.36,11.05,11.36,11.05,11.27,11.12,11.27,11.27,11.27,11.12,11.05,11.12,10.91,11.05,10.56,10.91,10.91,11.05,11.12,11.27,11.05,11.05,11.12,11.05,11.12,11.27,11.27,11.05,11.12,11.27,11.58,10.83,11.27,11.12,11.36,11.05,11.12,11.12,11.27,11.05,11.36,11.05,11.36,11.27,11.12,11.12,10.91,11.36,11.12,11.05,11.05,11.05,11.12,11.12,11.12,11.12,11.05,10.91,11.12,11.27,11.27,11.12,11.05,11.12,11.12,10.91,11.05,11.12,11.05,11.12,11.27,11.36,11.36,11.36,11.12,11.12,11.36,11.48,11.36,11.12,11.27,11.36,11.36,11.36,11.36,11.36,11.36,11.36,11.27,11.05,11.12,11.05,11.36,11.36,11.36,11.05,11.36,11.27,11.36,11.36,11.12,11.27,11.36,11.27,11.36,11.48,11.27,11.36,11.36,11.27,11.36,11.27,11.27,11.36,11.36,11.27,11.58,11.48,11.48,11.27,11.36,11.36,11.12,11.36,11.12,11.05,11.27,11.12,11.36,11.12,11.05,11.12,11.27,11.12,11.27,11.27,11.12,11.36,11.27,11.27,11.27,11.36,11.48,11.12,11.27,10.91,11.12,10.91,11.36,11.36,11.27,11.05,11.12,11.36,10.91,11.05,11.05,11.12,11.12,11.27,11.12,11.12,11.36,11.05,11.05,11.27,11.36,11.27,11.05,11.27,11.27,11.05,11.27,10.91,11.36,11.48,11.58,11.36,11.48,11.70,11.58,11.36,11.58,11.80,11.80,11.70,12.06,11.80,11.80,11.48
11.80,11.92,11.70,11.70,11.80,11.80,11.58,12.06,12.28,12.06,12.14,11.92,12.14,12.14,12.06,12.28,12.28,12.28,12.50,12.38,11.80,11.58,11.80,11.80,11.80,11.80,11.58,11.36,11.58,11.58,11.36,11.36,11.12,11.12,11.36,11.27,11.12,11.27,11.36,11.12,11.12,11.27,11.05,11.05,10.69,11.05,10.91,10.83,10.56,10.83,10.56,10.56,10.69,10.69,10.69,10.56,11.05,10.69,10.83,10.69,10.83,10.83,10.69,10.69,11.05,10.91,11.27,11.36,11.36,11.05,11.27,11.12,11.27,11.27,11.36,11.05,11.36,11.12,11.05,10.83,11.05,10.91,10.91,10.91,11.05,11.27,10.83,11.27,11.27,11.27,11.05,11.12,11.27,11.12,11.36,11.05,11.12,11.27,11.36,11.12,11.36,11.36,11.36,11.27,11.27,11.05,11.27,11.05,11.27,11.05,11.12,11.12,11.36,11.05,11.27,11.12,11.05,11.12,11.27,11.12,11.36,10.91,11.12,11.12,11.27,11.05,11.27,11.05,11.12,11.12,11.12,10.91,11.05,11.27,11.05,11.12,11.27,11.12,11.48,11.27,11.12,11.27,11.36,11.27,11.27,11.36,11.36,11.36,11.36,11.12,11.48,11.48,11.36,11.12,11.36,11.36,11.36,11.27,11.36,11.36,11.36,11.36,11.36,11.27,11.36,11.27,11.36,11.36,11.36,11.36,11.36,11.36,11.36,11.12,11.36,11.36,11.36,11.27,11.36,11.36,11.12,11.36,11.36,11.58,11.48,11.27,11.27,11.27,11.58,11.12,11.12,11.36,11.27,11.05,11.36,11.36,11.27,11.27,11.36,11.27,11.36,11.36,11.36,11.12,11.12,11.36,11.12,11.36,11.36,11.36,11.36,11.12,11.36,11.27,11.05,11.27,11.27,11.36,11.05,11.27,11.12,11.27,10.91,11.27,11.12,11.12,11.27,11.27,10.83,11.27,11.12,11.12,11.12,11.12,11.27,11.27,11.36,11.27,11.12,11.12,11.58,11.58,11.80,11.36,11.70,11.80,11.80,11.70,11.80,11.48,11.70,11.80,11.80,11.58,11.80,11.70
11.92,11.36,11.70,11.80,11.70,11.80,11.92,12.06,12.06,12.14,12.28,12.06,12.06,12.50,12.28,12.14,12.38,12.81,12.38,12.50,11.70,11.70,11.80,11.80,11.70,11.80,11.36,11.70,11.80,11.80,11.27,11.27,11.12,11.36,11.12,11.36,11.12,11.27,11.05,11.27,11.27,10.69,10.91,10.91,10.69,10.69,10.56,10.69,10.83,10.69,10.56,10.47,10.69,10.83,10.69,10.69,10.83,10.69,10.33,10.83,10.56,10.56,10.91,10.91,10.91,10.91,10.56,11.05,11.12,11.12,11.05,11.12,11.36,11.12,11.36,11.05,11.27,11.05,11.05,11.12,11.12,10.83,10.83,11.12,10.91,11.05,11.12,11.05,11.12,11.12,11.27,11.12,11.27,11.12,11.36,11.27,11.12,11.36,11.12,11.27,11.27,10.91,11.12,11.27,11.27,11.05,11.12,11.05,11.12,11.05,11.12,11.12,11.12,11.36,11.05,11.36,11.12,10.91,11.27,11.05,10.91,11.12,10.91,11.27,11.05,10.91,11.36,11.27,11.05,11.12,11.27,11.12,11.05,11.05,11.12,11.05,11.27,11.36,11.05,11.36,11.12,11.12,11.36,10.91,11.36,11.27,11.27,11.05,11.36,11.12,11.12,11.12,11.05,11.36,11.05,11.36,11.48,11.27,11.36,11.36,11.36,11.12,11.36,11.27,11.36,11.48,11.27,11.05,11.36,11.36,11.36,11.27,11.05,11.36,11.36,11.05,11.27,11.12,11.27,11.36,11.48,11.58,11.36,11.48,11.36,11.12,11.12,11.12,11.36,11.36,11.27,11.36,11.27,11.12,11.36,11.12,10.83,11.36,11.36,11.27,11.27,11.12,11.12,11.36,11.36,11.05,11.12,11.36,11.36,11.27,11.27,11.36,11.27,11.36,11.12,10.91,11.12,11.27,11.27,11.27,11.12,11.12,11.27,11.12,11.36,11.36,11.12,11.12,11.27,11.36,11.05,11.36,11.36,11.05,11.05,11.05,11.27,11.05,11.36,11.36,11.36,11.58,11.27,11.36,11.58,11.58,11.70,11.58,11.70,11.80,11.80,11.80,11.70,11.58,11.92,11.70
