11.70,11.80,11.70,11.80,11.80,11.12,11.36,11.58,11.27,11.27,11.36,11.12,11.05,10.91,10.91,11.05,11.05,10.83,11.05,10.91,10.91,10.69,11.05,11.12,10.91,10.91,10.83,10.69,10.83,10.83,10.91,10.56,10.69,10.69,10.47,10.56,10.69,10.56,10.56,10.91,10.47,10.56,10.69,10.56,10.47,10.56,10.56,10.69,10.69,10.47,10.69,10.91,10.69,10.56,10.91,10.69,10.47,10.69,10.91,10.56,10.91,10.91,10.56,10.69,10.91,11.12,11.12,11.12,11.27,11.70,12.59,13.25,14.94,17.72,20.55,23.38,25.09,26.30,27.53,28.62,29.03,30.09,30.17,30.09,30.00,29.78,29.88,29.88,29.64,29.88,29.78,29.64,29.56,29.64,29.88,29.78,29.88,30.00,30.09,30.00,30.09,29.88,30.00,30.00,29.64,29.88,29.56,30.00,30.09,29.56,29.88,29.88,29.34,29.34,29.64,29.64,29.64,29.56,29.78,29.64,29.78,29.78,29.64,29.56,29.56,29.56,29.47,29.34,29.64,29.64,29.64,29.56,29.64,29.78,29.56,29.64,29.56,29.47,29.64,29.56,29.78,29.64,29.78,29.78,29.64,29.88,30.00,30.09,30.09,30.00,30.00,30.31,30.09,30.17,29.88,30.17,30.17,30.17,30.17,30.31,30.17,30.17,30.41,30.31,30.41,30.41,30.84,30.70,30.53,30.94,30.84,30.70,30.84,30.84,30.62,30.70,31.02,30.70,30.94,30.94,30.62,30.84,30.53,30.53,30.84,30.70,30.70,30.70,30.70,30.84,31.02,31.02,31.16,31.16,31.55,31.45,30.70,29.64,28.81,28.09,26.69,25.41,24.56,24.03,466.03,23.16,21.73,19.58,16.39,14.05,12.94,11.80,11.48,11.36,11.05,11.12,10.91,10.91,11.05,10.91,10.83,10.47,10.25,10.56,10.47,10.33,10.47,10.83,10.47,10.47,10.56,10.33,10.56,10.25,10.25,10.11,10.03,10.25,10.56,10.33,10.47,10.47,10.69,10.56,10.83,10.47,10.83,10.56,10.91,10.69,10.56,10.69,10.25,10.69,10.56,10.69
10.69,11.80,11.58,11.36,11.80,11.36,11.58,11.48,11.36,11.48,11.05,11.36,11.12,11.36,11.12,11.05,11.05,11.05,10.91,11.12,10.69,10.56,10.91,11.36,10.83,10.69,10.69,10.83,10.91,10.91,10.69,10.56,11.05,10.69,10.56,10.83,10.56,10.69,10.56,10.69,10.56,10.56,10.33,10.56,10.69,10.56,10.33,10.56,10.69,10.56,10.56,10.47,10.56,10.83,10.56,10.69,10.69,10.56,10.69,10.83,10.47,10.83,10.91,10.91,11.05,11.12,10.91,11.48,11.12,11.48,11.80,13.03,14.19,16.70,19.58,22.27,24.44,25.84,27.34,28.41,29.25,29.88,30.00,30.31,29.56,29.64,29.64,29.88,30.00,29.88,29.64,29.88,29.88,30.00,29.78,29.88,29.88,30.00,30.00,30.09,29.88,30.09,30.00,29.88,30.00,30.00,30.00,29.64,29.88,29.78,29.64,29.64,29.64,29.56,29.78,29.88,29.56,29.64,29.56,29.78,29.78,29.47,29.64,29.78,29.88,29.56,29.88,29.47,29.34,29.56,29.64,29.56,29.64,29.78,29.56,29.56,29.56,29.34,29.56,29.56,29.64,29.56,29.64,29.64,29.64,29.64,29.78,29.78,30.00,30.00,30.09,30.17,30.17,30.17,30.00,30.00,30.09,30.17,30.17,30.17,30.31,30.00,30.31,30.41,30.31,30.41,30.31,30.84,30.53,30.53,30.70,30.84,30.70,30.84,30.84,30.62,30.70,30.70,30.53,30.84,30.62,30.70,30.70,30.70,30.41,30.84,30.53,30.53,30.70,30.70,30.84,30.70,30.53,31.02,31.23,31.23,31.55,30.84,30.31,29.56,28.62,27.34,26.47,25.53,24.56,23.59,22.84,21.08,17.80,15.38,13.95,12.94,11.92,11.70,11.36,11.36,11.05,10.91,10.83,10.56,10.83,10.33,10.83,10.47,10.33,10.56,10.47,10.33,10.56,10.11,10.47,10.56,10.33,10.47,10.25,10.47,10.33,10.11,10.33,10.33,10.56,10.33,10.11,10.33,10.33,10.56,10.56,10.56,10.47,10.56,10.56,10.56,10.83,10.69,10.69,10.83
10.69,12.28,11.48,11.58,11.70,11.58,11.58,11.36,11.58,11.36,11.12,11.58,11.27,11.12,11.05,11.27,11.27,11.12,10.91,11.05,10.69,10.91,10.91,11.05,10.91,10.91,10.69,10.69,10.69,10.69,10.91,10.91,11.12,10.83,11.05,10.91,10.69,10.56,10.56,10.69,10.69,10.69,10.47,10.83,10.56,10.69,10.83,10.83,10.56,10.91,10.91,10.83,10.69,10.69,10.69,10.83,10.56,10.91,10.69,10.91,10.83,10.69,10.91,11.05,10.56,11.12,11.27,11.36,11.36,12.14,12.38,13.83,15.73,19.12,21.73,23.81,25.62,27.00,27.97,29.03,29.88,30.00,29.88,29.78,29.56,29.78,29.88,30.00,29.64,29.88,29.64,30.00,30.00,29.88,30.00,30.09,30.00,30.00,30.00,30.00,30.00,30.00,30.00,29.88,29.88,30.09,30.09,29.78,30.00,29.88,29.78,29.56,29.88,29.64,29.64,29.78,29.64,30.00,29.64,29.88,29.78,30.09,30.00,29.64,29.64,29.56,29.78,29.56,29.56,29.64,29.78,29.56,29.64,29.78,29.56,29.56,29.56,29.64,29.78,29.56,29.78,29.64,29.78,29.64,29.78,30.00,30.00,30.09,30.09,30.09,30.00,30.17,30.53,30.09,30.31,30.17,30.53,30.17,30.17,30.31,30.17,30.53,30.17,30.31,30.41,30.70,30.53,30.62,30.84,30.53,30.70,31.02,30.70,30.84,30.84,30.70,30.84,30.70,30.62,30.84,30.84,31.02,30.84,30.84,30.70,30.53,30.62,30.31,30.53,30.70,30.70,30.84,30.84,31.02,31.16,31.23,31.38,31.23,30.84,30.31,29.64,28.81,28.09,27.22,26.30,24.88,23.69,22.27,20.55,18.47,15.95,14.05,12.81,12.38,11.58,11.36,11.27,11.05,11.05,10.83,10.91,10.56,10.56,10.91,10.69,10.91,10.69,10.56,10.56,10.47,10.56,9.81,10.33,10.47,10.11,10.25,10.33,10.56,10.33,10.47,10.47,10.83,10.56,10.56,10.47,10.47,10.56,10.56,10.56,10.69,10.56,10.91,10.56,10.91,10.69,10.83
10.56,11.58,11.36,11.80,11.36,11.36,11.48,11.58,11.36,11.27,11.12,11.05,10.91,11.05,10.91,10.91,10.91,10.91,11.12,11.12,10.56,10.33,10.91,11.05,10.69,10.69,10.91,10.91,10.91,10.83,10.69,10.56,10.56,10.91,10.56,10.56,10.33,10.47,10.33,10.56,10.56,10.56,10.83,10.69,10.56,10.47,10.47,10.47,10.69,10.91,10.33,10.47,10.56,10.56,10.69,10.91,10.33,10.91,10.83,10.56,10.56,11.12,11.05,10.83,10.56,10.83,11.36,11.36,11.80,12.28,13.17,14.70,18.16,21.20,23.59,24.97,26.38,27.66,28.50,29.64,29.88,30.09,29.64,29.64,29.56,29.88,29.88,29.88,29.88,29.78,29.88,29.88,30.17,29.88,29.78,30.00,29.88,30.00,29.88,29.88,29.88,30.00,29.78,29.88,29.78,29.78,30.09,29.78,30.00,29.78,29.78,29.56,29.64,29.56,29.78,29.78,29.64,30.00,29.78,30.00,29.78,29.64,30.00,29.64,29.64,29.56,29.64,29.34,29.78,29.56,29.78,29.56,29.64,29.47,29.56,29.56,29.47,29.34,29.56,29.64,29.64,29.56,29.56,29.78,29.78,29.64,30.00,30.17,29.88,30.00,30.17,30.31,30.09,30.31,30.17,30.31,30.17,30.31,30.09,30.31,30.41,30.31,30.09,30.31,30.31,30.53,30.31,30.70,30.53,30.53,30.53,30.84,30.70,30.84,31.02,30.94,30.62,30.84,30.70,30.70,30.94,30.70,30.70,30.70,30.62,30.53,30.53,30.41,30.31,30.53,30.53,30.62,30.70,31.16,31.16,31.23,31.16,31.45,31.16,31.16,30.62,29.78,29.03,28.41,26.91,25.84,24.56,23.59,22.27,21.42,19.12,16.39,13.73,12.50,12.06,11.48,11.12,11.27,10.83,10.69,10.47,10.69,10.83,10.25,10.69,10.47,10.47,10.47,10.47,10.11,10.33,10.11,10.33,9.89,10.03,9.81,10.11,10.03,10.33,10.33,10.25,10.33,10.56,10.56,10.33,10.33,10.47,10.56,10.47,10.33,10.56,10.33,10.56,10.56,10.47,10.56
10.47,11.70,11.58,11.36,11.70,11.36,11.36,11.48,11.36,11.27,11.27,11.05,11.27,11.12,10.91,11.36,11.12,11.12,11.27,11.27,10.91,10.91,10.83,10.56,11.05,10.91,10.83,11.05,10.69,10.91,11.12,10.83,11.05,10.91,10.56,10.69,10.56,10.91,10.69,11.05,10.56,10.33,10.83,10.56,10.69,10.91,10.33,10.83,10.56,10.69,10.56,10.83,10.83,10.91,10.91,10.91,10.69,11.05,10.91,10.69,10.83,11.27,11.27,11.27,10.91,11.27,11.70,12.06,12.06,12.72,14.19,16.70,20.23,22.62,24.56,26.06,27.44,28.41,29.25,29.64,30.09,29.78,29.56,29.47,30.00,29.78,29.88,30.09,30.00,29.88,30.17,29.88,30.31,30.17,30.00,30.00,30.17,30.00,29.64,29.88,30.17,30.00,30.00,30.00,30.09,29.88,30.09,29.64,29.78,30.00,29.64,29.88,29.88,29.56,30.00,30.00,30.17,30.00,29.88,29.78,29.64,29.64,29.78,29.56,29.56,29.56,29.78,29.47,29.78,29.56,29.64,29.56,29.78,29.56,29.56,29.78,29.64,29.64,29.56,29.56,29.64,30.00,29.56,29.78,29.78,29.88,30.17,30.17,30.09,30.17,30.31,30.09,30.17,30.31,30.31,30.17,30.53,30.31,30.53,30.17,30.31,30.17,30.53,30.53,30.17,30.62,30.53,30.62,30.53,30.53,30.70,30.94,30.84,31.02,30.94,30.84,30.84,31.02,30.84,31.02,30.94,31.02,30.84,30.84,30.70,30.84,30.70,30.62,30.70,30.41,30.84,30.62,30.94,31.02,31.23,31.02,31.38,31.55,31.38,31.55,31.38,30.53,29.34,28.72,27.88,26.59,25.62,24.34,23.06,22.48,21.08,18.59,15.73,13.73,12.38,12.06,11.36,11.36,11.05,10.91,10.69,11.05,10.47,10.83,10.47,10.69,10.56,10.69,10.47,10.56,10.47,10.56,10.56,10.25,10.69,10.47,10.56,10.11,10.33,10.47,10.11,10.47,10.56,10.56,10.47,10.56,10.83,10.56,10.83,10.47,10.69,10.83,10.91,10.56,10.56,10.69
10.56,11.70,11.70,11.58,11.48,11.70,11.58,11.58,11.36,11.27,11.27,11.12,11.12,10.91,11.27,11.36,11.36,11.36,11.12,11.05,10.91,10.83,11.12,10.91,10.91,11.12,10.91,10.91,10.69,11.27,11.05,10.83,10.69,11.12,10.69,10.69,10.69,10.83,10.83,10.47,10.33,10.47,10.69,10.91,10.69,10.83,10.56,10.47,10.56,10.91,10.69,10.56,10.56,10.69,11.05,10.83,11.05,11.05,10.56,10.91,11.05,11.05,11.27,11.12,11.12,11.36,11.36,12.06,12.28,13.03,15.50,18.59,22.09,24.12,25.53,27.22,27.97,29.03,29.47,30.00,30.17,30.00,29.64,29.64,30.00,29.78,30.09,30.00,30.09,30.00,30.17,30.00,30.09,30.00,30.00,30.17,30.09,30.09,29.88,29.88,30.00,30.17,30.00,30.00,29.88,29.88,29.88,29.88,29.88,29.88,29.64,30.09,29.88,29.88,30.00,30.00,29.88,30.00,30.00,29.78,30.00,29.88,29.64,29.47,29.88,29.64,29.56,29.78,29.88,29.78,30.00,29.47,29.64,29.78,29.56,29.78,29.78,29.64,30.00,29.56,29.56,29.78,29.64,29.78,29.64,29.78,29.88,30.31,30.00,30.31,30.17,30.31,30.53,30.17,30.53,30.31,30.31,30.31,30.53,30.53,30.31,30.53,30.17,30.53,30.31,30.53,30.70,30.53,30.53,30.53,30.84,30.84,30.84,30.94,31.02,31.16,30.84,30.84,30.84,30.84,31.16,30.94,30.94,30.94,30.70,30.94,30.70,30.53,30.62,30.70,30.70,30.84,30.84,31.02,30.94,31.16,31.23,31.16,31.02,31.45,31.23,30.84,30.00,29.16,27.97,26.91,26.06,24.97,23.91,23.38,22.70,20.67,17.72,14.70,13.73,12.06,11.80,11.70,11.12,11.12,10.69,10.83,10.83,11.05,10.56,10.83,10.56,10.47,10.47,10.69,10.47,10.69,10.69,10.56,10.47,10.25,10.33,10.47,10.56,10.25,10.56,10.33,10.25,10.47,10.25,10.91,10.56,10.69,10.47,10.69,10.69,10.56,10.56,10.69,10.69,10.56
10.69,11.70,11.36,11.48,11.48,11.36,11.58,11.12,11.36,11.12,11.27,11.12,11.12,11.12,10.83,11.27,10.91,10.91,11.27,11.05,11.05,10.83,11.12,11.05,10.91,10.91,11.05,10.69,10.69,10.91,11.05,10.83,11.12,11.27,11.12,10.83,10.83,10.91,10.83,10.83,10.69,10.83,10.56,10.69,10.56,10.56,10.56,10.56,10.69,10.69,10.47,10.91,10.56,10.69,11.05,10.83,10.91,10.91,11.05,10.91,10.91,11.05,11.05,11.05,11.12,11.58,11.80,12.28,13.03,14.27,16.70,20.67,23.38,25.19,26.38,27.44,28.62,29.47,29.64,30.17,30.00,29.47,29.34,29.64,30.00,30.00,30.09,29.78,30.00,30.09,30.17,30.09,30.31,30.09,30.09,30.09,30.09,30.00,30.00,30.17,30.00,30.00,30.00,30.00,29.88,29.88,29.78,29.64,30.00,30.00,29.88,29.88,29.88,30.00,29.78,30.00,30.00,29.88,30.00,29.78,29.88,29.88,29.64,29.78,29.78,29.64,29.64,29.88,29.88,29.78,29.56,29.64,29.56,29.56,29.56,29.56,29.78,29.78,29.88,29.56,29.78,29.78,29.88,29.88,29.64,29.78,30.00,30.17,30.09,30.31,30.09,30.31,30.31,30.41,30.31,30.41,30.17,30.53,30.31,30.31,30.31,30.17,30.17,30.41,30.31,30.31,30.53,30.53,30.41,30.62,30.70,30.84,30.70,30.70,30.84,31.02,30.94,30.84,30.70,31.02,30.94,31.02,31.02,30.84,30.53,30.94,30.70,31.02,30.84,30.70,31.02,30.62,30.84,30.84,31.16,31.02,31.02,31.16,31.23,31.23,31.38,31.23,30.70,29.47,28.62,27.22,26.59,25.94,24.97,24.12,23.69,22.09,19.34,16.83,14.84,13.17,12.06,11.36,11.12,11.12,11.05,10.91,10.69,10.56,10.47,10.69,10.33,10.56,10.56,10.56,10.33,10.47,10.69,10.47,10.25,10.56,10.47,10.11,10.11,10.11,10.33,10.25,10.33,10.33,10.47,10.56,10.11,10.69,10.56,10.83,10.69,10.56,10.56,10.56,10.56,10.83
10.69,11.58,11.36,11.48,11.27,11.36,11.05,11.12,11.05,11.12,11.05,11.12,11.27,11.05,10.91,10.91,10.91,11.05,11.05,10.83,10.56,10.69,10.83,10.91,10.91,10.91,10.69,11.12,11.12,10.91,11.36,11.12,11.58,11.80,11.58,11.70,11.36,11.48,11.12,10.69,10.33,10.47,10.83,10.47,10.83,10.56,10.56,10.47,10.56,10.56,10.56,11.05,10.69,10.56,10.69,10.83,11.12,10.91,10.56,10.83,11.05,11.12,10.91,11.27,11.27,11.48,11.92,12.38,13.61,15.50,18.91,22.27,24.03,25.84,27.00,28.28,29.16,29.56,29.78,29.64,29.78,29.88,29.56,29.78,29.78,29.78,30.00,30.09,30.09,30.00,30.09,30.09,30.17,30.00,30.00,30.00,30.09,29.78,29.88,30.00,30.00,29.78,29.88,30.00,29.78,29.78,30.00,29.78,29.88,29.88,29.78,30.00,29.88,29.47,29.88,30.00,29.64,29.64,29.88,30.00,29.64,30.09,29.88,29.78,29.88,29.64,29.88,29.56,29.64,29.56,29.56,29.78,29.78,29.78,30.00,29.78,29.64,29.78,29.56,29.78,29.56,29.64,29.78,29.64,29.88,29.88,30.00,30.09,30.17,30.17,30.17,30.31,30.31,30.31,30.41,30.17,30.31,30.17,30.41,30.53,30.17,30.62,30.53,30.41,30.31,30.31,30.41,30.53,30.41,30.41,30.53,30.70,30.70,30.70,30.70,30.84,30.70,30.70,30.70,30.70,30.84,31.02,30.84,30.84,30.84,30.84,31.02,30.84,30.62,30.62,30.84,30.84,30.70,30.70,30.94,30.84,31.16,31.02,30.94,31.38,31.16,31.23,31.02,30.31,29.16,27.22,26.81,26.38,25.41,24.88,24.12,22.84,20.77,17.50,14.84,13.17,12.50,11.58,11.27,11.12,11.27,11.05,10.69,10.56,10.33,10.47,10.56,10.47,10.47,10.56,10.25,10.47,10.47,10.25,10.33,10.11,10.69,10.33,10.56,10.11,10.25,10.47,10.56,10.33,10.25,10.56,10.47,10.47,10.56,10.47,10.33,10.56,10.91,10.69,10.25,11.05
10.83,11.36,11.58,11.36,11.58,11.36,11.48,11.48,11.36,11.05,11.05,11.36,11.12,11.27,11.05,11.05,10.91,10.83,11.12,10.56,10.69,11.05,11.12,11.05,10.69,10.83,10.83,11.12,11.36,11.48,11.36,11.36,11.80,11.92,12.28,12.28,11.80,11.80,11.36,11.58,10.83,10.56,10.83,10.83,10.83,10.69,10.91,10.56,10.69,10.69,10.69,10.83,10.91,11.05,10.69,10.69,10.69,10.69,10.91,10.91,11.05,11.27,11.27,11.36,11.36,11.48,12.14,13.03,14.84,17.94,21.30,23.59,25.41,26.47,27.75,28.81,29.34,30.09,29.88,29.64,29.88,29.78,29.34,29.64,29.78,30.09,30.00,30.17,30.17,30.09,30.00,30.17,30.09,30.09,30.09,30.00,29.88,30.00,30.00,30.17,30.00,29.78,29.88,30.00,30.00,29.88,29.88,29.64,29.78,29.64,29.64,30.00,29.88,29.56,29.64,30.09,29.78,29.88,30.00,29.88,30.00,29.56,29.88,29.78,30.09,29.78,30.00,29.88,29.64,29.78,29.88,29.78,29.56,29.64,29.64,29.78,29.78,29.78,29.78,29.64,29.64,29.78,29.78,29.88,30.17,30.17,30.00,30.09,30.17,30.09,30.31,30.17,30.31,30.41,30.53,30.53,30.41,30.31,30.41,30.53,30.31,30.41,30.31,30.31,30.17,30.53,30.53,30.53,30.31,30.62,30.70,30.62,30.53,30.84,31.02,30.94,30.84,30.84,31.02,30.70,30.94,30.70,30.84,30.84,30.70,30.70,30.84,30.94,30.84,31.02,30.53,30.84,30.84,30.84,31.02,30.84,30.84,31.16,31.02,31.23,31.23,31.23,31.38,31.23,30.31,29.25,28.09,27.44,26.59,25.19,24.22,23.38,21.42,18.83,16.03,14.05,13.03,12.06,11.48,11.12,11.12,10.83,11.12,11.05,10.83,10.69,10.56,10.33,10.56,10.56,10.47,10.33,10.47,10.33,10.25,10.33,10.33,10.56,10.56,10.47,10.33,10.25,10.33,10.47,10.56,10.47,10.47,10.47,10.47,10.69,10.33,10.56,10.33,10.69,10.69,10.56
10.56,11.58,11.58,11.48,11.58,11.27,11.36,11.36,10.91,11.12,11.05,10.69,11.05,10.91,11.05,10.83,11.12,10.83,11.05,11.05,10.83,10.83,11.05,10.56,11.05,11.05,10.91,10.56,11.05,10.91,11.05,11.27,11.36,11.92,11.80,11.70,11.80,12.28,12.06,11.92,11.58,11.05,10.91,11.05,10.69,10.91,10.69,11.05,10.69,11.05,10.83,10.91,11.05,10.56,10.56,10.91,10.69,11.05,11.05,10.91,10.83,11.27,11.12,11.36,11.58,11.92,12.94,13.61,15.81,19.80,22.70,24.78,25.94,27.00,27.97,29.03,29.78,30.09,29.64,29.64,29.34,29.56,29.78,29.78,29.88,30.00,30.09,30.31,29.88,30.09,30.31,30.09,30.00,30.00,29.88,29.88,29.78,30.09,29.88,29.78,30.17,29.78,30.00,29.88,29.88,29.78,29.88,29.88,30.00,29.64,29.64,30.00,30.17,29.88,29.78,30.09,29.64,29.88,29.78,29.88,29.88,29.88,29.56,29.56,29.88,29.78,30.00,29.64,29.78,30.00,29.88,29.56,29.78,29.78,29.78,29.78,29.78,29.64,29.56,29.88,29.78,30.00,30.00,30.09,30.00,29.64,30.00,30.09,30.09,30.17,30.09,30.31,30.53,30.41,30.31,30.31,30.31,30.53,30.31,30.41,30.31,30.53,30.31,30.41,30.41,30.31,30.53,30.53,30.41,30.31,30.53,30.94,30.53,30.94,30.94,30.84,30.84,30.84,30.84,30.70,31.02,30.94,30.84,31.02,30.84,30.94,31.16,30.84,30.84,31.02,30.94,30.84,30.53,30.70,31.16,30.84,30.70,31.02,30.70,31.16,31.02,31.02,31.38,31.45,30.94,30.17,29.16,28.41,27.34,26.30,24.88,23.59,22.09,20.45,17.72,15.16,13.73,12.38,11.58,11.36,11.27,11.27,10.91,10.83,10.56,10.69,10.83,10.11,10.56,10.47,10.33,10.25,10.11,10.83,10.56,10.47,10.47,10.25,10.11,10.33,10.33,10.47,10.25,10.03,10.47,10.56,10.69,10.33,10.56,10.56,10.25,10.56,10.47,10.69,10.83,10.56
10.56,11.36,11.36,11.36,11.36,11.36,10.91,11.05,11.12,11.05,11.36,11.12,11.05,10.83,10.69,11.12,11.12,10.56,11.05,10.83,10.69,10.91,10.91,10.69,10.56,10.91,10.69,10.69,10.91,10.69,10.83,11.12,11.12,11.58,12.06,11.70,11.80,12.14,11.92,11.92,11.70,11.70,11.12,11.12,11.05,11.05,10.91,10.91,10.69,10.91,11.05,10.83,10.69,10.91,10.69,10.91,10.91,11.05,11.05,11.12,11.12,11.27,11.58,11.36,11.58,12.38,13.17,14.84,17.94,21.08,23.59,25.41,26.59,27.75,28.72,29.34,30.17,29.88,29.34,29.56,29.64,29.64,29.64,29.78,30.09,30.00,30.17,30.17,30.09,30.17,30.31,30.00,30.00,29.78,30.00,30.09,29.88,30.00,29.88,29.64,30.00,29.88,29.88,29.88,29.64,29.56,30.00,29.56,30.00,29.78,29.88,29.78,30.00,29.64,29.78,30.09,29.88,30.31,30.00,30.09,30.09,29.78,29.78,29.47,29.78,29.78,29.78,29.88,29.88,29.78,29.64,29.78,29.88,29.64,29.64,29.64,29.78,29.88,29.78,30.09,29.78,29.64,29.88,30.00,30.00,29.78,29.88,30.31,30.00,30.09,30.00,30.17,30.31,30.31,30.41,30.31,30.53,30.53,30.31,30.53,30.70,30.53,30.31,30.53,30.31,30.31,30.53,30.53,30.41,30.41,466.03,30.53,30.70,30.41,30.84,30.70,31.02,30.70,30.84,30.94,31.16,30.94,30.70,31.02,31.16,30.94,31.16,31.16,30.94,31.02,31.02,31.02,30.84,30.84,30.84,31.02,30.94,30.84,30.70,31.02,30.84,31.23,31.02,31.16,31.55,31.55,30.84,30.17,29.47,27.97,27.34,26.06,24.66,23.06,21.20,18.59,16.17,14.27,13.39,12.38,11.58,11.36,11.05,11.05,11.27,10.69,10.69,10.69,10.47,10.56,10.69,10.33,10.69,10.11,10.33,10.47,10.33,10.33,10.47,10.47,10.25,10.03,10.47,10.33,10.47,10.25,10.56,10.47,10.33,10.56,10.33,10.56,10.91,10.47,10.56,10.69
10.47,10.56,11.58,11.27,11.05,11.36,11.27,11.12,11.36,11.05,10.91,10.83,11.12,10.91,10.91,11.05,10.56,10.83,10.83,10.91,10.69,10.47,10.91,10.91,11.05,10.69,10.56,10.25,10.83,10.33,10.56,10.56,10.69,10.83,11.05,11.70,11.80,11.80,12.28,12.06,12.06,11.80,11.70,11.80,11.70,11.36,11.36,10.83,10.91,10.83,10.33,10.69,10.69,10.91,10.91,10.69,11.05,10.91,10.91,10.69,11.05,11.05,11.12,11.36,11.36,11.80,12.94,14.05,16.70,20.02,22.84,24.66,26.06,27.22,28.19,29.25,30.00,30.00,29.78,29.64,29.56,29.47,29.56,29.78,29.78,30.09,30.00,30.09,30.00,29.88,30.09,30.17,30.00,30.09,30.00,30.00,30.00,30.00,30.09,30.00,30.09,30.00,29.78,30.00,29.64,29.88,29.64,29.64,29.88,29.64,30.09,29.64,29.64,29.78,29.56,30.00,29.78,29.88,30.00,29.88,29.56,29.88,29.64,30.00,29.88,30.09,30.00,29.88,29.64,29.78,29.78,30.00,29.78,29.88,29.56,29.78,29.64,29.78,29.78,29.78,29.88,29.78,29.64,29.88,30.09,29.88,29.78,30.00,30.00,30.00,30.17,30.31,30.09,30.31,30.53,30.31,30.31,30.31,30.41,30.31,30.17,30.53,30.31,30.53,30.53,30.17,30.17,30.31,30.53,30.53,30.53,30.53,30.62,30.62,30.62,30.70,30.53,30.70,30.84,30.94,30.94,31.02,30.84,31.02,31.02,31.02,31.02,31.16,31.23,30.94,30.84,30.94,30.84,30.84,30.84,30.94,30.94,30.70,30.84,30.53,30.84,31.02,30.94,31.23,31.38,31.55,31.23,30.53,29.78,28.62,27.66,26.69,24.97,23.81,22.17,20.55,18.38,15.81,14.19,13.03,11.92,11.36,11.12,11.05,11.12,10.69,10.56,10.69,10.47,10.69,10.47,10.47,10.33,10.56,10.33,10.47,10.69,10.25,10.33,10.47,10.33,10.33,10.47,10.33,10.47,10.11,10.47,10.33,10.33,10.47,10.33,10.69,10.56,10.56,10.56,10.47
10.56,10.69,11.36,11.36,11.48,11.36,11.12,11.05,11.12,10.91,10.91,11.27,10.83,10.91,11.12,10.83,11.27,11.05,10.91,10.56,10.47,10.69,10.69,11.05,10.83,10.47,10.69,10.56,10.91,10.69,10.56,10.56,11.05,10.91,11.12,11.58,11.48,11.80,12.28,12.28,12.06,12.28,12.06,12.06,11.80,11.92,11.36,11.05,10.69,10.83,10.69,10.83,10.91,10.56,10.91,10.83,10.83,11.05,10.91,11.12,10.91,11.05,11.36,11.36,11.80,12.06,13.03,14.84,18.59,21.88,24.03,25.31,26.47,27.66,28.72,29.34,30.17,30.00,29.56,29.34,29.34,29.56,29.56,29.78,29.88,30.09,30.17,30.09,30.09,29.88,30.00,29.88,30.00,30.31,30.00,29.78,29.88,30.00,30.17,30.17,29.88,30.09,29.64,29.56,29.88,29.64,29.64,29.78,29.64,29.64,29.88,29.88,29.88,29.64,29.56,29.78,29.78,30.17,29.78,29.88,30.09,30.00,29.88,30.00,30.00,29.78,29.88,30.00,29.88,30.00,29.56,29.88,29.88,29.64,29.56,29.64,30.00,29.56,29.56,29.88,29.78,29.78,30.09,30.00,30.09,29.88,30.00,29.88,30.17,30.17,30.09,30.17,30.31,30.31,30.31,30.53,30.17,30.62,30.31,30.41,30.41,30.31,30.41,30.31,30.31,30.31,30.31,30.41,30.31,30.41,30.31,30.41,30.53,30.53,30.53,30.62,30.84,30.84,30.84,30.94,30.84,31.02,31.02,30.84,31.16,31.02,31.02,31.16,31.02,30.94,30.84,31.02,30.84,30.84,30.70,30.70,30.94,30.84,30.84,30.84,30.84,31.16,31.02,31.16,31.23,31.55,31.55,30.84,30.17,29.25,27.88,26.91,25.94,24.34,22.70,21.20,19.58,17.36,15.06,13.47,12.50,11.80,11.58,11.27,10.91,11.05,10.69,10.33,10.56,10.56,10.56,10.25,10.83,10.33,10.56,10.33,10.56,10.33,10.33,10.25,10.47,10.33,10.11,10.69,10.56,10.33,10.47,10.11,10.56,10.56,10.33,10.56,10.33,10.56,10.69,10.33
10.56,10.47,11.36,11.05,11.36,11.36,11.36,11.12,10.91,10.91,10.69,11.27,11.27,10.91,11.05,10.91,10.91,10.91,10.69,10.56,10.56,10.47,10.56,11.12,10.69,10.56,10.56,10.69,10.56,10.69,10.47,10.83,10.56,10.83,10.83,11.12,11.12,11.70,11.92,12.06,12.06,11.80,12.14,12.14,12.06,11.92,11.80,11.58,10.91,10.91,10.69,10.91,10.91,10.69,11.27,10.83,11.12,10.69,10.69,10.83,10.91,11.12,11.48,11.92,11.92,12.38,13.73,16.48,20.02,22.84,24.66,26.16,27.34,28.50,29.25,29.56,29.78,29.78,29.56,29.34,29.25,29.56,29.78,29.78,29.88,30.00,30.00,30.00,30.09,29.88,30.00,30.00,29.64,29.88,29.64,29.88,30.00,29.88,29.78,30.00,29.64,29.88,29.88,29.34,29.56,29.64,29.56,29.56,29.78,29.56,29.56,29.88,29.88,29.78,29.56,29.64,29.88,29.64,29.88,30.00,29.88,30.09,29.64,30.00,29.64,29.88,29.78,29.88,30.00,29.64,29.78,29.56,29.88,29.64,29.64,29.78,29.56,29.34,29.88,29.78,29.88,29.88,30.09,30.09,30.00,29.78,30.00,30.09,30.17,30.17,30.17,30.09,30.41,30.17,30.31,30.17,30.53,30.31,30.31,30.31,30.31,30.31,30.41,30.31,30.31,30.17,30.31,30.41,30.53,30.31,30.31,30.31,30.53,30.31,30.53,30.53,30.53,30.62,30.70,30.70,31.16,31.16,30.84,30.94,30.84,30.84,31.02,31.16,31.02,30.94,31.02,31.23,30.70,31.02,30.84,30.84,31.02,30.70,30.70,30.53,30.70,31.02,30.84,31.02,31.23,31.55,31.38,31.16,30.31,29.25,28.19,26.91,25.84,24.78,24.03,22.62,21.30,19.22,16.61,14.05,12.38,11.70,11.36,11.12,11.36,10.83,10.69,10.91,10.33,10.56,10.56,10.56,10.33,9.89,10.33,10.11,10.25,10.11,10.11,10.47,10.56,10.11,10.47,10.47,10.33,10.56,10.33,10.47,10.33,10.56,10.56,10.69,10.47,10.47,10.33,10.69
10.69,10.69,11.36,11.27,11.36,11.36,11.27,10.91,11.36,11.12,11.12,11.12,11.12,11.12,11.27,11.27,11.36,10.69,10.69,10.83,10.69,10.56,10.56,10.83,10.69,10.47,10.83,10.69,10.56,10.69,10.56,10.91,10.47,10.83,10.56,11.05,11.05,11.58,11.80,12.38,12.06,12.06,11.92,12.06,12.14,12.14,12.14,12.06,11.58,11.12,11.05,10.69,10.91,10.91,11.05,10.83,11.05,10.83,11.12,11.05,11.36,11.36,11.58,12.14,12.14,13.03,15.16,18.16,21.88,24.03,25.62,27.00,28.41,29.25,29.78,29.64,29.78,29.88,29.64,29.56,29.64,29.64,30.00,30.09,29.88,30.17,29.88,29.88,30.09,30.00,30.00,29.88,30.09,29.88,29.64,29.88,30.00,30.17,29.88,29.88,30.00,30.00,30.00,29.78,29.88,29.56,29.78,29.78,29.47,29.56,29.56,29.64,29.64,29.78,29.64,29.64,30.00,29.88,30.00,30.00,29.78,29.78,30.00,29.64,29.78,29.88,30.00,29.78,29.78,29.88,29.56,29.78,29.64,30.00,29.78,29.78,29.56,29.78,29.64,29.64,30.00,29.88,29.88,30.00,30.17,30.17,30.17,30.17,30.31,30.09,30.17,30.17,30.17,30.17,30.17,30.53,30.17,30.53,30.41,30.41,30.41,30.17,30.53,30.31,30.53,30.17,30.17,30.41,30.53,30.31,30.17,30.41,30.17,30.31,30.53,30.53,30.70,30.70,30.53,30.84,31.02,31.02,30.94,31.16,31.16,31.23,31.16,31.16,31.23,31.02,30.84,31.02,31.02,30.84,31.02,30.94,31.02,30.53,30.53,30.53,30.70,30.70,31.02,31.02,31.16,31.45,31.38,31.23,30.84,30.09,29.03,27.75,26.81,25.72,24.88,24.03,22.94,20.89,17.58,14.70,12.94,12.38,11.48,11.12,10.91,11.12,10.69,10.56,10.56,10.56,10.69,10.69,10.56,10.47,10.56,10.33,10.56,10.47,10.33,10.33,10.33,10.47,10.47,10.56,10.11,10.33,10.25,10.25,10.11,10.33,10.47,10.25,10.56,10.33,10.56,10.47
10.47,10.69,11.12,11.36,11.36,11.36,11.36,11.12,10.91,11.27,11.27,10.69,10.91,10.91,10.91,11.05,10.56,11.05,10.69,10.56,10.47,10.69,10.56,10.69,10.56,10.33,10.91,10.33,10.56,10.56,10.83,10.56,10.56,10.47,11.05,10.56,11.05,10.91,11.48,12.06,11.80,12.28,12.06,12.06,12.06,12.28,12.06,12.28,12.06,11.36,11.05,11.12,10.91,10.91,10.83,11.05,10.83,10.69,11.12,11.05,11.36,11.36,11.70,11.92,12.72,14.41,17.28,20.98,23.38,24.78,26.06,27.53,28.62,29.03,29.56,29.78,29.64,29.47,29.56,29.25,29.34,29.34,29.88,30.00,30.00,30.00,30.00,29.78,30.00,29.88,29.88,30.00,29.88,29.56,29.64,30.09,30.00,30.00,29.88,30.00,29.78,30.00,29.78,29.64,29.78,29.64,29.64,29.78,29.64,29.64,29.56,29.34,29.64,29.56,29.88,29.47,29.78,29.56,29.56,29.88,29.78,29.88,29.64,29.56,29.78,30.00,29.78,29.88,29.64,29.78,29.78,30.00,29.78,29.88,29.78,29.88,29.78,29.88,29.88,29.78,29.78,30.00,30.00,29.88,30.00,30.09,30.09,30.53,30.31,30.31,30.53,30.17,30.31,30.31,30.17,30.31,30.31,30.31,30.53,30.53,30.41,30.31,30.31,30.17,30.53,30.31,30.41,30.09,30.53,30.17,30.17,30.31,30.31,30.53,30.31,30.53,30.41,30.53,30.70,30.70,30.84,31.02,31.23,31.02,31.02,30.84,31.23,31.23,31.16,31.16,30.84,31.16,31.02,31.02,30.70,30.94,30.84,30.70,30.62,30.53,30.70,30.62,30.70,30.84,31.16,31.02,31.55,31.38,31.23,30.62,29.78,28.19,27.44,26.59,25.53,24.22,23.16,21.52,18.38,15.16,13.73,12.81,11.80,11.70,11.27,11.05,11.05,10.91,10.47,10.56,10.47,10.56,10.47,10.56,10.47,10.56,10.47,10.47,10.56,10.11,10.47,10.33,10.11,10.33,10.56,10.47,10.33,10.11,10.47,10.25,10.03,10.69,10.33,10.47,10.33,10.11
10.56,10.83,11.05,11.36,11.27,10.91,11.12,10.91,10.91,10.91,10.56,10.91,11.05,11.05,10.91,10.91,10.69,10.56,11.05,10.47,10.69,10.69,10.69,10.47,10.56,10.56,10.69,10.83,10.56,10.69,10.69,10.47,11.05,10.69,10.69,10.69,10.69,10.91,11.05,11.80,11.70,12.14,12.14,12.14,12.06,12.06,12.38,12.38,11.92,11.80,11.48,10.83,10.83,10.69,11.12,10.69,10.91,11.27,11.05,10.91,11.05,11.48,11.70,12.28,13.25,15.38,18.91,22.17,24.12,25.53,26.81,27.75,28.94,29.47,29.56,29.64,29.64,29.47,29.34,29.34,29.47,29.47,29.56,30.00,30.00,30.00,30.09,29.78,29.88,30.00,29.78,29.78,30.00,29.88,29.78,29.78,30.09,29.64,29.64,29.78,29.64,29.56,29.64,29.47,29.34,29.56,29.47,29.56,29.47,29.34,29.64,29.64,29.56,29.47,29.56,29.56,29.47,29.78,29.56,29.34,29.64,29.64,29.56,29.64,29.47,29.88,29.78,29.64,29.78,29.78,29.64,29.78,29.78,29.64,29.64,29.88,30.00,29.78,29.88,29.78,30.00,30.09,30.17,30.09,30.17,30.17,30.00,30.17,30.31,30.09,30.53,30.09,30.41,30.09,30.41,30.31,30.31,30.53,30.31,30.62,30.31,30.31,30.09,30.31,30.41,30.53,30.31,30.17,30.31,30.17,30.17,30.17,30.31,30.17,30.53,30.31,30.17,30.53,30.53,30.62,30.84,31.02,30.70,31.02,31.02,30.94,31.16,31.16,31.02,30.84,30.84,31.16,30.94,30.70,30.94,30.84,30.70,30.53,30.84,30.70,30.53,30.84,30.62,30.70,31.16,31.02,31.55,31.55,31.23,30.94,30.00,29.03,28.09,26.81,26.06,24.97,23.91,22.09,19.44,16.70,14.70,13.25,12.28,11.80,11.36,11.12,11.12,10.69,10.56,10.56,10.47,10.56,10.56,10.56,10.47,10.11,10.33,10.33,10.33,10.56,10.33,10.47,10.25,10.33,10.33,10.47,10.33,10.03,10.56,10.47,10.47,10.33,10.33,10.83,10.25,10.56
10.33,10.25,11.48,11.27,11.27,11.05,11.27,11.05,11.12,11.05,10.83,10.91,11.05,10.83,10.91,10.91,10.91,11.05,10.56,10.83,10.69,10.91,11.05,11.12,10.83,10.91,10.69,10.56,10.56,10.56,10.83,10.69,10.56,10.83,10.91,10.91,11.05,10.91,10.91,11.27,11.58,12.06,12.06,12.38,12.14,12.28,12.50,12.59,12.06,12.50,11.80,11.12,11.05,11.12,11.05,11.05,11.12,11.27,11.12,11.27,11.12,11.58,12.06,12.59,14.05,16.70,20.23,23.06,25.09,26.30,27.22,28.62,29.25,29.78,30.00,29.64,29.56,29.56,29.34,29.56,29.64,29.56,29.88,30.00,30.09,30.00,29.78,29.64,29.88,29.88,30.00,29.88,30.00,30.09,30.00,30.00,30.17,30.00,29.88,29.78,30.00,30.00,29.56,29.47,29.56,29.64,29.64,29.64,29.64,29.47,29.34,29.34,29.78,29.78,29.34,29.47,29.34,29.47,29.78,29.78,29.64,29.78,29.64,29.78,29.64,29.78,29.56,29.64,30.00,29.56,30.00,29.64,29.78,29.64,29.56,29.88,29.64,29.64,29.88,29.78,30.00,29.88,30.00,30.17,30.09,30.41,30.09,30.31,30.31,30.41,30.53,30.17,30.53,30.41,30.41,30.53,30.53,30.53,30.53,30.41,30.53,30.31,30.53,30.17,30.31,30.17,30.41,30.17,30.31,30.09,30.31,30.09,30.31,30.17,30.53,30.53,30.41,30.53,30.62,30.62,31.02,30.84,30.70,31.16,31.02,31.16,31.02,31.23,31.23,31.16,31.16,30.94,31.02,31.16,30.84,31.02,30.70,30.53,30.62,30.70,30.70,30.70,30.53,30.70,31.23,31.38,31.55,31.55,31.69,31.02,30.41,29.34,27.88,27.00,26.16,25.53,24.56,23.06,20.77,18.38,15.95,14.05,13.03,12.38,11.70,11.48,11.36,11.27,11.12,10.83,10.91,10.91,10.69,10.56,10.56,10.69,10.69,10.47,10.25,10.03,10.11,10.33,10.33,10.56,10.56,10.56,10.56,10.56,10.33,10.47,10.11,10.47,10.47,10.56,10.33,10.56
11.05,10.33,11.27,11.27,11.48,11.27,10.91,11.05,10.83,10.91,10.83,10.91,10.83,11.05,10.83,10.69,10.69,11.05,10.69,10.69,10.69,10.33,10.56,10.83,10.47,10.83,11.05,10.69,10.56,10.69,10.83,10.91,10.56,10.69,10.91,10.91,10.56,10.69,10.91,10.91,11.27,11.80,12.28,11.92,12.14,12.28,12.38,12.38,12.50,12.14,12.06,11.70,11.27,11.12,11.05,11.05,11.12,11.12,11.05,11.36,11.36,11.48,12.38,12.81,15.06,18.16,21.88,24.03,25.62,26.59,27.97,28.94,29.47,29.56,29.78,29.47,29.34,29.34,29.25,29.56,29.56,29.88,29.64,30.00,29.64,29.78,29.78,29.64,29.56,30.00,29.64,29.88,30.00,30.09,30.00,30.00,30.00,30.00,30.00,29.78,29.64,30.00,29.64,29.56,29.56,29.56,29.56,29.56,29.47,29.56,29.56,29.64,29.56,29.64,29.56,29.56,29.56,29.56,29.64,29.56,29.56,29.64,29.64,29.64,29.78,29.88,29.78,29.56,29.64,29.78,29.64,29.78,29.78,29.78,29.78,29.88,29.78,29.78,29.88,29.88,30.00,30.00,30.00,30.00,30.17,30.09,30.09,30.41,30.17,30.31,30.31,30.31,30.17,30.31,30.53,30.31,30.41,30.53,30.41,30.17,30.53,30.53,30.09,30.31,30.41,30.17,30.17,30.17,30.17,30.31,30.17,30.17,30.17,30.17,30.31,30.41,30.53,30.31,30.53,30.53,30.53,30.84,30.53,31.16,31.16,31.02,31.23,31.23,31.16,31.23,30.84,31.02,30.94,31.02,30.84,31.02,31.02,30.84,30.62,30.53,30.53,30.62,30.53,30.84,31.16,31.23,31.38,31.38,31.55,31.38,30.53,29.56,28.62,27.12,26.47,25.53,25.19,24.12,22.48,20.02,17.50,15.81,14.27,13.39,12.50,12.06,11.70,11.70,11.48,11.05,11.36,11.48,11.36,11.05,11.12,10.83,11.05,11.05,10.56,10.69,10.69,10.83,10.56,10.83,10.33,10.33,10.56,10.47,10.47,10.33,10.47,10.56,10.33,10.33,10.25,10.11
10.83,10.69,11.36,11.27,11.36,11.36,11.36,11.27,11.05,11.12,11.12,11.27,11.12,11.05,11.05,10.91,10.47,10.56,10.56,10.69,10.69,10.69,10.56,10.83,10.83,10.83,10.83,10.56,10.56,10.56,10.56,10.47,10.83,10.47,10.69,10.69,10.83,10.56,11.05,11.05,11.05,11.36,12.38,12.28,12.28,12.14,12.28,12.72,12.28,12.50,12.28,11.92,11.48,11.36,11.12,11.27,11.36,11.36,11.27,11.36,11.80,11.70,12.50,13.03,15.73,19.80,23.16,24.88,26.30,27.22,28.19,28.94,29.64,29.88,29.64,29.34,29.34,29.25,29.64,29.56,29.47,29.56,29.88,29.64,29.64,29.56,29.88,29.78,29.78,29.88,30.09,30.00,29.88,30.17,30.00,30.00,30.00,29.78,29.88,29.64,29.88,29.64,29.64,29.56,29.64,29.47,29.56,29.47,29.56,29.56,29.56,29.56,29.56,29.56,29.47,29.56,29.47,29.56,29.78,29.78,29.64,29.56,29.78,29.78,30.00,30.00,29.56,29.64,29.88,29.64,29.88,29.78,29.64,29.88,29.78,29.88,29.88,29.56,30.00,29.88,30.00,30.00,30.00,30.31,30.31,30.31,30.00,30.31,30.31,30.53,30.41,30.17,30.31,30.53,30.41,30.53,30.62,30.53,30.41,30.41,30.31,30.41,30.53,30.17,30.17,30.17,30.53,30.31,30.31,30.09,30.09,30.17,30.31,30.00,30.31,30.17,30.53,30.53,30.53,30.41,30.53,30.62,30.70,30.84,31.02,31.02,31.16,31.16,31.23,31.16,31.16,31.23,31.02,31.02,31.16,31.16,31.16,30.70,30.84,30.62,30.70,30.53,30.53,30.84,30.84,31.45,31.16,31.69,31.55,31.45,30.70,30.17,29.03,27.66,26.91,26.59,25.72,25.19,23.91,21.95,19.34,17.28,14.84,13.25,12.28,11.92,11.80,11.80,11.36,11.27,11.58,11.36,11.36,11.48,11.58,11.80,11.36,11.36,11.27,11.36,11.27,11.27,10.91,11.05,10.83,11.05,10.83,10.56,10.56,10.56,10.69,10.69,10.47,10.56,10.56,10.56
10.47,10.69,11.36,11.36,11.36,11.36,11.05,11.12,11.12,10.69,11.05,11.05,11.27,11.27,10.69,10.56,10.83,10.83,10.56,10.56,10.83,10.91,10.91,11.05,10.83,10.69,10.56,10.56,10.83,10.91,10.91,10.56,10.69,10.91,10.69,10.56,10.33,10.91,10.69,10.83,10.83,11.12,11.70,12.06,12.06,12.38,12.72,12.14,12.06,12.38,12.38,12.28,11.80,11.36,11.27,11.05,11.36,11.27,11.12,11.48,11.58,11.70,12.50,13.73,16.48,20.98,23.81,25.53,26.81,27.66,28.41,29.16,29.78,29.88,29.56,29.16,29.25,29.56,29.25,29.47,29.78,29.56,29.64,29.78,29.34,29.56,29.56,29.56,29.78,29.78,29.88,30.00,30.00,29.88,30.00,29.78,29.64,29.78,29.88,29.78,29.64,29.34,29.56,29.56,29.34,29.56,29.47,29.56,29.56,29.34,29.56,29.34,29.56,29.64,29.56,29.56,29.64,29.34,29.56,29.64,29.56,29.78,29.64,29.78,29.78,30.00,29.64,29.56,29.64,29.88,29.78,29.88,29.78,29.64,30.00,29.64,466.03,29.78,29.88,30.00,30.00,30.00,30.17,30.09,30.00,30.17,30.41,30.31,30.31,30.53,30.31,30.41,30.17,30.31,30.31,30.31,30.31,30.31,30.53,30.62,30.31,30.53,30.53,30.31,30.09,30.31,30.17,30.00,30.09,30.17,30.17,29.88,29.88,30.17,30.00,30.09,30.41,30.17,30.53,30.31,30.17,30.41,30.62,30.62,30.84,30.94,31.16,31.16,31.16,31.23,31.16,30.84,31.16,31.02,31.02,31.02,31.02,30.84,30.84,30.70,30.53,30.53,30.41,30.31,30.53,31.02,31.38,31.38,31.91,31.69,31.55,31.16,30.31,29.34,28.41,27.44,26.47,26.06,25.19,23.91,22.70,21.08,18.47,15.59,13.47,12.50,11.92,11.36,11.05,11.05,11.27,11.27,11.05,11.05,11.36,11.36,11.36,11.12,11.36,11.36,11.36,11.36,11.36,11.36,11.12,11.36,11.36,11.27,11.27,11.12,10.83,10.91,10.69,10.56,10.56,10.56
10.47,10.47,10.47,11.27,10.91,11.27,11.36,10.91,10.83,11.05,11.05,11.05,11.05,10.91,10.91,10.69,10.56,10.56,10.56,10.47,10.56,10.83,10.47,10.56,10.91,10.83,10.56,10.83,10.47,10.56,10.56,10.56,10.56,10.69,10.56,10.69,10.69,10.69,10.69,10.91,10.69,10.69,10.83,11.05,11.80,12.06,12.38,12.28,12.38,12.28,12.50,12.14,12.06,12.14,11.58,11.05,11.12,11.27,11.12,11.36,11.48,11.70,11.92,12.81,14.27,17.72,21.95,24.78,26.06,27.00,27.97,28.62,29.25,29.64,29.47,29.34,29.03,29.03,29.47,29.56,29.47,29.56,29.64,29.56,29.34,29.56,29.47,29.56,29.56,29.88,29.56,30.00,29.88,29.88,29.88,29.64,29.56,29.56,29.34,29.56,29.34,29.64,29.56,29.34,29.56,29.34,29.34,29.56,29.47,29.34,29.56,29.56,29.64,29.34,29.47,29.78,29.47,29.56,29.56,29.56,29.56,29.56,29.56,29.64,29.56,29.56,29.88,29.64,29.56,29.78,29.56,29.56,29.78,29.56,29.78,29.78,29.64,29.64,29.88,30.00,30.09,29.64,30.09,30.00,30.09,30.00,30.09,30.17,30.31,30.53,30.31,30.17,30.31,30.31,30.53,30.53,30.17,30.31,30.17,30.41,30.31,30.41,30.31,30.09,30.17,30.17,30.31,30.09,30.09,30.31,30.00,30.17,30.09,30.17,30.09,30.09,30.17,30.17,30.41,30.17,30.31,30.17,30.31,30.31,30.84,30.84,30.70,30.94,31.16,31.16,30.94,31.16,31.16,31.02,31.02,31.02,30.84,30.84,30.84,30.41,30.53,30.53,30.31,30.53,30.62,30.84,30.84,31.23,31.55,31.69,31.23,30.62,30.31,29.78,28.72,27.97,26.91,26.06,25.41,24.56,23.38,21.73,19.34,16.17,13.61,12.50,11.80,11.27,11.12,10.69,10.69,10.56,10.56,10.69,10.56,10.83,10.83,10.69,10.91,10.69,11.05,11.05,11.12,11.12,11.12,11.12,11.12,11.27,11.36,11.27,11.27,11.05,11.27,11.12,10.91,11.05
10.56,10.47,10.91,11.12,11.12,11.36,11.27,11.36,11.05,10.91,11.27,11.05,10.83,11.05,10.56,10.91,10.83,10.56,11.05,10.47,10.69,10.56,11.05,10.83,10.56,10.69,10.47,10.83,10.56,10.56,10.69,10.69,10.83,10.83,10.56,10.33,10.91,10.69,10.91,10.83,10.47,10.56,10.69,10.91,11.12,11.58,12.14,12.28,12.59,12.38,12.38,12.38,12.50,12.50,12.06,11.27,11.36,11.12,11.05,11.48,11.36,11.70,12.38,12.94,14.84,18.59,22.48,24.88,26.30,27.34,28.41,29.03,29.47,29.64,29.47,29.25,29.03,29.25,29.34,29.56,29.56,29.64,29.64,29.16,29.47,29.47,29.34,29.47,29.64,29.64,29.78,29.64,29.34,29.64,29.34,29.56,29.56,29.56,29.47,29.47,29.64,29.88,29.56,29.78,29.34,29.78,29.64,29.34,29.64,29.64,29.34,29.78,29.56,29.34,29.64,29.56,29.64,29.56,29.34,29.64,29.56,29.64,29.56,29.78,29.78,29.56,29.64,29.78,29.56,29.56,29.64,29.78,29.64,29.78,29.78,29.88,29.78,29.56,29.88,29.78,29.88,29.88,29.88,30.00,30.00,30.17,30.17,30.09,30.09,30.17,30.31,30.62,30.41,30.41,30.41,30.53,30.53,30.53,30.31,30.31,30.53,30.31,30.17,30.31,30.31,30.17,30.17,30.17,30.17,30.17,30.00,30.09,30.17,30.17,30.17,30.17,30.31,30.09,30.31,30.17,30.31,30.17,30.70,30.31,30.70,30.70,30.70,31.02,31.02,31.16,31.16,31.23,31.16,31.02,31.02,31.02,30.94,30.70,31.02,30.84,30.53,30.31,30.31,30.41,30.41,30.84,30.84,31.16,31.16,31.69,31.45,30.94,30.31,29.64,28.94,28.41,27.53,26.47,25.84,24.88,23.69,22.09,19.66,17.28,14.70,12.72,12.14,11.58,11.12,10.91,10.69,10.83,10.91,10.47,10.69,10.56,10.69,10.47,10.56,10.91,10.47,10.83,10.69,10.69,10.69,10.69,11.12,11.36,10.91,11.12,11.48,11.36,11.48,11.36,11.36,11.27
11.36,11.36,11.12,11.27,11.36,11.36,11.27,11.12,10.69,10.69,10.69,10.91,11.27,10.69,10.69,10.83,10.56,10.47,10.56,10.33,10.56,10.91,10.69,10.47,10.83,10.83,10.69,10.56,10.56,10.47,10.56,10.56,10.56,10.83,10.56,10.69,10.56,10.56,10.91,10.56,10.91,10.69,11.05,11.12,10.83,11.27,11.70,12.06,12.50,12.06,12.38,12.28,12.28,12.59,12.14,11.92,11.36,11.05,11.12,11.36,11.58,12.28,12.50,13.73,15.73,19.05,22.84,25.09,26.91,28.09,28.62,29.16,29.34,29.56,29.25,28.94,29.03,29.03,29.34,29.56,29.56,29.64,29.56,29.64,29.56,29.64,29.56,29.64,29.64,29.56,29.47,29.56,29.25,29.34,29.34,29.16,29.56,29.47,29.34,29.16,29.56,29.56,29.78,29.34,29.78,29.78,29.56,29.64,29.56,29.78,29.34,29.64,29.56,29.56,29.47,29.56,29.56,29.78,29.56,29.47,29.56,29.56,29.64,29.64,29.56,29.56,29.56,29.56,29.56,29.64,29.64,29.78,29.64,29.64,29.78,29.47,29.64,29.78,29.88,29.88,30.00,29.88,29.88,29.78,30.17,30.17,30.17,30.09,30.09,30.41,30.31,30.09,30.31,30.31,30.31,30.41,30.17,30.41,30.31,30.17,30.41,30.31,30.31,29.88,30.31,30.00,30.17,30.09,30.00,30.09,30.17,30.00,30.09,29.78,30.00,30.00,30.17,30.00,30.00,30.17,30.17,30.17,30.31,30.31,30.31,30.53,30.62,30.62,30.84,31.02,31.16,30.84,30.84,31.02,31.02,30.84,31.02,30.84,30.84,30.84,30.70,30.53,30.41,30.41,30.53,30.84,30.84,31.16,31.16,31.45,31.16,31.16,30.70,29.56,28.72,28.19,27.66,27.12,26.06,24.97,24.44,22.94,21.08,18.59,15.59,13.39,12.28,11.70,11.36,11.05,10.91,10.91,10.91,10.56,10.69,10.56,10.47,10.56,10.56,10.47,10.33,10.25,10.47,10.69,10.33,10.47,10.47,10.33,10.47,10.83,10.56,11.05,10.91,11.48,11.36,11.36
11.27,11.80,11.70,11.27,11.27,10.91,11.12,11.12,10.83,10.91,10.91,11.05,10.83,11.05,11.05,10.69,10.47,10.56,10.56,10.56,10.83,10.69,10.56,10.56,10.56,10.69,10.69,10.91,10.56,10.69,10.56,10.56,10.33,10.83,10.47,10.56,10.69,11.05,10.56,10.47,10.69,10.69,10.69,10.69,11.05,11.12,11.70,12.14,12.38,12.28,12.59,12.38,12.38,12.38,12.38,12.06,11.48,11.27,11.48,11.70,11.80,12.38,12.81,14.27,17.36,21.08,24.22,25.94,27.34,28.62,29.03,29.34,29.34,29.34,29.16,29.16,29.03,29.16,29.34,29.78,29.25,29.56,29.16,29.56,29.25,29.56,29.56,29.56,29.25,29.25,29.47,29.16,29.25,29.16,29.34,29.56,29.56,29.56,29.56,29.56,29.56,29.64,29.56,29.78,29.78,29.25,29.78,29.56,29.64,29.64,29.78,29.47,29.56,29.56,29.47,29.64,29.64,29.34,29.64,29.64,29.56,29.88,30.00,29.78,29.64,29.56,29.88,29.64,29.64,29.64,29.88,30.00,29.88,29.88,30.00,29.64,29.88,29.88,29.88,29.88,30.00,29.88,30.00,30.17,29.88,30.00,30.17,30.17,30.31,30.17,30.53,30.41,30.41,30.31,30.53,30.53,30.41,30.53,30.53,30.53,30.17,30.31,30.17,30.31,30.31,30.09,30.17,30.09,30.31,30.17,30.09,30.00,30.09,30.17,30.09,30.00,30.09,30.17,30.17,30.00,30.09,30.09,30.17,30.31,30.17,30.53,30.62,30.62,30.70,30.84,31.02,30.62,30.84,30.94,30.84,31.16,31.16,31.02,31.02,30.53,30.70,30.62,30.53,30.31,30.53,30.41,30.53,30.84,31.02,31.23,31.38,31.16,30.84,30.09,28.94,28.28,28.19,27.66,26.59,25.72,24.97,23.59,21.73,18.83,15.73,13.61,12.38,12.06,11.12,11.12,10.91,10.91,10.69,10.56,10.56,10.56,10.33,10.56,10.69,10.56,10.03,10.56,10.56,10.47,10.47,10.11,10.47,10.33,10.25,10.47,10.56,10.47,10.47,10.69,10.56,10.83
11.12,11.27,11.36,11.27,11.27,11.12,11.05,11.12,11.12,10.91,10.91,10.91,10.69,10.83,11.05,10.56,10.69,10.83,10.56,10.47,10.56,10.91,11.05,10.56,10.91,10.69,10.56,10.56,10.69,10.69,10.56,10.33,10.91,10.69,10.91,10.69,10.91,10.56,10.56,10.56,11.12,10.56,10.69,10.56,10.91,10.83,11.36,11.70,12.28,12.50,12.14,12.38,12.38,12.72,12.59,12.50,11.58,11.70,11.58,11.70,12.14,12.59,13.25,15.06,18.69,22.84,25.19,26.47,27.88,28.72,29.16,29.25,29.34,29.16,29.03,29.16,29.16,29.34,29.34,29.56,29.25,29.34,29.34,29.25,29.34,29.47,29.25,29.25,29.03,29.16,29.16,29.16,29.16,29.16,29.16,29.56,29.34,29.34,29.47,29.47,29.56,29.88,29.64,29.64,29.56,29.56,29.56,29.47,29.64,29.64,29.34,29.78,29.88,29.64,29.64,29.64,29.56,29.56,29.64,29.56,29.78,29.78,29.88,30.00,29.78,29.56,29.88,29.56,29.88,29.64,29.64,29.88,29.78,29.78,29.56,29.78,29.88,29.88,30.00,29.64,30.00,29.88,30.09,30.17,30.17,30.00,30.31,30.17,30.31,30.17,30.31,30.31,30.31,30.17,30.31,30.53,30.31,30.53,30.53,30.31,30.53,30.17,30.31,30.31,30.00,30.17,30.31,30.17,30.17,30.17,30.09,30.00,30.00,30.31,29.78,30.17,30.09,30.09,30.17,30.09,30.09,30.17,30.17,30.41,30.53,30.31,30.70,30.41,30.53,30.53,30.70,30.70,30.84,30.84,30.70,30.84,30.84,30.94,30.84,31.02,30.70,30.70,30.53,30.41,30.31,30.53,30.84,30.53,30.84,31.16,31.38,31.38,31.02,30.09,29.34,28.50,27.97,27.22,27.00,26.38,25.41,24.12,22.70,19.80,16.39,14.05,12.50,12.06,11.12,10.91,11.05,11.12,10.47,10.69,10.56,10.56,10.56,10.56,10.69,10.69,10.33,10.83,10.56,10.11,11.05,10.47,10.47,10.47,10.69,10.56,10.25,10.56,10.47,10.33,10.47,10.56
10.56,10.56,10.91,11.27,11.27,10.69,11.05,11.27,10.83,11.05,10.83,10.91,11.05,10.91,11.05,10.56,10.91,10.56,10.56,10.33,10.56,10.56,10.69,10.83,10.69,10.56,10.47,10.91,10.83,10.69,10.83,10.91,11.05,10.56,10.69,10.69,10.69,10.83,10.69,10.83,10.91,10.91,10.91,10.83,10.91,10.91,11.36,11.80,12.06,12.06,12.38,12.50,12.59,12.81,12.50,12.59,12.38,11.70,11.70,11.70,12.14,12.94,13.73,16.03,20.45,23.69,25.72,27.00,28.19,29.03,29.25,29.34,29.47,29.03,29.03,29.25,29.03,29.25,29.56,29.34,29.16,29.16,29.16,29.34,29.25,29.16,29.03,28.94,29.03,29.16,29.03,29.16,29.16,29.03,29.03,29.56,29.56,29.56,29.64,29.56,29.56,29.56,29.64,29.88,29.88,29.64,29.64,29.47,29.56,29.64,29.47,30.00,29.64,30.00,29.64,29.78,29.64,29.64,29.64,29.64,29.88,29.78,29.78,29.88,29.56,29.64,29.78,29.78,29.78,29.64,29.78,29.64,29.64,30.00,29.78,29.88,29.78,30.00,29.88,29.88,29.78,30.00,30.00,30.00,30.09,30.09,30.17,30.17,30.31,30.17,30.53,30.17,30.41,30.62,30.31,30.17,30.53,30.62,30.53,30.62,30.31,30.53,30.17,30.41,30.53,30.17,30.41,30.31,30.09,30.41,30.09,30.17,30.17,30.00,30.00,30.17,30.09,30.09,30.00,30.17,30.17,30.53,30.09,30.00,30.17,30.41,30.41,30.41,30.53,30.53,30.70,30.70,30.84,30.62,30.70,30.84,30.94,30.62,31.16,30.94,30.70,30.84,30.70,30.53,30.41,30.53,30.53,30.70,30.84,31.16,31.02,31.16,31.02,30.53,29.16,29.16,28.41,27.44,27.12,26.59,25.72,24.97,23.69,21.42,18.25,15.16,13.17,12.14,11.36,11.27,11.05,10.91,10.69,10.56,10.33,10.56,10.47,10.69,10.56,10.56,10.25,10.33,10.33,10.47,10.33,10.11,10.25,10.56,10.47,10.33,10.33,10.33,10.33,10.33,10.33,10.56
10.33,10.47,10.33,11.12,10.91,11.05,11.27,10.91,11.05,11.05,10.69,10.91,10.83,10.91,10.56,10.69,10.25,10.56,10.47,10.69,10.56,10.83,10.33,10.56,10.56,10.69,10.83,10.91,10.83,10.56,10.56,10.56,10.56,10.69,10.56,10.83,10.83,10.83,10.91,10.69,10.91,11.12,10.91,10.69,11.12,11.05,11.36,11.58,11.92,12.14,12.50,12.38,12.50,12.59,12.59,12.59,12.38,11.80,11.70,11.80,12.06,12.81,14.27,17.28,21.42,24.44,26.30,27.34,28.41,28.72,29.34,29.16,29.56,29.03,29.16,29.16,29.16,29.03,29.16,29.56,29.03,29.16,29.03,28.94,29.16,28.62,28.72,28.94,29.03,28.94,28.94,29.03,29.03,29.25,29.25,29.47,29.34,29.56,29.47,29.56,29.56,29.56,29.56,29.64,29.64,29.78,29.78,29.64,29.88,29.78,29.78,29.88,29.88,29.64,29.78,29.64,30.00,29.64,29.56,29.78,29.64,29.64,29.64,29.56,29.78,29.64,29.88,29.78,29.78,29.78,29.88,29.64,30.00,29.78,29.88,29.64,29.78,29.88,30.00,29.78,29.88,30.00,30.00,30.00,30.17,30.09,30.17,30.17,30.31,30.41,30.17,30.31,30.31,30.31,30.17,30.53,30.70,30.53,30.62,30.84,30.70,30.31,30.53,30.31,30.31,30.31,30.53,30.31,30.31,30.31,30.00,30.09,30.00,30.17,29.78,30.00,30.09,30.00,30.00,30.17,30.09,30.09,30.31,30.09,30.17,30.31,30.31,30.31,30.41,30.53,30.53,30.53,30.53,30.53,30.84,30.70,30.70,30.84,30.70,30.70,30.84,30.84,30.70,30.53,30.53,30.53,30.53,30.84,30.70,31.02,31.23,31.38,30.84,30.00,29.64,29.16,28.72,27.88,27.34,26.59,25.84,25.31,24.12,22.48,20.11,16.39,13.17,12.38,11.58,11.36,11.12,10.83,10.56,10.56,10.69,10.91,10.56,10.56,10.69,10.69,10.11,10.56,10.33,10.25,10.47,10.33,10.33,10.11,10.56,10.11,10.33,10.11,10.33,10.83,10.25,10.25
10.33,10.56,10.25,11.27,11.12,11.12,10.83,11.05,10.69,10.69,10.56,10.91,11.05,10.83,10.56,10.69,10.11,10.47,10.56,10.56,10.91,10.91,10.69,10.83,10.91,10.91,10.56,10.56,10.69,10.69,10.91,10.91,10.69,10.83,10.56,10.56,10.69,11.05,10.69,10.91,10.91,11.05,10.69,10.56,11.27,11.12,11.05,11.36,12.14,12.06,12.59,12.50,12.50,12.59,12.59,12.50,12.59,12.50,11.70,11.80,12.38,13.17,14.70,18.47,22.48,24.97,26.38,27.75,28.41,29.16,29.16,29.34,29.16,29.16,29.03,29.03,29.03,29.16,29.16,29.34,29.25,28.94,29.03,28.81,28.72,28.62,28.62,28.62,28.94,29.03,29.03,29.03,29.16,29.16,29.16,29.25,29.47,29.56,29.47,29.64,29.88,29.47,29.34,29.56,29.64,29.56,29.64,30.00,30.00,29.78,29.88,29.78,30.00,30.00,29.88,29.88,29.88,29.88,30.00,29.88,29.88,29.78,30.00,29.78,29.78,29.56,29.78,29.64,29.64,29.64,29.78,29.78,29.88,29.88,29.88,29.88,30.00,29.64,30.00,29.64,29.88,29.78,30.09,30.17,30.17,29.88,30.00,30.17,30.17,30.17,30.17,30.53,30.41,30.31,30.41,30.53,30.53,30.53,30.41,30.62,30.53,30.53,30.62,30.53,30.31,30.41,30.17,30.17,30.17,30.53,30.09,30.00,30.00,30.09,30.00,30.31,30.00,29.88,30.00,29.88,30.00,30.00,30.09,30.09,30.00,30.09,30.17,30.31,30.31,30.17,30.31,30.17,30.53,30.53,30.70,30.62,30.70,30.53,30.53,30.41,30.53,30.84,30.84,30.53,30.53,30.53,30.53,30.62,30.53,31.02,31.02,31.16,31.02,30.41,30.00,29.34,29.16,28.50,27.88,27.34,26.30,25.53,24.34,23.06,20.77,17.58,14.48,12.72,12.06,11.48,11.12,11.05,10.69,10.56,10.69,10.83,10.83,10.56,10.69,10.69,10.25,10.47,10.56,10.56,10.47,10.47,10.33,10.56,10.33,10.33,10.56,10.33,10.11,10.25,10.11,10.33
10.47,10.33,10.11,11.27,11.27,11.27,11.05,10.69,10.69,10.91,10.91,10.69,11.05,11.12,10.91,10.69,10.33,10.56,10.69,10.56,10.91,10.69,10.69,10.83,10.69,10.69,10.47,10.91,10.83,10.83,10.56,10.69,10.56,10.56,10.91,10.91,10.83,10.69,10.83,10.69,10.69,10.56,11.12,10.56,11.12,11.36,11.36,11.36,11.48,12.06,12.50,12.50,12.50,12.72,12.72,12.59,12.59,12.81,12.50,12.14,12.38,13.25,15.16,19.58,23.38,25.53,26.81,27.97,28.50,29.03,29.16,29.34,29.16,28.94,29.03,29.25,29.16,29.16,29.16,29.03,28.94,28.72,28.50,28.41,28.50,28.41,28.62,28.62,29.03,29.16,29.03,28.94,29.16,29.25,29.25,29.56,29.56,29.64,29.56,29.56,29.34,29.56,29.34,29.56,29.78,29.34,29.56,30.00,29.88,29.78,29.88,30.00,30.00,30.00,30.00,29.88,29.78,30.00,29.88,29.88,29.64,29.64,29.88,29.64,29.88,29.64,29.78,29.88,29.64,29.56,29.78,29.88,29.64,29.88,29.88,29.88,29.78,29.56,30.00,30.00,30.00,29.78,29.88,30.00,30.00,30.00,30.09,30.17,30.17,30.31,30.31,30.53,30.53,30.41,30.41,30.62,30.53,30.70,30.53,30.53,30.41,30.41,30.53,30.31,30.41,30.41,30.31,30.17,30.41,30.17,30.31,30.09,30.00,30.00,30.09,30.17,30.09,29.78,30.00,30.09,30.00,29.78,30.00,30.17,30.09,30.09,30.09,30.09,30.09,30.31,30.53,30.31,30.31,30.53,30.53,30.62,30.53,30.53,30.41,30.53,30.62,30.70,30.62,30.53,30.41,30.70,30.53,30.62,30.41,30.84,31.16,31.16,30.94,30.53,30.17,29.78,29.03,29.03,28.41,27.22,26.59,25.62,24.97,23.59,21.52,18.47,15.59,13.47,12.38,11.48,11.36,11.12,10.91,10.56,10.69,10.56,10.56,10.69,11.12,10.83,10.56,10.69,10.47,10.11,10.47,10.56,10.47,10.25,10.56,10.33,10.03,10.56,10.33,10.25,10.11,10.03
10.11,10.47,10.11,10.91,11.12,10.69,11.05,11.05,10.56,10.83,10.91,10.69,10.91,10.56,10.56,10.56,10.33,10.56,10.69,10.69,10.56,11.05,10.56,10.91,10.83,11.05,10.47,10.69,10.83,10.47,10.56,10.91,10.83,11.12,10.56,10.69,10.83,10.56,10.91,10.69,10.69,10.91,10.83,11.05,11.05,11.36,11.36,11.12,11.48,12.06,12.38,12.38,12.59,12.72,12.72,12.59,12.59,12.94,12.50,12.59,12.72,13.73,16.48,20.89,24.12,26.06,27.22,28.09,28.94,29.16,29.16,29.16,29.03,28.72,29.16,29.03,29.03,29.16,28.94,28.81,28.62,28.41,28.09,28.19,28.19,28.09,28.72,28.81,28.72,29.16,28.94,29.03,29.03,29.16,29.34,29.34,29.25,29.56,29.56,29.88,29.56,29.78,466.03,29.56,29.64,29.64,29.78,29.78,29.78,29.64,29.64,29.78,29.56,30.00,30.09,29.78,30.00,29.78,30.00,29.78,29.78,29.88,29.64,29.88,29.64,29.64,29.78,29.78,29.88,29.64,29.78,29.78,29.78,30.00,29.88,29.78,30.00,29.88,29.88,29.78,29.88,30.00,30.00,29.78,30.00,30.00,30.09,30.00,30.00,29.88,30.31,30.17,30.31,30.53,30.31,30.53,30.62,30.53,30.53,30.62,30.62,30.62,30.17,30.53,30.53,30.41,30.09,30.31,30.17,30.00,30.00,30.09,30.00,30.17,30.00,30.17,30.17,30.09,30.00,29.88,30.00,30.00,30.09,29.64,29.88,30.00,30.00,30.00,30.17,30.00,30.17,30.31,30.17,30.31,30.31,30.41,30.41,30.17,30.53,30.31,30.53,30.31,30.31,30.53,30.53,30.53,30.53,30.53,30.62,30.62,30.70,31.02,31.16,30.84,30.41,30.31,30.00,28.94,28.50,28.28,27.44,26.59,25.84,24.97,24.03,22.48,19.58,16.17,14.48,12.94,11.92,11.70,11.05,10.69,10.56,10.33,10.47,10.69,10.91,11.36,10.56,10.33,10.47,10.47,10.56,10.47,10.56,10.33,10.33,10.56,10.47,9.89,10.47,10.11,10.25,10.25
10.11,10.25,10.69,10.33,11.05,10.91,11.05,11.05,10.91,10.69,10.83,11.05,10.91,10.33,10.56,10.69,10.56,10.33,10.56,10.56,10.83,10.69,10.69,10.56,11.05,10.91,10.56,10.56,10.69,10.47,10.91,10.69,10.91,10.69,10.69,10.56,10.91,10.69,10.69,10.47,10.56,10.56,10.91,11.05,11.12,10.69,10.83,11.48,11.12,11.36,11.92,12.14,12.50,12.38,12.50,12.50,12.72,12.72,13.03,13.03,12.72,12.94,14.27,16.83,21.08,24.66,26.38,27.44,28.28,28.72,29.03,29.16,29.03,29.16,28.94,28.94,28.94,28.62,28.72,28.41,28.50,28.09,27.88,28.09,28.19,28.19,28.62,28.62,28.81,29.03,29.03,28.72,28.81,28.81,28.94,29.25,29.03,29.34,29.34,29.78,29.25,29.34,29.56,29.34,29.47,29.78,29.56,29.78,29.88,29.78,29.56,29.78,29.88,30.00,30.00,30.00,30.00,29.78,30.00,29.88,29.78,29.88,29.88,30.00,30.00,29.64,29.78,30.00,29.78,29.88,29.88,29.88,29.78,29.88,30.00,29.88,29.88,30.00,30.00,29.78,29.78,30.31,29.88,30.09,29.64,30.00,30.09,30.09,30.00,30.17,30.09,30.17,30.62,30.53,30.53,30.17,30.53,30.70,30.53,30.53,30.70,30.53,30.62,30.53,30.41,30.41,30.09,30.31,30.31,30.31,30.17,30.09,30.17,30.31,30.09,30.00,30.09,30.00,29.88,30.00,30.00,29.78,29.88,29.88,29.78,29.78,30.17,29.78,30.00,30.09,30.17,30.09,30.09,30.17,30.17,30.17,30.41,30.31,30.31,30.53,30.31,30.31,30.31,30.53,30.17,30.41,30.53,30.53,30.17,30.31,30.70,30.84,30.70,31.16,30.53,30.17,29.64,29.03,28.62,28.19,27.53,26.91,26.06,24.97,24.12,23.06,20.77,18.03,15.73,12.94,11.92,11.27,11.36,10.91,10.83,10.69,10.69,10.47,11.12,11.05,10.83,10.47,10.47,10.69,10.56,10.47,10.33,10.25,10.47,10.33,10.03,10.25,10.03,10.33,10.25,10.25
10.56,10.11,10.47,10.47,11.12,11.05,10.91,10.69,10.91,11.12,10.47,10.91,10.56,10.83,10.69,10.83,10.47,10.69,10.56,10.56,10.69,10.91,11.05,10.83,11.05,10.91,10.91,10.56,11.12,10.69,10.91,11.05,10.83,11.05,10.91,10.83,10.91,10.83,10.56,10.69,10.83,10.56,11.12,10.83,10.83,10.91,11.12,11.48,11.27,11.12,11.58,12.28,12.38,12.59,12.50,12.59,12.72,12.72,12.94,13.17,13.39,13.73,14.70,18.03,22.17,25.19,26.81,27.88,28.62,28.94,29.16,29.25,29.16,28.94,28.81,29.03,29.16,28.62,28.50,27.97,28.41,27.75,28.19,28.41,28.41,28.72,28.81,28.62,28.81,28.41,28.62,28.72,28.81,28.62,28.94,28.94,29.16,29.03,29.25,29.03,29.25,29.16,29.25,29.34,29.34,29.47,29.56,29.64,29.47,29.88,29.56,29.88,29.88,29.78,29.78,29.88,29.64,29.78,30.00,29.88,29.88,30.00,30.00,29.78,29.64,29.78,29.88,30.09,30.00,29.88,29.88,29.78,30.00,29.88,30.00,29.88,29.88,30.00,29.88,29.88,29.78,30.00,30.00,30.09,30.00,29.88,30.31,30.17,30.00,30.17,30.17,30.17,30.31,30.41,30.41,30.70,30.53,30.70,30.84,30.70,30.84,30.53,30.53,30.53,30.41,30.53,30.31,30.31,30.41,30.53,30.31,30.17,30.00,30.31,30.00,30.00,30.09,30.17,30.00,30.00,30.00,30.00,29.78,29.88,29.88,29.56,30.00,29.56,30.00,29.88,29.78,30.00,30.00,29.88,30.00,30.17,30.53,30.31,30.17,30.31,30.09,30.31,30.17,30.17,30.31,30.31,30.53,30.62,30.41,30.84,30.53,30.70,30.94,30.84,30.53,30.17,29.64,29.34,29.03,28.72,28.09,27.00,26.06,25.19,24.12,23.16,22.09,19.58,16.39,13.47,12.38,11.36,11.27,10.69,10.56,10.69,10.69,10.56,11.27,11.27,10.69,10.56,10.56,10.56,10.33,10.56,10.25,10.25,10.25,10.47,10.11,10.47,10.25,10.25,10.11,10.47
10.11,10.11,10.03,10.33,11.05,11.12,11.05,11.05,11.05,10.83,10.69,10.69,11.05,10.91,10.83,10.91,10.47,10.83,11.05,10.83,11.05,10.83,11.27,11.36,11.12,11.27,11.12,11.12,11.05,11.05,11.12,11.27,11.36,11.70,11.48,11.36,11.12,11.12,11.12,11.12,10.91,10.91,10.91,11.05,10.69,11.12,11.12,11.27,11.58,11.58,11.58,12.14,12.38,12.38,12.81,12.72,12.94,12.94,13.03,13.25,13.83,14.41,16.03,19.34,23.16,25.72,27.34,28.19,28.81,29.03,29.34,29.16,28.72,29.16,28.94,29.03,28.72,28.50,28.28,28.28,28.19,28.28,28.19,28.28,28.62,28.72,28.50,28.94,28.72,28.62,28.72,28.72,28.62,28.62,28.94,28.94,28.94,29.16,28.72,29.03,29.03,29.03,29.16,29.16,29.25,29.34,29.47,29.56,29.64,29.64,30.00,29.64,30.09,30.00,29.88,29.88,30.09,29.88,30.00,29.88,30.00,30.09,30.00,30.00,30.00,30.00,30.00,30.09,29.64,30.00,29.64,30.00,30.09,30.09,30.09,30.09,30.09,29.88,30.09,30.00,30.00,30.17,30.00,30.09,30.17,30.17,30.31,30.31,30.00,30.09,30.31,30.31,30.53,30.62,30.70,30.53,30.84,30.62,30.84,30.62,31.02,30.53,30.53,30.53,30.53,30.41,30.53,30.53,30.53,30.31,30.31,30.31,30.17,30.31,30.31,30.31,30.53,30.17,30.17,30.09,30.00,30.00,30.00,30.09,29.88,29.64,29.64,29.78,30.09,30.09,30.00,30.00,30.17,30.17,30.17,30.00,30.09,30.31,30.17,30.17,30.31,30.09,30.17,30.17,30.31,30.31,30.41,30.53,30.53,30.62,30.53,30.53,31.02,30.94,30.70,30.17,30.00,29.56,29.34,29.16,28.62,27.34,26.38,25.19,24.44,23.81,22.48,20.02,16.83,14.27,12.50,11.80,11.36,11.12,10.91,11.12,10.69,10.91,11.58,11.58,10.69,10.25,10.69,10.56,10.33,10.47,10.47,10.33,10.33,10.56,10.47,10.47,10.25,10.47,10.33,10.25
10.56,10.56,10.11,10.47,11.05,11.05,10.56,10.91,11.12,10.69,11.12,11.36,10.91,10.91,10.69,10.69,10.56,10.83,11.12,11.12,11.36,11.36,11.36,11.27,11.27,10.91,11.12,10.69,10.83,10.69,11.05,11.05,10.83,11.05,11.36,11.36,11.48,11.36,11.58,11.36,11.27,10.91,10.91,11.05,10.83,10.69,10.91,10.69,11.58,11.70,11.80,11.80,12.28,12.59,12.59,12.94,12.72,13.03,13.39,13.47,13.83,14.84,17.05,20.67,24.03,26.59,27.97,28.72,28.94,29.16,29.34,29.16,29.03,29.03,28.72,28.72,28.62,28.19,28.28,28.19,28.19,27.97,27.88,28.50,28.41,28.62,28.41,28.50,28.50,28.19,28.28,28.50,28.19,28.28,28.41,28.19,28.19,28.09,28.28,28.41,28.62,28.72,28.94,29.16,29.03,29.16,29.16,29.34,29.34,29.64,29.64,29.64,29.47,29.78,29.78,29.78,29.64,29.78,29.78,29.88,30.09,29.78,30.00,29.88,29.88,29.88,29.78,29.88,30.00,30.00,29.88,30.00,30.17,30.00,30.17,30.00,29.88,30.00,29.88,30.00,29.88,30.09,30.17,30.00,30.00,30.17,30.09,30.09,30.17,30.17,30.17,30.31,30.53,30.70,30.53,30.70,30.84,30.70,30.70,30.70,30.41,30.53,30.31,30.53,30.62,30.53,30.53,30.53,30.17,30.41,30.31,30.17,30.31,30.31,30.41,30.31,30.17,30.31,30.17,30.00,29.88,30.00,30.00,30.00,29.56,29.64,29.78,29.34,29.88,29.88,29.64,29.78,30.09,30.00,30.00,29.78,30.17,30.31,30.09,30.17,30.31,30.00,30.17,30.09,30.31,30.31,30.31,30.53,30.41,30.53,30.62,30.62,30.70,30.53,30.53,30.31,30.00,30.00,29.47,29.16,28.72,27.75,27.12,25.84,24.88,24.22,23.16,20.89,17.58,14.62,12.81,11.80,11.36,11.27,10.83,10.69,11.12,10.91,11.48,11.36,10.83,10.56,10.56,10.47,10.91,10.33,10.56,10.47,10.47,10.47,10.11,10.25,10.11,10.33,10.33,10.11
10.56,10.47,10.11,10.33,10.83,10.83,10.83,10.91,10.83,10.91,11.36,11.12,11.36,11.27,10.69,11.05,11.12,11.27,11.58,11.58,11.58,11.36,11.12,10.91,10.91,10.83,10.91,10.69,10.91,10.69,10.56,10.83,10.69,10.91,11.27,11.27,11.70,11.70,11.36,11.36,11.36,11.27,11.12,10.91,11.05,10.91,10.91,10.91,11.36,11.92,11.58,11.80,12.38,12.38,12.50,12.81,12.72,12.81,13.25,13.39,14.27,15.06,17.36,21.73,24.66,26.91,28.28,28.50,29.03,29.16,28.81,28.81,28.62,28.62,28.50,28.62,28.50,27.97,28.09,28.09,28.09,27.97,28.19,28.41,28.41,28.41,28.50,28.41,28.50,28.19,28.09,28.19,27.88,27.97,27.75,27.97,27.97,27.75,27.88,28.19,28.09,28.28,28.28,28.50,28.50,28.72,28.81,29.03,29.16,29.16,29.16,29.25,29.47,29.47,29.78,29.78,29.56,29.47,29.64,29.64,29.78,29.88,30.00,29.88,30.00,29.64,29.64,29.88,29.88,30.00,29.88,30.00,30.00,29.88,30.09,29.88,30.09,29.78,29.64,30.09,30.00,30.00,30.17,30.00,29.88,30.17,30.00,30.17,30.17,30.17,30.53,30.31,30.41,30.53,30.53,30.53,30.70,30.62,30.70,30.53,30.70,30.53,30.41,30.62,30.31,30.17,30.53,30.17,30.53,30.53,30.53,30.31,30.09,30.17,30.41,30.31,30.17,30.53,30.00,29.88,30.09,29.78,29.78,30.00,29.64,29.64,29.64,29.64,29.34,29.56,29.56,29.64,29.47,29.78,29.56,29.64,29.88,30.00,30.00,30.00,30.17,29.64,30.00,30.00,30.00,30.09,30.17,30.31,30.31,30.31,30.62,30.53,30.70,30.70,30.53,30.00,30.17,29.78,29.25,28.94,28.09,27.75,27.12,26.06,25.41,24.44,23.23,21.08,17.94,14.84,12.72,11.80,11.58,11.36,10.91,10.83,11.12,11.12,11.70,11.12,10.83,10.56,10.56,10.56,10.33,10.56,10.11,10.56,10.33,10.11,10.33,10.33,10.25,10.11,10.47,10.03
10.11,10.11,10.25,10.03,10.91,10.91,10.91,11.05,10.91,11.05,11.27,11.70,11.48,11.36,11.36,11.36,11.70,11.58,11.36,11.36,11.36,10.69,10.91,10.83,10.69,10.69,10.56,10.47,10.69,10.47,10.83,10.83,10.69,10.83,10.91,11.12,11.27,11.58,11.58,11.92,11.80,11.80,11.70,11.58,11.12,10.83,11.36,11.05,11.36,11.58,11.80,11.48,11.92,12.59,12.50,12.81,12.81,13.03,12.94,13.61,14.05,15.16,18.16,22.70,25.41,27.22,28.50,28.94,29.16,28.94,28.72,28.62,28.50,28.50,28.41,28.41,28.19,27.88,27.75,28.09,28.28,28.19,28.50,28.41,28.62,28.28,28.50,28.41,27.97,27.97,28.19,27.97,28.09,28.28,28.09,28.19,28.28,28.41,28.28,28.41,28.09,28.41,28.28,28.72,28.72,28.94,28.81,29.16,29.16,29.16,29.16,29.25,29.34,29.34,29.56,29.34,29.56,29.56,29.34,29.56,29.88,29.78,29.88,29.88,29.88,30.00,29.78,29.88,29.78,30.17,30.09,29.88,30.09,30.09,30.00,29.78,30.09,30.09,30.00,29.88,30.00,29.88,30.00,30.09,30.00,30.17,30.09,30.31,30.09,30.31,30.31,30.62,30.70,30.62,30.62,30.70,30.70,30.62,30.70,30.53,30.84,30.53,30.41,30.31,30.17,30.31,30.17,30.17,30.31,30.53,30.31,30.09,30.17,30.17,30.53,30.31,30.09,30.09,30.17,30.17,30.09,30.09,30.17,30.00,30.00,29.78,29.64,29.56,29.47,29.64,29.25,29.56,29.47,29.64,29.88,29.88,29.78,29.78,29.88,29.64,30.00,29.78,30.00,29.78,29.78,30.09,30.17,30.00,30.09,30.41,30.53,30.62,30.53,30.62,30.70,30.09,30.00,29.47,29.25,29.03,28.09,27.66,27.34,26.38,25.53,24.88,23.59,21.73,18.59,14.84,13.03,12.06,11.36,11.05,11.12,10.91,11.05,11.27,11.58,11.48,11.05,10.56,10.56,10.47,10.47,10.56,10.33,10.33,10.25,10.47,10.11,10.47,10.56,10.11,10.03,10.25
10.33,10.33,10.47,10.11,11.12,10.83,10.83,11.05,11.27,11.12,11.70,11.36,11.36,11.36,11.27,11.70,11.70,11.70,11.36,11.05,11.05,10.69,10.56,10.69,10.83,10.56,10.83,10.83,10.91,10.56,10.56,10.33,10.56,10.69,10.83,10.69,11.27,11.27,11.48,11.48,11.48,11.70,11.92,11.80,11.48,11.27,11.12,10.91,11.36,11.36,11.80,11.36,11.58,12.59,12.50,12.81,12.59,12.72,12.81,13.83,14.27,15.73,19.05,23.16,25.62,27.66,28.50,28.72,29.03,28.72,28.62,28.62,28.28,28.28,28.19,27.97,27.66,27.75,28.09,28.09,28.28,28.50,28.19,28.41,28.72,28.41,28.28,28.19,28.28,28.41,28.62,28.72,28.41,28.41,28.62,28.41,28.50,29.03,29.03,28.81,28.72,28.94,29.03,28.94,29.25,29.16,29.03,29.16,29.03,29.25,29.34,29.56,29.34,29.47,29.47,29.56,29.56,29.64,29.56,29.56,29.78,29.88,30.09,29.78,30.00,30.09,30.00,30.17,30.00,30.00,30.17,30.09,29.78,30.00,30.09,30.09,30.00,29.78,29.88,30.09,30.00,30.09,30.17,30.00,30.00,29.78,30.17,29.88,30.17,30.17,30.31,30.31,30.53,30.62,30.62,30.62,30.53,30.62,30.53,30.31,30.53,30.41,30.31,30.31,30.31,30.17,30.17,29.78,30.00,30.09,30.09,30.09,30.31,30.17,30.17,30.00,30.17,30.41,30.17,30.17,30.09,30.00,30.09,30.00,30.00,29.64,29.34,29.25,29.34,29.25,29.16,29.34,29.25,29.34,29.47,29.47,29.64,29.56,29.78,30.00,29.78,29.56,29.64,29.88,29.88,29.88,30.31,30.00,30.17,30.31,30.31,30.31,30.70,30.53,30.70,30.00,29.88,29.64,29.34,29.03,28.50,28.09,27.44,26.59,25.62,24.97,23.59,21.73,18.25,14.84,12.81,12.14,11.80,11.12,11.12,11.05,11.27,11.36,11.58,11.27,10.83,10.47,10.47,10.69,10.11,10.47,10.47,10.56,10.69,10.33,10.56,10.33,10.11,10.33,10.25,10.47
10.11,10.33,10.33,10.11,10.83,11.05,10.91,10.91,11.12,11.58,11.58,11.58,11.58,11.58,11.80,11.58,11.70,11.27,11.05,11.05,10.69,10.47,10.69,10.56,10.56,10.69,10.69,10.56,10.69,10.47,10.56,10.56,10.56,10.69,10.56,10.91,10.69,10.91,11.05,11.58,11.80,12.06,11.80,11.80,11.58,11.48,11.12,10.69,11.36,11.12,11.80,12.06,11.70,12.06,12.59,12.81,12.81,12.94,13.39,13.47,14.41,16.17,19.66,23.69,26.30,27.75,28.72,28.94,28.94,28.62,28.28,28.19,28.41,27.88,27.75,27.53,27.53,27.97,28.09,28.41,28.41,28.41,28.19,28.19,28.28,28.41,28.62,28.72,28.62,28.62,29.16,28.81,29.03,29.03,29.16,29.03,28.94,29.16,29.34,29.25,29.56,29.47,29.47,29.56,29.56,29.64,29.47,29.47,29.34,29.16,29.47,29.56,29.47,29.64,29.56,29.56,29.64,29.78,29.88,29.78,29.88,29.88,29.88,30.09,30.09,29.88,30.31,30.09,29.88,30.00,29.88,30.00,29.88,30.09,30.00,30.00,29.78,29.78,29.78,30.00,29.78,29.88,30.00,30.00,30.09,30.17,30.17,30.09,30.17,30.41,30.31,30.53,30.41,30.31,30.70,30.53,30.62,30.53,30.53,30.53,30.31,30.17,30.17,30.17,30.17,30.17,30.09,29.88,29.64,29.78,29.78,30.09,30.31,30.09,30.17,30.09,30.31,30.09,30.00,30.17,30.17,29.88,29.88,29.78,29.78,29.64,29.64,29.16,29.16,29.16,29.03,29.03,29.25,29.16,29.34,29.34,29.56,29.47,29.56,29.64,29.78,29.34,29.64,29.64,29.64,29.56,30.00,30.09,29.78,30.17,30.17,30.41,30.62,30.53,30.31,30.17,30.00,29.34,29.16,29.25,28.94,28.72,27.75,26.91,26.06,24.97,23.91,22.48,19.66,16.03,13.73,12.50,11.48,11.48,11.05,11.05,11.12,11.48,11.48,11.12,11.05,10.56,10.56,10.69,10.56,10.47,10.47,10.47,10.33,10.69,10.47,10.25,10.03,10.33,10.33,10.56
10.33,10.03,10.03,10.33,10.91,10.91,10.83,11.12,11.58,11.70,11.58,11.80,11.70,11.58,11.70,11.70,11.36,11.36,10.47,10.91,10.69,10.56,10.69,10.56,10.56,10.91,10.91,10.56,10.83,10.69,10.56,10.47,10.56,10.56,10.69,10.69,10.91,10.69,10.69,11.12,11.70,11.80,12.06,11.80,11.92,11.58,11.70,11.12,11.27,11.27,11.36,12.14,11.80,12.06,12.59,12.81,12.94,13.03,13.47,13.73,14.48,16.17,20.11,24.12,26.47,27.97,28.41,28.94,28.81,28.41,28.19,28.09,27.97,27.75,27.53,27.66,28.09,28.09,28.62,28.28,28.41,28.50,28.62,28.81,28.94,28.81,28.81,29.03,29.16,29.25,29.47,29.56,29.56,29.47,29.56,29.56,29.56,29.64,29.64,29.88,30.31,30.31,30.17,30.31,30.09,30.09,30.17,29.88,29.78,29.78,30.00,29.64,30.00,29.78,29.88,29.78,29.88,29.88,30.09,30.00,29.88,29.88,30.17,30.09,30.00,30.17,30.00,30.00,29.78,30.31,30.17,30.09,30.17,30.17,30.00,30.00,29.88,29.88,29.78,30.00,30.00,30.00,30.00,30.00,30.00,30.17,30.00,30.17,30.00,30.17,30.41,30.53,30.31,30.41,30.41,30.62,30.62,30.31,30.62,30.31,30.09,30.09,30.17,30.17,30.00,30.00,29.88,29.64,29.64,29.47,29.88,29.78,29.56,30.00,30.17,30.09,30.00,30.17,30.09,30.00,30.00,30.00,29.88,29.78,29.64,29.78,29.56,29.25,29.03,29.03,28.94,28.94,29.03,29.16,29.03,29.16,29.34,29.25,29.25,29.64,29.56,29.56,29.64,29.56,29.64,29.56,29.78,29.88,30.00,30.00,30.31,30.17,30.17,30.31,30.31,30.00,30.00,29.56,29.34,29.34,29.03,28.62,27.75,27.12,26.16,24.97,24.22,22.70,20.23,17.05,14.27,13.03,12.06,11.36,11.05,11.36,11.36,11.48,11.58,11.27,10.56,10.56,10.69,10.47,10.47,10.56,10.03,10.03,10.33,10.47,10.56,10.25,10.25,10.56,10.56,10.11
10.25,10.33,10.11,10.03,11.05,10.91,11.05,11.36,11.58,11.48,11.58,11.58,11.48,11.80,11.70,11.70,10.83,10.56,10.56,10.83,10.56,10.69,10.69,10.69,10.69,10.56,10.69,10.56,10.69,10.47,10.56,10.56,10.56,10.56,10.69,11.05,10.69,11.12,10.56,10.91,11.05,11.58,11.80,11.36,11.80,11.80,11.80,11.70,11.70,11.36,11.36,11.92,12.06,12.06,12.59,13.03,12.59,13.03,13.39,13.73,14.84,17.05,21.20,24.44,26.81,28.19,28.72,28.72,466.03,28.62,28.09,27.88,27.66,27.22,27.34,27.53,27.97,27.88,28.09,28.19,28.62,28.72,28.94,29.25,29.25,29.56,29.56,29.34,29.47,29.34,29.88,29.88,29.78,29.88,30.00,29.88,30.00,30.00,29.88,30.41,30.31,30.62,30.62,30.70,30.53,30.53,30.62,30.41,30.41,30.09,30.00,30.17,30.00,30.00,30.31,30.17,30.00,29.88,30.09,30.09,30.00,30.00,29.88,29.78,29.88,30.00,30.09,29.88,30.41,30.00,30.17,30.00,30.09,29.88,30.17,30.09,30.00,29.88,30.00,30.00,30.17,29.78,30.00,30.00,30.31,30.31,30.17,30.00,30.17,30.17,30.31,30.53,30.70,30.53,30.53,30.53,30.53,30.70,30.53,30.31,30.31,30.09,30.09,30.09,30.17,29.88,29.88,30.00,29.56,29.56,29.34,29.56,29.34,29.56,29.56,29.78,29.78,29.64,30.17,29.88,29.78,29.88,29.78,29.78,29.64,29.88,29.56,29.34,29.25,29.34,29.25,29.03,28.62,28.62,28.62,29.16,28.94,29.03,29.03,29.25,29.34,29.56,29.47,29.56,29.56,29.56,29.56,29.64,29.88,29.78,29.88,30.17,30.31,30.17,30.41,30.53,30.31,29.88,29.78,29.56,29.78,29.34,28.72,28.41,27.53,26.38,25.62,24.44,23.16,20.45,17.36,14.84,13.61,12.06,11.36,11.27,11.05,11.27,11.80,11.58,11.12,10.83,10.47,10.56,10.56,10.56,10.47,10.56,10.33,10.69,10.56,10.33,10.56,10.47,10.56,10.03
10.25,10.47,10.25,10.33,10.11,10.91,11.05,11.27,11.36,11.58,11.80,11.80,11.80,11.58,11.80,11.70,11.12,10.56,10.56,10.56,10.56,10.56,10.69,10.83,10.69,10.56,10.03,10.56,10.69,10.33,10.69,10.56,10.91,10.56,10.56,10.47,10.69,10.91,10.91,10.47,10.83,11.05,11.27,11.70,11.80,11.80,11.92,11.92,11.70,12.06,11.58,11.27,11.92,12.14,12.06,12.59,12.81,13.03,13.03,13.39,13.83,14.84,17.05,21.20,24.78,26.91,28.19,28.62,28.28,28.09,27.66,27.22,27.12,26.91,27.34,27.44,27.66,27.66,27.75,28.19,28.50,28.81,29.16,29.03,29.56,29.88,29.56,29.78,29.78,29.88,30.09,30.09,30.09,30.31,30.31,30.09,30.31,30.09,30.53,30.41,30.53,30.53,30.70,30.84,30.70,30.70,31.02,30.70,30.62,30.62,30.53,30.31,30.31,30.31,30.31,30.31,30.09,30.31,30.09,30.17,30.31,30.53,30.31,30.00,30.17,30.17,30.09,30.00,30.00,30.09,30.00,29.88,30.00,30.17,29.78,30.00,29.88,29.88,29.64,30.17,30.00,30.17,30.00,30.31,30.31,30.17,30.31,30.00,30.17,30.09,30.31,30.62,30.53,30.53,30.53,30.70,30.84,30.53,30.84,30.41,30.31,30.17,30.41,30.41,30.31,30.09,30.09,30.17,29.56,29.56,29.56,29.64,29.25,29.34,29.25,29.47,29.34,29.47,29.88,29.78,30.00,30.00,29.64,29.88,29.56,29.34,29.47,29.47,29.34,29.47,29.03,29.03,28.72,28.72,28.41,28.62,28.50,29.03,28.94,29.16,29.16,29.56,29.25,29.47,29.34,29.56,29.56,29.56,29.88,29.64,30.00,30.09,30.00,30.09,30.17,30.00,30.17,30.00,29.64,29.56,29.56,29.25,29.16,28.50,27.75,26.69,25.53,24.66,23.38,20.89,18.03,15.59,13.39,12.14,11.70,11.12,11.05,11.58,11.58,11.58,11.12,10.91,10.56,10.91,10.56,10.69,10.47,10.25,10.56,10.47,10.47,10.33,10.25,10.11,10.25,10.11
9.89,10.33,10.47,10.56,10.11,11.12,11.05,11.12,11.70,11.92,11.70,11.70,12.06,11.80,11.80,11.58,10.69,10.11,10.83,10.83,10.69,10.47,10.47,10.83,10.47,11.05,10.91,10.69,10.69,10.69,10.69,10.56,10.47,10.91,11.05,10.83,10.91,10.56,10.56,10.69,10.69,11.05,10.69,11.05,11.70,11.58,11.70,12.06,12.06,11.92,11.70,11.48,11.70,12.14,12.38,12.59,12.81,13.03,13.03,13.39,14.05,15.38,17.72,21.73,25.19,27.12,28.09,28.19,27.75,27.34,26.91,26.59,26.81,26.47,26.91,26.81,26.91,27.22,27.53,28.09,28.62,28.94,29.16,29.16,29.34,29.25,29.34,29.56,29.64,29.78,30.00,30.00,29.88,30.17,30.41,30.17,30.41,30.31,30.53,30.70,30.53,31.02,30.94,31.16,31.02,31.02,31.16,31.02,31.02,30.94,30.70,30.53,30.53,30.70,30.53,30.53,30.41,30.09,30.17,30.31,30.31,30.31,30.17,30.17,30.00,30.17,30.00,30.00,30.09,30.00,30.09,30.31,30.00,29.88,29.88,30.00,30.00,29.78,30.00,30.00,30.00,30.00,30.00,30.00,30.41,30.17,30.17,30.31,30.17,30.31,30.31,30.70,30.70,30.70,30.62,30.70,30.94,30.70,30.53,30.31,30.41,30.41,30.62,30.70,30.09,30.31,30.09,30.17,30.00,30.17,30.17,30.00,29.88,29.78,29.34,29.64,29.47,29.56,29.78,29.64,29.88,29.64,29.78,29.78,29.88,29.56,29.47,29.47,29.25,29.34,29.03,29.03,28.94,28.72,28.50,28.50,28.41,28.72,28.81,28.94,29.25,29.16,29.16,29.47,29.88,29.56,29.34,29.47,29.78,29.78,30.09,30.00,30.17,30.17,30.17,30.09,30.31,30.31,29.78,29.56,29.34,29.03,28.72,28.50,27.88,26.91,25.94,24.78,23.47,21.52,18.38,15.38,13.17,12.06,11.36,11.48,11.12,11.80,11.48,12.06,11.36,10.83,10.91,10.47,10.56,10.56,10.56,10.56,10.56,10.56,10.47,10.47,10.56,10.47,10.47,10.11
10.33,10.56,10.33,10.25,10.47,11.05,10.91,11.48,11.48,11.70,11.48,11.70,11.80,11.48,11.48,10.69,10.47,10.47,10.47,10.91,10.33,10.56,10.69,10.47,10.69,10.56,10.56,10.69,10.56,10.56,10.47,10.25,10.69,10.56,10.56,10.69,10.83,10.56,10.83,10.69,10.69,10.83,10.91,11.27,11.12,11.36,11.70,11.92,11.92,12.14,12.28,11.70,12.06,12.06,12.14,12.72,13.03,12.94,12.94,13.39,14.41,15.28,18.59,22.84,25.41,26.91,27.44,27.22,26.69,26.30,25.94,25.53,25.41,25.62,25.62,26.06,26.30,26.91,27.34,27.75,28.09,28.19,28.50,28.50,28.81,28.62,28.62,28.94,29.16,29.16,29.47,29.64,29.78,29.64,30.00,30.00,30.17,30.31,30.53,30.70,30.62,30.84,31.02,31.16,31.23,31.02,30.94,31.16,31.02,31.16,30.84,30.84,30.70,30.70,30.53,30.53,30.53,30.17,30.31,30.09,30.17,30.00,30.17,30.09,30.17,30.17,30.17,29.78,30.00,30.00,29.88,29.88,30.00,29.88,30.00,30.09,29.88,29.78,29.78,30.00,30.09,30.00,30.00,30.31,30.41,30.53,30.31,30.31,30.31,30.31,30.62,30.70,30.84,30.84,30.62,30.70,30.84,30.53,30.41,30.53,30.70,30.70,30.84,30.84,30.53,30.70,30.70,30.41,30.53,30.84,30.62,30.70,30.53,30.17,30.17,30.00,30.00,29.78,29.56,29.56,29.78,29.34,29.56,29.64,29.56,29.78,29.47,29.47,29.25,29.16,29.16,28.94,28.94,28.62,28.62,28.28,28.41,28.50,28.72,28.81,29.03,29.03,29.25,29.16,29.64,29.47,29.56,29.56,29.56,29.56,29.64,30.00,29.78,30.17,30.17,30.09,30.17,30.17,29.64,29.56,29.64,29.34,28.94,28.09,27.66,26.91,26.16,25.19,23.59,21.52,18.25,14.70,12.81,11.70,11.58,11.27,11.36,11.80,11.70,11.48,11.12,10.69,10.47,10.83,10.47,10.47,10.56,10.33,10.33,10.56,10.47,10.47,10.33,10.33,10.03,10.03
10.47,10.33,10.33,10.33,9.89,11.27,11.27,11.36,11.70,11.80,11.92,11.80,11.80,11.48,11.05,10.69,10.56,10.56,10.47,10.47,10.69,10.69,10.56,10.56,10.83,10.69,10.69,10.56,10.56,10.91,10.69,10.91,10.69,10.91,10.56,10.56,10.83,10.91,10.47,10.69,11.05,10.69,10.83,10.83,10.83,11.05,11.58,11.92,12.06,12.14,12.14,12.06,11.92,12.38,12.59,12.94,12.72,12.94,13.25,13.73,14.62,15.81,19.44,22.84,25.19,26.16,26.47,25.94,25.19,24.66,24.22,24.22,24.22,24.22,24.56,25.19,25.94,25.84,26.06,26.81,26.81,27.00,27.00,27.00,27.34,27.53,27.53,27.97,27.97,28.09,28.62,29.03,29.03,29.16,29.16,29.56,29.64,29.88,30.17,30.31,30.31,30.84,30.84,31.02,31.02,31.16,31.23,31.16,31.02,31.02,31.02,30.70,30.70,30.84,30.84,30.70,30.62,30.53,30.31,30.53,30.41,30.70,30.31,30.31,30.31,30.31,30.31,30.00,30.09,30.00,30.09,29.88,29.88,29.88,30.09,29.64,30.00,30.00,30.00,29.88,30.17,30.17,30.09,30.31,30.53,30.17,30.41,30.17,30.53,30.31,30.62,30.70,30.94,30.84,30.62,30.84,30.94,31.02,31.02,31.02,30.70,31.16,31.02,31.02,31.16,31.02,30.94,31.02,31.16,31.16,31.23,31.38,31.16,31.16,30.84,30.62,30.41,30.09,30.00,29.56,29.56,29.56,29.56,29.56,29.47,29.34,29.34,29.64,29.34,29.25,29.03,28.94,28.72,28.50,28.62,28.41,28.41,28.62,28.41,28.62,28.72,28.72,29.16,29.25,29.34,29.25,29.34,29.56,29.47,29.56,29.78,30.09,29.64,30.09,30.09,30.09,30.00,30.00,30.00,29.47,29.56,29.34,29.03,28.09,27.12,26.59,26.06,25.09,23.81,21.42,18.25,14.94,13.17,12.28,11.36,11.27,11.36,11.92,11.70,11.48,11.05,10.56,10.69,10.33,10.47,10.69,10.56,10.11,10.47,10.47,10.47,10.47,10.25,10.33,10.33,10.33
10.25,10.33,9.89,10.33,10.11,11.58,11.36,11.58,11.80,11.80,11.80,11.58,11.80,11.27,10.91,10.56,10.33,10.33,10.69,10.69,10.56,10.69,10.33,10.69,10.56,10.56,10.69,10.56,10.56,10.83,10.47,10.47,10.56,10.56,10.91,10.47,10.56,10.47,10.56,10.91,10.69,10.83,10.91,10.91,11.12,11.05,11.36,11.70,11.80,12.14,12.28,12.06,12.50,12.59,12.72,13.03,12.81,13.25,13.39,13.83,14.84,16.39,19.34,22.27,23.59,24.12,24.03,23.69,22.70,22.17,21.95,22.17,22.09,22.17,22.62,23.06,23.23,23.47,23.38,23.69,23.81,23.91,24.22,24.44,24.66,24.88,24.97,25.72,25.84,26.06,26.59,27.12,27.34,27.66,27.97,28.19,28.62,29.16,29.16,29.56,29.88,30.31,30.17,30.70,30.70,31.16,31.16,31.23,30.84,31.23,30.84,31.16,31.02,30.84,30.94,30.70,30.62,30.62,30.31,30.17,30.53,30.31,30.41,30.53,30.31,30.17,30.17,30.09,30.00,30.00,30.00,30.00,30.00,30.00,29.88,29.78,30.00,29.88,29.88,30.00,30.17,30.09,30.00,30.00,30.53,30.31,30.31,30.31,30.70,30.70,30.84,30.84,30.84,30.94,30.84,31.16,31.16,31.16,30.94,31.02,30.94,31.16,31.23,31.38,31.38,31.23,31.38,31.23,31.38,31.45,31.23,31.77,31.38,31.16,31.16,30.62,30.62,30.53,30.17,29.78,29.56,29.16,29.34,29.25,29.47,29.34,29.56,29.34,29.03,29.25,29.03,28.94,28.62,28.62,28.62,28.62,28.19,28.50,28.50,28.62,28.62,28.72,28.94,29.03,29.34,29.16,29.34,29.56,29.56,29.64,29.78,30.00,30.00,29.88,29.78,29.78,30.09,29.78,30.00,29.64,29.47,29.34,29.16,28.72,27.75,27.00,26.06,25.09,24.03,21.95,18.69,15.28,13.39,12.14,11.36,11.48,11.70,11.92,11.80,11.36,11.12,11.05,10.33,10.56,10.47,10.33,10.47,10.47,10.56,10.25,10.47,10.25,10.69,10.03,10.11,10.56
10.47,10.47,10.33,10.11,10.03,11.36,11.48,11.80,11.48,11.70,11.58,11.36,11.58,10.91,10.33,10.33,10.56,10.56,10.83,10.33,10.56,10.47,10.47,10.47,10.69,10.56,10.56,10.56,10.25,10.69,10.56,10.83,10.69,10.56,10.83,10.56,10.69,10.91,10.69,10.47,10.91,10.83,10.83,10.69,10.69,10.69,11.27,11.27,11.80,12.38,11.92,12.14,13.03,12.50,13.17,13.17,13.25,13.17,13.73,14.05,14.94,15.95,18.16,19.58,20.02,20.23,20.02,19.66,19.22,18.59,18.47,18.91,18.83,18.91,19.12,19.34,19.34,19.44,19.58,19.80,20.02,20.11,20.45,20.23,20.89,20.89,21.42,21.52,22.17,22.84,23.38,24.03,24.34,24.88,25.62,26.30,26.59,27.00,27.66,28.28,28.62,29.03,29.34,29.78,30.09,30.31,30.62,30.84,30.70,30.84,31.02,30.84,30.84,30.84,31.02,30.70,30.70,30.53,30.53,30.53,30.53,30.53,30.53,30.31,30.31,30.00,30.00,30.00,30.09,29.88,30.09,30.00,29.78,29.88,30.00,29.56,30.00,29.78,30.00,30.00,30.17,30.09,30.31,30.31,30.31,30.31,30.41,30.31,30.53,30.53,30.62,30.70,31.02,30.84,31.02,31.16,31.02,31.02,31.16,31.45,31.16,31.23,31.23,31.38,31.38,31.38,31.55,31.38,31.69,31.55,31.45,31.55,31.77,31.02,31.23,30.94,30.84,30.53,30.17,30.00,29.64,29.34,29.34,29.34,29.34,29.25,29.47,29.56,29.16,29.03,29.03,29.03,28.72,28.81,28.62,28.62,28.62,28.62,28.72,28.62,28.50,28.72,28.62,28.94,29.03,29.03,29.16,29.16,29.34,29.47,29.56,30.09,29.88,30.00,30.09,30.17,30.00,29.78,29.64,29.47,29.34,29.34,29.03,28.72,27.75,27.12,26.30,25.19,23.91,21.95,19.34,15.81,13.73,12.14,11.80,11.48,11.80,11.92,11.70,11.36,10.91,10.56,10.69,10.33,10.47,10.47,10.69,10.11,10.33,10.33,10.33,10.47,10.91,10.83,10.56,10.56
10.03,10.25,10.03,10.11,10.11,11.70,11.80,11.80,11.80,11.70,11.36,11.36,11.05,10.56,10.56,10.69,10.47,10.47,10.83,10.91,10.91,10.56,10.56,11.05,10.56,10.83,10.47,10.56,10.69,10.69,10.83,10.56,10.56,10.56,10.83,10.69,10.56,10.56,10.56,10.83,10.83,10.83,10.69,11.27,11.12,11.05,10.91,11.12,11.58,12.28,12.59,12.59,13.03,13.39,13.73,13.95,14.19,14.27,14.41,14.84,15.28,15.59,16.39,16.92,17.14,17.28,17.14,16.92,16.83,16.83,17.05,17.05,17.05,17.36,17.36,17.36,17.28,17.72,17.58,17.72,17.72,17.94,17.94,18.03,18.25,18.59,18.69,18.83,19.34,19.44,20.11,20.33,20.98,21.52,22.09,22.48,23.59,24.03,24.97,25.62,26.47,27.12,27.88,28.50,28.94,29.47,29.78,30.09,30.09,30.70,30.62,30.84,30.70,30.70,30.94,30.84,30.53,30.84,30.53,30.53,30.41,30.53,30.41,30.31,30.31,30.31,30.00,30.09,30.09,30.09,30.00,30.00,29.64,29.88,29.78,29.88,30.00,30.00,30.09,30.17,30.00,30.17,30.41,30.53,30.53,30.62,30.53,30.53,30.53,30.53,30.84,30.84,30.84,31.02,31.16,31.23,31.16,31.23,31.45,31.38,31.45,31.45,31.55,31.45,31.77,31.55,31.91,31.69,31.69,31.77,31.77,31.91,31.55,31.23,31.23,31.16,30.84,30.53,30.53,30.31,30.00,29.64,29.47,29.34,29.34,29.34,29.16,29.34,29.03,28.94,28.94,28.94,28.72,28.62,28.72,28.50,28.41,28.41,28.41,28.19,28.41,28.50,28.72,28.72,29.03,29.03,29.16,29.34,29.56,29.56,29.78,29.78,30.00,30.00,30.17,29.88,29.88,29.56,29.78,29.64,29.64,29.25,29.03,28.72,28.41,27.66,26.47,25.53,24.34,22.70,19.80,16.39,13.95,12.38,11.70,11.80,12.06,12.14,11.70,11.36,10.83,10.83,10.47,10.47,10.69,10.47,10.56,10.47,10.56,10.69,10.83,11.12,11.27,11.36,10.69,10.33
10.33,10.11,10.33,10.11,10.33,11.80,11.36,11.36,11.48,11.48,11.12,11.12,11.05,10.47,10.33,10.11,10.69,10.47,10.56,10.56,10.69,10.33,10.83,10.91,10.69,10.83,10.47,10.56,10.25,10.56,10.33,10.56,10.47,10.56,10.47,10.47,10.33,10.47,10.56,10.56,10.69,10.56,10.56,11.12,10.91,11.05,10.56,11.36,11.36,12.38,12.72,13.39,14.05,13.73,14.27,14.27,14.70,14.62,14.62,14.84,15.50,15.38,15.50,15.81,15.73,15.95,15.81,15.81,16.17,16.17,16.03,16.39,16.48,16.39,16.25,16.61,16.70,16.61,16.70,16.70,17.05,16.92,16.92,17.05,17.14,17.28,17.58,17.94,17.94,18.25,17.94,18.47,18.83,19.12,19.58,19.80,20.67,20.89,21.42,22.48,22.84,24.03,24.88,25.94,26.59,27.53,28.41,28.72,29.16,29.64,30.17,30.17,30.17,30.53,30.62,30.62,30.70,30.31,30.53,30.41,30.31,30.53,30.31,30.62,30.31,30.09,30.17,30.17,30.31,29.88,30.31,30.09,30.00,29.78,29.88,29.64,30.00,29.78,29.88,30.17,30.00,30.31,30.09,30.31,30.41,30.31,30.84,30.94,30.70,30.62,30.84,30.94,30.84,31.16,30.94,31.23,31.23,31.16,31.16,31.23,31.45,31.69,31.45,31.55,31.69,31.98,31.77,31.77,31.55,31.69,31.77,31.55,31.55,31.23,31.45,31.16,31.02,30.84,30.70,30.53,30.31,29.88,29.78,29.34,29.47,29.25,29.25,29.34,29.03,29.16,28.94,28.94,28.72,28.41,28.28,28.19,28.19,28.19,27.97,28.09,28.19,28.19,28.62,28.62,28.72,28.81,29.03,29.25,29.34,29.34,29.34,29.56,29.64,29.78,30.00,30.17,29.56,29.78,29.56,29.64,29.56,29.25,28.81,28.50,28.09,27.53,26.91,25.53,24.34,22.62,19.88,16.25,14.05,12.38,11.92,11.80,12.14,11.80,11.58,11.27,10.56,10.47,10.56,10.69,10.47,10.69,10.33,11.05,10.69,11.12,11.70,11.80,11.05,10.56,10.47,9.89
10.03,9.81,10.47,10.11,10.11,11.70,11.58,11.58,11.58,11.12,11.36,10.91,10.83,10.47,10.11,10.47,10.11,10.56,10.56,10.69,10.56,10.56,10.69,10.69,10.56,10.83,10.56,10.69,10.56,10.56,10.33,10.47,10.56,10.56,10.56,10.56,10.69,10.91,10.56,10.56,10.33,10.69,10.91,10.83,10.83,11.05,10.69,11.27,11.70,12.50,13.25,13.61,14.05,14.19,14.27,14.48,14.84,14.70,14.70,15.06,14.84,15.16,15.16,15.38,15.38,15.59,15.59,15.73,15.59,15.59,15.73,15.95,15.81,15.81,16.25,15.95,16.17,16.17,16.17,16.39,16.25,16.70,16.39,16.48,16.61,16.70,16.92,17.05,17.36,17.50,17.72,17.72,17.80,18.16,18.38,18.69,18.83,18.91,19.44,19.80,20.45,20.98,21.52,22.70,23.47,24.56,25.41,26.38,27.34,27.97,28.72,29.03,29.56,30.09,30.31,30.31,30.41,30.53,30.41,30.31,30.31,30.17,30.17,30.31,30.09,30.17,30.17,30.00,30.09,30.09,29.88,29.88,29.78,29.88,29.64,29.64,29.64,29.78,29.78,29.88,30.00,30.17,30.00,30.41,30.31,30.53,30.53,30.53,31.02,30.70,30.84,30.94,31.23,31.02,31.23,31.23,31.23,31.38,31.55,31.55,31.45,31.69,31.77,31.69,31.77,31.77,31.77,31.69,31.77,31.55,31.55,31.55,31.55,31.38,31.16,31.16,30.84,30.84,30.62,30.70,30.41,30.31,30.09,30.00,29.88,29.34,29.34,29.34,28.94,29.03,28.72,28.72,28.62,28.62,28.19,28.19,28.09,27.97,28.09,27.88,27.97,28.19,28.19,28.41,28.62,28.62,28.94,29.16,29.16,29.25,29.56,29.78,30.00,29.88,30.09,30.09,30.00,29.64,29.56,29.56,29.47,29.16,29.03,28.81,28.41,27.88,26.81,25.84,24.66,23.06,20.02,15.95,14.05,12.50,11.80,12.14,11.92,11.80,11.70,11.36,10.83,10.91,10.56,10.69,10.47,10.69,10.56,11.05,11.36,12.06,11.92,10.91,10.56,10.33,10.03,10.25
10.25,9.89,10.03,10.03,10.25,11.58,11.58,11.70,11.36,11.27,10.69,10.91,10.25,10.47,10.47,10.47,10.25,10.56,10.83,10.69,10.56,10.56,10.69,10.33,10.47,10.56,10.69,10.91,10.56,10.33,10.69,10.56,10.56,10.56,466.03,10.83,10.91,10.69,10.69,11.05,10.33,10.83,10.69,10.69,11.05,10.69,11.12,11.12,11.36,11.92,12.81,13.73,13.95,14.05,14.48,14.48,14.48,14.62,14.70,14.94,14.84,15.06,14.84,14.84,15.06,15.28,15.38,15.38,15.38,15.28,15.59,15.50,15.73,15.73,15.59,15.81,16.03,15.95,16.17,15.81,16.25,16.39,16.39,16.25,16.48,16.39,16.83,16.83,16.83,16.92,17.05,17.28,16.92,17.58,17.72,17.72,17.94,18.16,18.16,18.25,18.83,18.91,19.44,19.58,20.11,20.77,21.30,22.41,23.06,24.03,25.09,26.30,27.22,27.88,28.62,29.25,29.34,29.88,30.09,30.17,30.17,30.53,30.31,30.09,30.17,29.88,30.09,30.17,30.09,30.09,29.88,30.00,29.88,29.88,29.56,29.56,29.56,29.64,29.78,29.88,30.00,29.88,30.31,30.17,30.31,30.53,30.41,30.53,30.84,30.53,30.94,30.84,30.94,31.23,31.16,31.23,31.16,31.23,31.38,31.38,31.55,31.69,31.55,31.77,31.55,31.55,31.69,31.55,31.55,31.45,31.45,31.23,31.23,31.16,31.16,31.23,30.94,30.84,30.94,30.84,30.53,30.62,30.31,30.09,30.41,30.00,29.47,29.56,29.25,29.34,29.25,29.16,28.62,28.41,28.41,28.09,28.09,27.97,27.97,27.75,27.75,27.75,27.88,27.66,28.19,28.62,28.41,28.62,29.03,29.16,29.16,29.47,29.64,29.56,29.78,30.00,29.88,30.00,30.00,29.78,29.47,29.78,29.56,29.03,28.62,28.50,27.75,26.81,25.84,24.56,22.94,20.67,16.83,14.19,12.59,12.06,12.14,11.70,11.80,11.36,11.27,10.83,10.83,10.83,10.56,10.56,10.83,11.12,11.48,11.80,11.70,11.27,10.25,10.56,10.56,10.03
10.11,9.89,10.11,9.81,10.47,10.33,11.92,11.48,11.58,11.48,11.12,11.12,10.56,10.47,10.56,10.33,10.47,10.47,10.47,10.83,10.47,10.47,10.69,10.69,10.69,10.56,10.69,10.69,10.56,10.56,10.91,10.56,10.47,10.69,10.91,10.56,10.83,10.91,10.56,11.12,10.91,10.56,10.83,11.05,10.91,11.05,11.12,11.27,11.48,12.06,13.17,13.47,14.27,14.27,14.41,14.27,14.70,14.70,14.48,14.84,14.94,15.16,14.84,14.84,15.06,15.28,15.16,15.38,15.28,15.28,15.38,15.59,15.28,15.73,15.59,15.73,15.59,15.95,15.95,15.95,15.81,16.39,16.39,16.39,16.39,16.48,16.70,16.48,16.92,16.70,17.05,17.05,17.36,17.36,17.58,17.50,17.72,17.72,17.94,17.94,17.94,18.47,18.59,18.91,19.05,19.22,19.44,20.23,20.89,21.20,22.17,23.23,24.03,25.19,26.47,27.22,28.09,28.62,29.25,29.64,29.56,29.56,30.00,30.00,30.09,30.17,29.88,30.00,29.88,30.09,30.00,29.88,29.78,29.56,29.56,29.56,29.88,30.00,29.88,30.00,29.88,30.09,30.09,30.17,30.17,30.53,30.62,30.53,30.70,30.70,30.84,31.02,31.16,31.16,31.23,31.23,31.23,31.23,31.23,31.23,31.55,31.77,31.77,31.45,31.55,31.77,31.38,31.45,31.38,31.16,31.23,30.94,31.16,30.84,30.62,30.84,31.02,30.62,30.53,30.41,30.31,30.17,30.17,30.17,30.09,30.00,29.64,29.88,29.78,29.34,29.25,29.03,28.81,28.62,28.19,28.19,27.97,27.66,27.97,27.88,27.66,27.75,27.88,27.44,28.19,28.41,28.41,28.72,28.72,29.03,29.16,29.56,29.56,29.64,30.00,29.88,30.00,29.64,30.17,29.78,29.78,29.88,29.64,29.25,28.94,28.50,27.97,27.22,25.94,24.66,23.38,20.89,17.58,14.94,13.17,12.14,12.38,12.14,11.80,11.80,11.36,10.56,10.69,10.47,11.12,11.12,11.58,12.06,11.70,11.70,11.27,10.69,10.56,10.56,10.56,10.33
10.33,10.56,10.69,10.47,10.56,10.69,11.70,11.36,11.48,11.36,11.48,10.69,10.47,10.47,10.33,10.33,10.33,10.83,10.56,10.69,10.56,10.56,10.69,10.56,10.56,10.56,10.69,10.56,10.69,10.56,10.91,10.56,10.91,10.56,10.69,10.69,10.56,10.56,10.83,10.56,10.69,10.69,10.91,10.69,10.83,11.12,11.05,11.27,11.80,12.38,13.03,13.47,14.19,14.27,14.27,14.62,14.84,14.48,14.41,14.70,14.84,14.84,14.84,15.16,15.16,15.38,15.16,15.06,15.16,15.28,15.38,15.50,15.38,15.59,15.81,15.81,15.81,15.81,16.17,15.95,16.03,15.95,16.25,16.25,16.25,16.70,16.61,16.48,16.70,16.83,16.83,16.92,17.28,17.36,17.58,17.28,17.58,17.72,17.72,17.72,18.16,18.03,18.03,18.38,18.83,18.91,18.59,19.05,19.58,19.66,20.23,20.77,21.42,22.48,23.59,24.56,25.62,26.81,27.75,28.09,28.94,29.03,29.34,29.56,29.64,29.78,29.88,30.00,30.00,29.88,29.78,29.64,29.64,29.56,29.34,29.56,29.34,29.78,29.56,29.64,29.64,29.64,30.31,30.00,30.17,30.41,30.70,30.53,30.70,30.70,30.94,31.02,31.02,31.23,31.02,31.16,31.16,31.16,31.38,31.55,31.16,31.38,31.23,31.23,31.38,31.23,31.02,31.16,30.70,30.94,30.70,30.84,30.53,30.31,30.41,30.53,30.17,30.17,30.17,29.88,30.00,29.88,29.88,29.64,29.78,30.00,29.78,29.56,29.64,29.56,29.56,29.34,29.03,28.72,28.62,28.19,28.09,27.88,27.66,27.88,27.75,27.66,27.66,27.53,27.66,27.97,28.41,28.62,28.81,29.03,29.16,29.56,29.56,29.64,29.88,29.64,29.88,30.00,29.78,30.00,30.00,29.88,29.56,29.16,28.94,28.62,28.19,27.22,26.06,24.66,23.59,21.08,18.25,15.38,13.83,12.94,12.38,11.92,11.80,11.80,11.36,10.91,10.69,10.56,11.12,11.80,12.28,12.38,11.80,11.58,11.12,10.91,10.56,10.56,10.56,10.47
10.33,10.69,10.56,10.47,10.56,11.12,11.36,11.48,11.36,11.05,11.05,10.47,10.47,10.47,10.47,10.11,10.56,10.91,10.56,10.33,10.56,10.47,10.83,10.47,10.56,10.69,10.91,10.47,10.83,10.69,10.56,10.56,10.56,10.56,10.47,10.56,10.83,10.83,10.69,10.56,10.56,10.69,10.91,11.12,10.91,10.83,11.27,11.05,11.80,12.50,13.73,13.73,13.83,14.27,14.70,14.41,14.48,14.62,14.41,14.48,14.62,14.84,14.84,14.84,14.84,14.84,15.16,15.28,15.16,15.16,15.16,15.38,15.38,15.59,15.38,15.59,15.59,15.95,15.95,15.95,16.17,15.81,16.17,16.25,16.25,16.25,16.48,16.61,16.61,16.92,16.83,17.05,17.14,17.05,17.50,17.36,17.36,17.72,17.58,17.72,17.72,18.03,17.80,18.03,18.16,18.38,18.38,18.59,18.91,19.05,19.22,19.58,20.02,20.23,21.08,21.95,22.84,23.91,24.97,26.06,26.91,27.75,28.41,28.81,29.16,29.34,29.34,29.56,29.56,29.64,29.34,29.25,29.34,29.34,29.25,29.25,29.64,29.56,29.56,29.64,29.56,29.88,29.88,30.00,30.17,30.17,30.41,30.53,30.53,30.53,30.53,30.70,30.94,30.84,30.84,30.70,30.84,30.70,31.02,30.94,30.84,30.84,30.70,30.70,30.41,30.53,30.53,30.17,30.00,30.17,29.78,30.00,29.64,29.56,29.56,29.34,29.64,29.16,29.34,29.34,29.25,29.25,29.34,29.34,29.25,29.25,29.16,29.16,29.34,29.25,29.25,29.16,29.16,29.03,28.28,28.41,28.28,27.88,27.75,27.53,27.66,27.53,27.53,27.53,27.53,27.53,27.88,28.09,28.50,28.62,28.94,29.16,29.47,29.78,29.78,29.64,29.47,29.56,29.88,29.78,29.56,30.00,29.56,29.47,29.56,28.81,27.75,27.12,26.06,24.88,23.59,21.20,18.03,15.38,14.19,13.03,13.03,12.38,12.06,11.80,11.36,11.05,11.36,11.36,12.06,12.38,12.50,12.06,11.48,10.91,10.83,10.47,10.56,10.47,10.56,10.83
10.25,10.47,10.91,10.91,11.36,11.36,11.58,11.12,10.91,10.91,10.56,10.56,10.56,10.83,10.11,10.25,10.33,10.56,10.56,10.56,10.56,10.83,10.69,10.69,10.56,10.56,10.56,10.83,10.69,10.47,11.05,10.56,10.56,10.91,10.83,10.91,10.69,10.69,10.56,11.27,10.83,10.56,10.91,10.91,11.12,11.05,11.05,11.27,11.80,12.72,13.61,13.83,14.05,14.41,14.05,14.05,14.27,14.62,14.48,14.62,15.16,14.70,14.70,14.84,14.84,14.84,15.28,15.28,15.38,15.38,15.38,15.50,15.50,15.50,15.59,15.73,15.59,15.95,15.95,15.73,16.25,16.17,16.48,16.17,16.39,16.48,16.70,16.48,16.70,16.92,17.05,17.05,17.36,17.14,17.28,17.50,17.28,17.58,17.58,17.80,17.58,17.94,17.94,18.03,17.94,18.03,18.25,18.25,18.47,18.59,18.59,18.91,19.22,19.34,19.80,20.23,20.67,21.30,22.17,23.16,24.34,25.19,26.16,27.00,27.75,28.19,28.62,28.81,28.72,28.94,29.03,29.16,28.72,28.94,29.03,29.03,29.16,29.03,29.03,29.25,29.78,29.56,29.88,29.64,29.88,30.00,30.17,30.17,30.17,30.17,30.17,30.41,30.53,30.41,30.41,30.31,30.09,30.09,30.00,30.17,29.88,29.88,29.56,29.34,29.25,29.16,29.03,28.94,29.03,28.62,28.62,28.41,28.50,28.50,28.19,28.41,28.19,28.09,28.28,28.19,28.19,28.41,28.62,28.62,28.62,28.72,28.72,28.94,28.94,28.72,29.03,28.94,28.94,28.72,28.41,28.41,28.41,28.19,28.09,27.66,27.53,27.44,27.22,27.22,27.22,27.53,27.53,27.97,28.41,28.72,29.03,29.34,29.47,29.56,29.16,29.78,29.56,29.56,29.78,29.78,30.00,30.00,29.56,29.56,29.16,28.72,27.97,27.22,26.30,24.78,23.38,21.52,18.47,15.50,13.73,12.81,12.72,12.59,12.28,11.70,11.36,11.36,11.70,11.80,12.06,12.06,11.80,11.80,10.91,10.47,10.69,10.56,10.56,10.69,10.69,10.33
10.56,10.69,10.91,11.05,11.12,11.36,11.36,10.56,10.47,10.47,10.47,10.56,10.56,10.47,10.56,10.83,10.56,10.91,10.47,10.83,10.56,10.69,10.47,10.69,10.91,10.56,10.91,10.56,10.69,10.69,10.83,10.83,10.56,10.47,10.91,10.69,10.69,10.69,10.56,11.05,10.69,10.91,10.56,11.12,10.91,11.05,11.27,11.36,12.06,12.59,13.73,14.05,14.05,14.27,14.05,14.05,14.27,14.41,14.41,14.41,14.62,14.70,14.70,14.84,14.84,15.06,15.16,15.16,15.16,15.16,15.38,15.50,15.38,15.38,15.50,15.73,15.95,15.95,16.25,16.03,16.25,15.95,15.95,16.39,16.70,16.48,16.70,16.70,17.05,16.92,17.05,17.36,17.14,17.05,17.05,17.50,17.58,17.58,17.58,17.58,17.94,17.72,18.03,17.94,17.80,17.94,18.16,18.38,18.03,18.38,18.69,18.83,19.12,19.05,19.34,19.44,19.58,20.23,20.89,21.20,21.95,22.62,23.69,24.66,25.41,26.38,27.00,27.66,27.75,28.09,27.97,28.41,28.50,28.41,28.19,28.72,28.62,28.94,28.72,28.94,28.94,29.16,29.34,29.34,29.34,29.64,29.56,29.64,29.88,29.88,29.56,29.64,29.34,29.56,29.47,29.16,28.72,28.94,28.50,28.41,28.19,28.41,27.75,27.66,27.53,27.22,26.91,26.69,26.59,26.38,26.47,26.47,26.47,26.30,26.30,26.47,26.38,26.47,26.59,26.69,26.47,27.00,27.12,27.44,27.34,27.66,27.88,27.75,27.97,28.28,28.41,28.19,28.62,28.41,28.50,28.50,28.09,28.19,28.09,27.75,27.44,27.00,27.34,27.12,27.34,27.34,27.22,27.66,28.19,28.41,28.94,29.16,29.34,29.47,29.56,29.64,29.34,29.47,29.64,29.78,29.88,30.00,29.78,29.34,29.25,28.72,28.09,26.91,26.06,24.97,23.69,20.98,17.72,15.16,13.73,13.25,12.72,12.59,12.06,11.92,11.58,11.80,12.06,11.92,12.06,12.06,11.70,11.27,10.56,10.69,10.56,10.56,10.33,10.56,10.47,10.33
10.83,10.91,11.05,11.27,11.27,11.27,10.91,10.47,10.56,10.47,11.05,10.47,10.33,10.56,10.56,10.56,10.47,10.91,10.83,10.91,10.69,10.91,10.83,10.91,10.91,10.47,10.83,11.05,11.05,10.69,10.56,10.91,10.56,10.83,10.91,10.91,10.83,10.47,10.91,10.69,10.83,10.47,10.83,10.83,10.83,11.05,11.12,11.58,12.06,12.81,13.83,14.05,14.05,13.95,14.19,14.19,14.41,14.41,14.48,14.62,14.70,14.48,14.70,14.84,14.84,15.16,15.16,15.06,15.38,15.38,15.38,15.50,15.50,15.59,15.73,15.95,15.73,16.25,16.03,16.03,16.25,16.25,16.25,16.25,16.25,16.61,16.61,16.61,16.70,17.05,17.05,17.05,17.36,17.36,17.28,17.50,17.36,17.50,17.58,17.72,17.94,17.72,17.94,18.03,18.03,18.03,18.16,18.25,18.03,18.25,18.38,18.47,18.38,18.59,18.91,19.12,19.12,19.80,19.66,20.11,20.45,20.89,21.42,22.27,23.06,23.91,24.56,25.31,25.72,26.30,26.47,26.59,26.81,27.34,27.34,27.53,27.34,27.75,27.88,27.88,28.09,28.41,28.50,28.62,28.72,28.72,28.72,28.72,28.62,28.28,28.19,27.88,27.97,27.88,27.34,27.00,26.81,26.47,26.06,25.94,25.53,25.19,25.09,24.88,24.34,24.22,24.12,23.91,24.03,23.59,23.59,23.59,23.59,23.81,23.59,23.59,23.59,23.81,24.22,24.22,24.44,24.56,25.19,25.41,25.62,25.94,26.06,26.38,26.81,26.91,27.53,27.44,27.53,27.75,27.88,28.09,28.19,27.97,28.09,27.75,27.66,26.91,26.81,26.81,27.00,27.00,27.00,27.22,27.66,28.19,28.50,29.03,29.16,29.56,29.16,29.47,29.56,29.34,29.56,29.88,29.47,29.88,29.64,29.16,29.03,28.62,27.97,27.00,26.16,24.88,23.59,20.98,17.50,14.84,14.05,13.25,12.72,12.38,12.38,12.14,12.06,12.06,11.80,12.06,12.50,11.92,11.36,10.83,10.69,10.69,11.05,10.56,10.69,10.56,10.33,10.69
10.83,11.05,11.36,11.12,11.12,11.12,10.69,10.69,10.83,10.56,10.56,10.47,10.56,10.56,10.56,10.56,10.83,10.91,10.56,10.91,10.69,11.05,10.83,11.05,10.91,10.83,11.05,10.91,11.12,10.69,11.12,10.69,10.56,10.83,10.47,10.69,10.69,10.56,11.12,10.83,10.69,10.69,10.69,11.05,11.05,10.91,11.12,11.80,12.06,13.03,13.95,14.70,14.48,14.19,13.83,14.05,14.27,14.48,14.48,14.62,14.94,14.70,14.84,14.70,14.84,14.84,15.16,15.28,15.38,15.16,15.38,15.50,15.73,15.59,15.59,15.81,15.95,15.95,15.95,15.95,16.17,16.39,16.70,16.39,16.61,16.70,16.70,17.05,17.14,16.92,16.92,16.92,17.14,17.05,17.58,17.50,17.80,17.58,17.50,17.80,17.94,17.80,17.72,17.72,17.94,18.47,18.25,18.38,18.03,18.16,18.25,18.47,18.38,18.59,18.83,18.91,19.05,19.22,19.22,19.58,19.66,20.23,20.67,20.67,20.98,21.88,22.17,22.84,23.16,23.69,24.22,24.66,24.66,25.53,25.41,25.62,25.84,25.84,26.06,26.47,26.59,26.91,27.00,27.00,26.91,27.22,27.22,26.81,26.47,26.30,25.94,25.84,25.53,24.97,24.97,24.22,24.03,23.59,23.23,23.06,23.06,22.48,22.27,21.95,21.88,21.66,21.30,21.20,21.20,21.08,21.20,20.89,21.08,20.89,21.08,20.98,20.89,21.20,21.42,21.42,21.52,21.95,22.41,22.48,23.06,23.38,23.69,24.12,24.56,24.97,25.31,26.06,26.06,26.47,26.81,27.34,27.44,27.34,27.66,27.66,27.34,27.22,26.59,26.59,26.91,26.69,26.59,26.91,27.44,28.09,28.50,28.72,29.16,29.34,29.16,29.56,29.34,29.34,29.56,29.56,29.56,30.09,29.78,29.25,29.03,28.94,27.97,27.22,25.94,25.19,23.69,21.08,17.36,15.06,13.73,13.39,12.94,12.72,12.50,12.38,12.38,12.06,12.06,12.06,12.14,11.58,10.83,10.91,10.56,10.56,10.56,10.56,10.56,10.91,10.83,10.91
11.12,11.27,11.27,10.91,11.27,10.69,10.56,10.47,10.69,10.33,10.69,10.47,10.83,10.47,10.69,11.05,11.05,11.05,11.36,11.12,11.12,11.12,11.12,11.36,11.05,11.12,11.27,11.05,11.05,11.05,11.27,11.05,11.05,11.05,11.05,11.12,10.69,10.83,10.33,10.91,10.83,10.56,10.91,10.69,10.91,11.36,11.12,11.70,12.50,12.94,13.73,15.06,14.70,13.73,13.47,14.27,14.27,14.70,14.41,14.62,14.70,14.70,14.84,14.84,14.84,14.94,15.28,15.16,15.59,15.38,15.28,15.50,15.59,15.59,15.73,15.81,16.03,15.95,15.73,15.95,16.17,16.17,16.25,16.48,16.61,16.48,16.70,16.92,16.83,17.05,17.28,17.14,17.36,17.36,17.36,17.50,17.50,17.58,17.72,17.58,17.80,18.03,17.72,18.03,18.16,18.03,18.03,18.25,18.03,18.25,18.25,18.47,18.38,18.59,18.83,19.05,18.83,19.05,19.34,19.22,19.80,19.80,20.02,20.33,20.67,20.67,20.89,20.89,21.20,21.66,21.95,22.27,22.48,22.70,23.06,23.06,23.47,23.59,23.81,24.34,24.44,24.34,24.56,24.88,24.78,24.44,24.44,24.34,24.22,23.47,23.16,23.16,22.62,22.41,22.09,21.52,21.52,21.20,21.20,21.08,20.77,20.67,20.55,20.55,20.11,20.02,19.88,19.88,19.88,19.88,19.44,19.44,19.44,19.44,19.44,19.58,19.58,19.44,19.58,19.44,19.80,19.66,19.80,20.23,20.33,20.55,20.89,21.42,21.88,22.48,22.94,23.59,23.81,24.44,24.97,25.31,25.94,26.30,26.47,26.91,26.81,26.91,26.81,26.59,26.38,26.38,26.38,26.47,27.00,27.75,27.97,28.50,29.03,29.03,29.16,29.16,29.16,29.25,29.25,29.34,29.56,29.64,29.64,29.34,29.16,28.72,27.75,26.91,26.47,25.62,23.47,20.89,17.05,14.84,13.47,12.72,12.72,12.50,12.28,11.92,12.06,12.06,12.14,12.06,11.92,11.27,10.83,10.91,10.56,10.56,10.56,10.33,10.83,10.91,11.12,11.05
11.36,11.12,11.27,11.27,10.83,10.11,10.69,10.69,10.56,10.91,10.83,11.27,11.27,10.91,11.12,11.36,11.58,11.58,11.58,11.58,11.12,11.70,11.36,11.58,11.70,11.70,11.48,11.27,11.36,11.27,11.36,11.70,11.12,11.12,11.27,11.27,11.27,11.05,11.12,10.83,10.56,10.56,11.05,10.83,10.91,11.12,11.48,11.80,12.72,13.73,14.70,15.59,14.62,13.95,13.61,14.27,14.27,14.41,14.27,14.41,14.70,15.16,15.06,15.06,15.16,14.70,15.16,15.59,15.38,15.38,15.59,15.59,15.59,15.73,15.59,16.03,15.81,15.95,16.25,15.95,16.25,16.61,16.61,16.39,16.61,16.61,16.92,16.83,16.92,17.36,17.05,17.36,17.72,17.36,17.72,17.50,17.94,17.80,17.72,17.94,17.94,17.80,18.03,18.38,18.16,18.25,18.47,18.38,18.25,18.25,18.38,18.25,18.47,18.47,18.47,18.59,18.91,19.12,19.34,19.34,19.58,19.66,19.88,20.02,20.23,20.23,20.33,20.45,20.55,20.67,20.77,21.08,20.89,21.08,21.20,21.52,21.52,21.52,21.88,22.09,21.88,22.17,22.48,22.41,22.17,22.27,22.09,21.88,21.73,21.52,21.52,21.30,20.89,20.77,20.77,20.67,20.23,20.23,20.02,20.02,19.88,19.80,19.58,19.58,19.34,19.34,19.12,19.34,19.12,19.12,18.91,19.12,18.91,18.83,18.69,18.83,18.69,18.83,18.59,18.47,18.91,18.69,19.05,19.05,18.91,19.05,19.12,19.22,19.58,19.88,20.45,20.77,21.30,21.95,22.27,23.38,23.59,24.34,24.97,25.19,25.84,26.16,26.47,26.30,26.30,25.94,25.94,26.06,26.47,26.81,27.88,28.28,29.16,29.03,28.94,29.16,29.25,29.03,29.16,29.56,29.34,29.64,29.56,29.56,29.03,28.62,27.88,27.12,26.38,25.41,23.69,20.55,17.05,14.70,13.61,13.03,12.72,12.59,12.50,12.38,12.14,12.38,12.06,11.92,11.58,11.70,11.27,11.12,10.83,10.69,10.56,10.56,10.69,10.83,11.12,11.27
466.03,11.36,11.12,10.91,10.91,10.56,10.56,10.91,11.05,11.05,11.12,11.27,11.58,11.36,11.36,11.12,11.48,11.36,11.48,11.48,11.12,11.48,11.58,11.36,11.36,11.36,11.48,11.58,11.36,11.36,11.36,11.58,11.58,11.36,11.58,11.36,11.36,11.48,11.36,10.91,10.69,10.69,10.83,10.83,10.91,10.83,11.27,11.70,12.06,12.94,13.25,14.94,15.95,15.16,14.27,13.39,13.83,13.95,14.27,14.48,14.62,14.48,14.94,14.84,14.84,14.94,14.70,15.06,15.38,15.38,15.16,15.38,15.59,15.59,15.81,15.59,15.73,15.95,16.17,16.25,15.95,16.17,16.61,16.70,16.70,16.48,16.61,16.92,16.83,16.92,17.05,17.50,17.36,17.50,17.58,17.50,17.72,17.36,17.72,17.80,18.03,18.03,17.94,18.03,18.03,18.25,18.16,18.25,18.03,18.47,18.38,18.25,18.59,18.59,18.83,18.83,18.83,19.12,19.12,19.12,19.22,19.12,19.66,19.66,19.80,19.88,19.88,19.88,20.02,20.23,20.45,20.55,20.55,20.45,20.77,20.67,20.98,20.77,20.67,20.45,20.67,20.77,20.77,20.89,20.89,20.67,20.89,20.67,20.89,20.45,20.45,20.11,20.33,20.23,20.11,20.23,20.02,19.80,19.58,19.44,19.58,19.44,19.34,19.12,19.12,18.91,18.83,18.91,18.69,18.69,18.69,18.47,18.59,18.47,18.38,18.38,18.59,18.38,18.03,18.25,18.16,18.16,18.03,18.25,18.16,18.16,18.25,18.38,18.38,18.47,18.47,18.59,18.91,19.12,19.66,20.23,20.45,20.98,21.88,22.41,23.16,23.69,24.22,24.88,24.97,24.97,25.31,25.19,25.53,25.94,26.30,27.00,27.53,28.41,28.72,28.72,28.72,28.72,28.94,29.03,29.34,29.25,29.56,29.64,29.56,28.94,28.50,27.53,27.00,26.30,25.09,23.59,20.23,17.05,14.62,13.47,12.94,12.59,12.59,12.50,12.06,11.80,12.06,12.06,11.80,11.70,11.58,11.58,11.36,11.27,11.36,11.36,11.27,10.91,11.36,11.48
11.12,11.48,11.36,10.69,10.69,10.56,10.56,11.27,11.48,11.48,11.58,11.58,11.36,11.36,11.36,11.27,11.36,11.48,11.36,11.27,11.36,11.12,11.36,11.12,11.48,11.27,11.12,11.36,11.36,11.36,11.36,11.58,11.70,11.27,11.70,11.58,11.80,11.80,11.58,11.36,11.36,11.36,10.91,10.91,10.91,11.27,11.36,11.92,12.50,12.94,13.47,14.94,16.61,15.95,15.50,14.70,14.27,14.41,14.27,14.48,14.48,14.62,14.84,14.84,14.94,15.16,15.06,15.38,15.38,15.38,15.59,15.50,15.59,15.73,15.73,16.03,16.25,15.95,16.17,16.39,16.25,16.25,16.39,16.17,16.70,16.48,16.92,16.92,16.92,17.05,17.05,17.05,17.36,17.58,17.72,17.58,17.80,17.72,17.80,17.94,17.72,17.94,17.94,18.25,18.16,18.38,18.25,18.03,18.38,18.47,18.47,18.47,18.47,18.83,18.59,18.83,18.91,19.12,19.12,19.34,19.44,19.44,19.58,19.44,19.66,19.80,20.11,20.23,20.23,20.23,20.89,20.67,21.08,21.20,20.98,20.89,20.89,20.55,20.67,20.23,20.23,20.23,20.11,20.45,20.11,20.11,20.23,20.11,20.33,20.11,20.02,19.80,19.80,19.80,19.66,19.58,19.22,19.44,19.58,19.22,19.34,19.12,19.12,18.91,18.69,18.83,18.59,18.47,18.59,18.69,18.47,18.25,18.25,18.38,18.03,18.16,18.25,17.94,17.94,18.16,17.94,18.03,17.94,18.03,17.94,17.80,17.94,17.72,17.94,17.80,18.03,17.94,18.16,18.16,18.38,18.25,18.59,18.91,19.12,19.80,20.33,20.89,21.73,22.27,23.16,23.69,24.03,24.22,24.34,24.88,25.41,26.30,27.34,27.97,28.09,28.41,28.50,28.50,28.72,28.72,28.81,29.25,29.34,29.47,29.25,29.03,28.50,27.97,27.44,26.30,24.97,23.59,20.11,17.05,14.84,13.61,12.94,12.72,12.59,12.14,12.38,12.06,12.28,11.80,11.92,11.80,11.92,12.06,11.80,11.48,11.36,11.36,11.48,11.48,11.48,11.70
11.70,11.58,11.12,11.05,11.05,10.56,11.05,11.48,11.36,11.36,11.27,11.58,11.36,10.91,11.05,11.05,11.05,11.12,11.12,11.05,10.91,10.91,10.91,11.05,11.05,11.05,10.83,11.36,11.27,11.05,11.12,11.70,11.36,11.36,11.36,11.58,11.70,11.48,11.70,11.80,11.48,11.36,11.27,11.36,11.36,11.12,11.36,12.06,12.38,12.81,13.61,15.28,16.92,17.14,17.50,15.73,14.70,14.27,14.48,14.27,14.27,14.62,14.70,14.84,14.70,14.94,14.94,15.38,15.28,15.28,15.38,15.38,15.73,15.73,15.73,15.59,15.95,16.17,16.03,16.48,16.48,16.03,16.25,16.92,16.70,16.92,16.70,16.92,16.92,16.92,17.28,17.28,17.50,17.58,17.58,17.58,17.80,17.72,17.94,17.72,18.03,18.38,18.03,18.25,18.38,18.25,18.16,18.25,18.25,18.38,18.38,18.47,18.59,18.91,18.69,18.59,19.22,18.83,19.34,19.44,19.34,19.44,19.58,19.80,19.88,20.11,20.11,20.23,20.55,20.89,21.30,21.88,22.41,22.41,22.27,22.09,21.73,21.30,21.20,20.67,20.23,20.33,20.23,20.02,19.88,19.80,20.11,19.80,19.80,19.80,19.66,19.66,19.66,19.66,19.34,19.22,19.12,19.12,19.22,18.83,19.05,18.91,18.83,18.69,18.59,18.38,18.59,18.59,18.38,18.38,18.03,18.16,18.03,18.25,17.94,17.94,17.94,17.94,17.72,17.80,17.80,17.58,17.80,17.72,17.58,17.72,17.36,17.58,17.72,17.50,17.72,17.36,17.72,17.72,17.58,17.58,17.80,17.72,17.72,18.38,18.25,18.91,18.91,19.80,20.45,21.08,21.73,22.48,22.41,23.23,24.03,24.56,25.94,26.69,27.34,27.66,27.66,28.09,28.19,28.41,28.81,29.16,29.16,29.03,29.16,28.72,28.41,27.66,27.00,26.30,24.97,23.47,20.45,17.05,14.84,13.73,13.03,12.72,12.72,12.72,11.80,11.70,11.58,11.36,11.36,11.58,11.58,11.58,11.70,11.36,11.48,11.48,11.70,11.48,11.48,11.58
11.36,11.58,11.36,11.48,11.36,11.27,11.12,11.36,11.36,11.27,11.05,11.12,11.12,10.56,11.05,11.05,10.56,10.69,11.05,10.69,10.91,11.05,10.69,11.05,10.56,11.12,10.91,10.69,11.05,10.91,10.91,11.27,11.36,11.05,11.48,11.36,11.70,11.58,11.80,11.92,12.06,11.58,11.36,11.70,11.70,11.36,11.80,12.59,12.72,13.03,13.25,15.28,17.36,18.47,19.22,18.03,15.73,14.70,14.62,14.41,14.48,14.70,14.84,14.84,15.16,15.16,15.16,15.50,15.81,15.50,15.38,15.50,15.38,15.81,15.95,15.81,15.95,16.39,16.39,16.39,16.39,16.48,16.92,16.61,16.48,16.83,16.92,16.92,16.92,17.50,17.50,17.58,17.72,17.80,17.72,17.72,17.72,17.94,18.16,17.94,18.03,18.38,18.47,18.47,18.47,18.47,18.83,18.38,18.83,18.69,18.59,18.83,19.05,18.69,18.83,19.05,19.22,19.22,19.34,19.58,19.44,19.44,19.80,20.23,20.11,20.23,20.33,20.77,21.42,21.95,22.84,23.59,24.03,24.44,24.12,24.12,23.69,23.16,22.48,21.88,21.30,20.67,20.23,20.23,19.88,19.88,19.80,19.88,19.80,19.58,19.66,19.80,19.44,19.44,19.44,19.34,19.12,19.12,18.91,19.12,19.05,18.91,19.05,18.69,18.83,18.83,18.38,18.59,18.25,18.25,18.38,18.38,18.25,18.03,18.03,18.03,18.03,17.94,17.72,17.72,17.72,17.72,17.58,17.58,17.72,17.58,17.58,17.36,17.50,17.58,17.50,17.50,17.50,17.50,17.50,17.50,17.28,17.28,17.58,17.58,17.80,17.72,18.03,18.25,18.38,18.91,19.34,19.80,20.33,21.08,21.88,22.84,24.22,25.19,26.06,26.59,26.91,27.34,27.66,27.88,28.19,28.41,28.72,29.03,29.03,28.72,28.41,27.88,27.22,26.30,25.19,23.38,20.33,17.14,14.84,13.25,13.03,12.81,12.59,12.50,11.92,11.58,11.48,11.27,11.27,11.12,11.12,11.12,11.36,11.36,11.36,11.48,11.58,11.70,11.36,11.58
11.36,11.48,11.36,11.58,11.70,11.70,11.70,11.12,10.83,10.69,10.69,10.33,10.56,10.56,10.47,10.56,10.91,10.56,10.56,10.69,10.56,10.91,10.47,10.56,10.56,10.56,10.56,10.83,10.83,10.91,10.69,10.69,11.05,10.69,11.27,11.12,11.48,11.36,11.58,11.58,11.80,11.36,11.80,11.58,11.58,11.58,12.38,12.38,12.59,12.81,13.47,15.06,17.36,19.05,20.02,18.91,16.25,14.70,14.48,14.70,14.70,14.48,14.70,14.84,14.70,15.16,14.94,15.28,15.73,15.59,15.73,15.81,15.73,15.81,15.73,15.81,16.03,16.17,16.48,16.39,16.48,16.48,16.70,16.70,16.70,16.92,17.05,17.28,17.05,17.36,17.58,17.36,17.72,17.80,17.80,17.94,18.25,18.03,18.03,18.38,18.47,18.47,18.38,18.59,18.47,18.38,18.47,18.91,18.47,18.83,18.69,18.59,18.83,18.83,18.91,19.12,19.12,19.34,19.34,19.44,19.80,19.80,19.88,20.23,20.45,20.67,20.89,21.30,21.95,23.38,24.66,25.62,26.16,26.38,25.84,26.16,25.62,25.19,24.44,23.91,22.41,21.42,20.67,20.33,20.23,20.02,19.88,20.02,19.88,19.58,19.80,19.34,19.34,19.58,19.12,19.58,19.34,19.22,19.05,19.12,18.91,18.83,18.91,18.69,18.69,18.59,18.38,18.47,18.38,18.38,18.03,18.25,18.25,18.03,18.03,17.72,17.94,17.94,17.80,17.80,17.36,17.72,17.50,17.28,17.50,17.28,17.36,17.36,17.28,17.36,17.36,16.92,17.05,17.05,17.05,17.36,17.28,17.14,16.70,17.28,17.14,17.28,17.36,17.05,17.58,17.58,17.72,18.03,18.47,18.91,19.80,20.23,21.52,22.84,23.59,24.78,25.41,25.94,26.38,26.91,27.22,27.75,28.19,28.41,28.62,28.62,28.41,27.97,27.34,26.47,25.19,23.38,19.80,16.48,14.70,13.47,13.03,12.59,12.50,12.38,12.06,11.36,10.91,10.91,10.91,11.05,10.91,10.91,10.56,11.12,11.36,11.48,11.36,11.36,11.27,11.36
11.27,11.36,11.36,11.48,11.36,11.36,11.27,10.83,10.56,10.56,10.47,10.33,10.47,10.47,10.33,10.47,10.69,10.47,10.69,10.47,10.33,10.91,10.56,10.56,10.69,10.56,10.91,10.69,10.56,10.83,10.69,10.91,10.83,10.69,10.56,11.05,10.56,11.12,11.36,11.36,11.36,11.58,11.36,11.80,11.80,12.28,12.38,12.38,12.38,12.50,13.03,14.84,17.05,19.12,19.58,19.05,16.39,14.84,14.41,14.48,14.62,14.84,14.70,14.84,15.06,15.16,15.16,15.38,15.28,15.59,15.50,15.59,15.95,15.95,16.03,16.17,16.25,16.39,16.61,16.48,16.61,16.92,16.92,17.05,17.05,17.05,17.14,17.28,17.50,17.72,17.72,17.72,17.94,18.03,18.03,18.25,18.16,18.03,18.03,18.38,18.25,18.47,18.83,18.59,18.47,18.59,18.47,18.59,18.83,18.83,18.69,18.69,19.05,18.91,19.22,19.44,19.58,19.44,19.58,19.44,19.88,19.88,20.23,20.45,20.77,20.89,21.08,21.95,23.16,24.78,26.38,27.22,27.53,27.53,27.22,27.00,26.81,26.59,26.06,25.19,23.69,22.48,21.20,20.55,20.45,20.02,20.11,20.02,19.80,19.58,19.44,19.58,19.34,19.58,19.34,19.12,19.12,19.05,19.05,18.91,18.91,18.83,18.83,18.47,18.47,18.38,18.38,18.38,18.03,18.16,18.03,18.03,17.94,18.16,17.94,18.03,17.94,17.58,17.80,17.72,17.72,17.58,17.58,17.58,17.58,17.36,17.36,17.05,17.28,17.50,17.05,17.05,16.92,17.28,16.92,17.05,16.92,16.83,16.70,17.14,17.14,16.92,16.83,16.92,17.14,17.28,17.05,17.36,17.36,17.80,17.72,18.03,18.59,19.66,20.77,21.66,22.70,23.59,24.44,25.31,26.06,26.47,27.22,27.75,27.75,28.19,28.09,27.75,27.22,26.30,25.09,23.16,19.58,16.25,14.41,13.39,12.81,12.81,12.38,12.06,11.27,11.12,10.91,10.83,10.69,10.91,10.91,10.56,11.05,10.56,11.05,11.36,11.12,11.12,10.69,10.91
10.91,10.69,11.05,11.12,11.12,11.27,11.36,10.91,10.25,10.69,10.56,10.33,10.47,10.33,10.25,10.47,10.91,10.56,10.56,10.33,10.47,10.47,11.05,10.56,10.69,10.83,10.25,10.69,10.56,10.47,10.83,10.83,10.56,10.83,10.69,11.05,10.91,10.91,11.05,11.12,11.48,11.12,11.36,11.58,11.80,12.06,12.14,12.38,12.14,12.81,12.81,14.41,16.61,18.59,19.44,19.05,16.48,14.94,14.48,14.41,14.41,14.70,14.84,14.84,14.84,15.38,15.16,15.38,15.59,15.73,15.81,15.81,16.25,16.25,16.48,15.95,16.39,16.39,16.61,16.70,16.70,16.70,17.28,17.14,16.92,17.14,17.50,17.36,17.28,17.58,17.72,17.80,17.72,17.94,17.80,18.03,18.25,18.16,18.38,18.38,18.59,18.69,18.59,18.59,18.83,18.59,18.59,18.91,18.91,18.69,18.69,19.05,19.05,19.12,19.12,19.58,19.44,19.58,19.66,20.02,20.02,20.11,20.33,20.67,20.67,21.08,21.42,22.84,24.03,26.06,27.44,27.97,28.09,27.97,27.88,27.66,27.75,27.34,26.81,26.47,25.09,23.59,22.17,21.20,20.77,20.23,19.88,20.11,19.88,19.58,19.66,19.34,19.22,19.34,19.80,19.12,19.22,19.05,19.22,18.91,18.91,18.83,18.69,18.47,18.38,18.38,18.38,18.38,18.03,18.25,17.94,17.94,18.03,17.94,17.94,17.72,17.72,17.80,17.80,17.80,17.72,17.58,17.50,17.28,17.05,17.36,17.36,17.05,17.14,17.05,17.05,17.28,17.05,17.05,16.92,16.92,17.05,16.61,16.70,16.70,16.92,16.61,16.83,16.92,16.83,16.92,16.92,16.61,16.92,17.14,17.14,17.14,17.36,17.72,18.03,18.83,19.80,20.67,21.52,22.84,23.69,24.56,25.84,26.47,27.22,27.53,27.66,27.22,26.81,26.30,25.09,23.16,19.44,15.95,14.41,13.47,13.03,12.50,12.50,12.28,11.12,11.05,10.91,10.83,10.33,10.91,10.69,10.69,10.56,11.12,11.27,11.27,10.69,10.91,10.33,10.47
10.69,10.56,10.11,10.56,10.91,10.69,11.12,10.69,10.69,10.56,10.69,10.11,10.47,10.25,10.25,10.33,10.56,10.83,10.56,10.47,10.56,10.47,10.56,10.56,10.56,10.56,10.91,10.69,10.69,10.47,10.47,10.83,10.56,10.91,10.56,11.12,10.83,10.69,10.83,11.05,11.58,11.36,11.05,11.48,11.58,11.80,11.92,11.92,12.06,12.38,12.72,13.73,15.38,17.72,18.91,18.59,16.70,15.06,14.62,14.70,14.70,14.84,14.94,15.06,15.16,15.38,15.59,15.95,15.81,15.95,15.81,16.03,16.25,16.39,16.39,16.61,16.61,16.48,16.92,16.83,16.92,16.83,17.36,17.50,17.05,17.50,17.36,17.58,17.50,17.72,17.94,17.94,18.03,18.16,18.03,18.38,18.38,18.47,18.47,18.59,18.59,18.69,18.38,18.83,18.83,18.83,18.59,18.91,18.83,18.83,19.05,19.05,19.12,19.44,19.12,19.80,19.80,19.80,19.80,19.88,20.23,20.02,20.67,20.89,21.20,21.52,22.09,23.59,24.97,26.81,28.09,28.28,28.41,28.19,28.19,27.97,27.75,27.75,27.75,27.00,26.06,24.78,22.70,21.42,20.89,20.33,20.23,20.11,20.11,19.80,19.58,19.44,19.34,19.12,19.34,19.22,19.05,18.91,19.12,19.05,18.83,18.83,18.69,18.59,18.47,18.38,18.47,18.38,18.38,18.25,18.25,18.25,18.16,18.16,17.94,17.72,17.80,17.80,17.80,17.72,17.50,17.72,17.80,17.72,17.36,17.28,17.14,17.58,17.28,17.14,17.05,16.92,16.92,17.05,16.92,16.92,16.83,16.83,16.70,16.70,16.92,16.48,16.92,16.61,16.83,16.92,16.92,16.61,16.48,16.70,16.70,16.39,16.70,16.92,17.05,17.36,17.80,18.03,18.83,19.66,20.89,21.73,23.59,24.44,25.94,26.59,26.91,26.69,26.38,26.06,24.88,22.62,19.44,15.95,14.41,13.39,13.03,12.72,12.59,12.06,11.48,11.05,10.91,10.56,10.56,11.12,10.69,10.56,11.12,11.27,11.36,11.05,10.69,10.25,10.33,10.33
10.25,10.33,10.33,10.47,10.56,10.33,10.83,10.83,10.47,10.69,10.69,10.33,10.33,10.47,10.56,10.83,10.91,10.69,10.56,10.33,10.56,10.56,10.56,10.69,10.83,10.91,10.56,10.56,10.56,10.91,10.69,10.69,10.91,10.91,10.83,10.83,10.56,10.91,11.05,11.27,11.58,11.36,11.36,11.58,11.80,11.70,12.14,11.80,12.38,12.38,12.38,13.17,13.83,15.28,17.58,18.38,16.48,14.94,14.84,14.48,14.84,14.70,15.06,15.28,15.38,15.59,15.50,15.81,15.73,16.25,16.17,16.25,16.17,16.48,16.61,16.25,16.70,16.61,17.05,17.05,16.92,17.05,17.28,17.14,17.14,17.50,17.58,17.58,17.72,17.94,17.80,18.03,17.94,17.94,18.38,18.38,18.38,18.47,18.47,18.47,18.69,18.83,18.38,18.91,18.83,18.83,19.05,18.91,19.05,19.12,19.12,19.12,19.34,19.34,19.34,19.80,20.02,20.02,20.11,20.23,20.67,20.55,20.89,20.98,21.52,21.88,22.70,24.44,25.84,27.22,28.41,28.50,28.72,28.41,28.19,28.19,27.97,28.09,27.66,27.34,26.47,25.19,23.59,21.88,21.20,20.67,20.45,20.23,20.11,20.02,20.02,19.66,19.44,19.66,19.44,19.44,19.34,19.22,18.91,19.05,18.69,19.05,18.83,18.83,18.69,18.47,18.59,18.47,18.47,18.38,18.16,18.38,18.25,18.25,17.80,17.94,17.94,18.03,17.80,17.80,17.80,17.36,17.72,17.50,17.50,17.50,17.05,17.36,17.36,17.50,17.05,17.14,17.14,17.14,17.05,17.05,16.92,17.05,16.92,16.70,16.83,16.92,16.48,16.70,16.70,16.70,16.70,16.39,16.48,16.70,16.61,16.61,16.61,16.61,16.83,16.70,17.05,16.92,17.28,17.72,18.03,18.83,20.23,21.73,23.69,25.09,26.16,26.59,26.16,25.72,24.78,22.48,18.91,15.81,14.05,13.25,12.94,12.59,12.59,12.14,11.27,11.05,10.91,10.56,10.91,11.05,11.12,10.91,11.36,11.12,11.05,10.83,10.83,10.69,10.56,10.47
10.33,10.33,10.47,10.47,10.33,10.56,10.47,10.11,10.56,10.47,10.47,10.33,10.11,10.03,10.03,10.56,10.56,10.47,10.69,10.47,11.05,10.69,10.56,10.56,10.56,10.69,10.56,10.69,10.56,10.56,10.69,10.83,10.69,10.56,10.47,10.91,10.69,10.47,10.69,11.05,11.58,11.58,11.48,11.58,11.58,11.58,11.58,11.70,11.70,11.80,12.14,12.50,13.03,13.73,15.16,16.92,15.73,14.84,14.70,14.84,14.94,14.94,15.28,15.16,15.06,15.28,15.73,15.73,15.95,15.81,15.95,16.39,16.39,16.17,16.25,16.25,16.70,16.83,17.05,17.05,16.83,17.05,17.28,17.28,17.28,17.50,17.72,17.50,17.72,17.28,17.72,17.94,17.80,18.03,18.03,18.25,18.03,18.25,18.25,18.47,18.59,18.59,18.38,18.69,18.69,18.91,18.91,18.91,19.12,19.12,19.12,19.34,19.44,19.66,19.58,19.80,19.66,20.02,20.23,20.45,20.55,20.89,21.08,21.30,21.52,22.09,23.06,24.66,26.38,27.66,28.28,28.50,28.62,28.50,28.09,27.88,27.97,27.97,28.09,27.53,26.81,25.31,23.69,22.09,21.42,20.98,20.55,20.45,20.11,19.80,19.80,19.88,19.58,19.58,19.34,19.44,19.12,18.91,18.91,19.05,18.83,18.83,18.59,18.59,18.59,18.47,18.47,18.59,18.38,18.25,18.03,17.94,18.16,17.94,17.80,17.72,17.80,17.58,17.94,17.58,17.58,17.72,17.58,17.36,17.28,17.14,17.50,17.28,17.05,17.14,16.92,16.92,16.92,16.70,16.70,16.48,17.05,16.83,16.83,16.92,16.92,16.70,16.48,16.39,16.61,16.25,16.39,16.39,16.48,16.48,16.17,16.61,16.25,16.17,16.48,16.25,16.39,16.39,16.39,16.48,16.92,17.28,466.03,17.72,18.59,20.77,22.94,24.66,25.53,25.84,25.19,24.03,21.95,18.03,15.38,13.73,12.94,12.94,12.59,12.50,12.06,11.27,11.05,10.83,10.69,10.91,10.56,11.12,11.27,11.27,10.91,10.91,10.69,10.56,10.47,10.47
10.33,10.56,10.33,10.47,10.33,10.25,10.47,10.47,10.83,10.47,10.33,10.56,10.33,10.33,10.33,10.47,10.69,10.56,10.69,10.69,10.69,10.91,10.47,10.56,10.69,10.91,10.47,10.56,10.56,10.56,10.69,10.56,11.05,10.56,10.56,10.69,10.91,10.47,10.83,10.69,11.12,11.36,11.58,11.36,11.70,11.58,11.36,11.12,11.05,11.12,11.36,11.36,12.38,12.38,12.81,13.73,15.06,14.94,14.84,14.48,14.70,14.84,14.84,15.16,15.16,15.50,15.50,15.50,15.59,15.95,15.73,16.17,16.39,16.39,16.39,16.61,16.70,16.70,16.70,16.83,16.83,17.05,16.92,17.14,17.14,16.92,17.14,17.28,17.58,17.36,17.36,17.50,17.94,18.03,17.94,17.94,18.25,18.38,18.38,18.38,18.47,18.69,18.59,18.47,18.91,19.05,19.12,19.12,19.12,19.22,19.22,19.44,19.34,19.80,19.58,19.80,20.02,20.02,20.45,20.45,20.45,20.89,21.08,21.42,21.73,22.09,22.70,23.69,25.31,26.69,27.97,28.50,28.50,28.41,28.50,28.28,28.28,28.09,27.97,27.88,27.44,27.00,25.84,24.03,22.27,21.66,21.08,20.55,20.55,20.23,20.11,19.80,19.88,19.66,19.58,19.66,19.44,19.12,19.05,19.12,19.05,19.05,18.83,18.83,18.38,18.83,18.38,18.47,18.38,18.38,18.03,18.03,17.94,18.03,17.80,17.94,17.94,18.03,18.03,17.80,17.58,17.50,17.72,17.58,17.28,17.50,17.36,17.36,17.05,17.36,16.92,16.92,17.14,17.05,17.14,17.05,17.05,16.83,16.70,16.61,16.70,16.48,16.48,16.61,16.39,16.39,16.61,16.48,16.48,16.25,16.48,16.17,16.48,16.25,16.25,16.03,16.25,16.03,16.03,16.17,16.25,16.17,16.48,16.70,17.05,17.94,20.45,23.38,24.78,25.41,24.97,23.81,21.20,17.58,14.94,13.73,12.94,12.81,12.28,12.50,11.80,11.27,10.91,10.91,10.69,10.47,10.56,10.91,11.12,11.05,11.05,10.33,10.91,10.47,10.56,10.33
10.56,10.33,10.47,10.33,10.11,10.69,10.33,10.25,10.56,10.56,10.69,10.11,10.25,10.11,10.33,10.33,10.47,10.83,10.69,10.69,10.56,10.56,10.91,10.69,10.83,10.47,10.69,10.56,10.56,10.47,10.69,10.56,10.69,10.56,10.91,10.56,10.91,10.56,10.69,11.05,11.27,11.36,11.70,12.06,11.48,11.36,11.36,11.12,11.27,11.05,11.36,11.27,11.58,11.70,12.38,13.03,13.73,14.62,14.27,14.70,14.62,14.84,14.84,14.94,15.16,15.50,15.59,15.59,15.59,15.73,15.81,15.59,16.03,16.39,16.25,16.48,16.39,16.25,16.61,16.92,17.05,17.14,16.92,17.05,17.36,17.14,17.28,17.58,17.36,17.36,17.72,17.94,17.94,17.72,18.03,18.03,18.16,18.38,18.38,18.25,18.59,18.83,18.69,18.91,18.83,19.05,19.12,19.22,19.22,19.12,19.34,19.66,19.58,19.80,19.88,19.88,20.11,20.45,20.55,20.45,20.89,21.08,21.30,21.73,22.09,22.41,23.47,24.56,25.94,27.12,27.97,28.62,28.81,28.72,28.19,28.28,28.19,27.97,28.19,27.88,27.53,26.91,25.94,24.56,22.84,21.95,21.30,20.98,20.77,20.45,20.23,20.11,20.02,19.66,19.66,19.58,19.34,19.34,19.05,19.34,19.12,18.91,19.05,18.59,18.59,18.59,18.47,18.38,18.16,18.59,18.47,18.03,18.03,17.94,18.16,17.94,17.72,17.94,17.72,17.72,17.50,17.50,17.36,17.58,17.28,17.58,17.36,17.28,17.05,17.28,17.36,17.05,17.14,17.05,17.14,16.70,16.70,16.83,16.92,16.83,16.70,16.61,16.48,16.70,16.48,16.25,16.25,16.61,16.39,15.95,16.48,16.25,15.95,16.03,16.17,16.17,16.25,16.03,15.95,15.81,15.95,16.03,15.81,16.39,16.39,16.83,18.25,20.89,23.69,24.56,24.44,23.38,20.33,16.70,14.70,13.61,13.03,12.81,12.81,12.50,11.80,11.12,11.05,10.91,10.91,10.91,11.27,11.12,11.12,11.27,10.83,10.69,10.56,10.33,10.56,10.47
10.47,10.47,10.25,10.25,10.03,10.25,10.47,10.33,10.47,10.69,10.25,10.25,10.47,10.47,10.11,10.33,10.47,10.56,10.56,10.56,10.33,10.47,10.56,10.56,10.47,10.56,10.69,10.91,10.91,10.83,10.69,10.33,10.83,10.47,10.69,10.83,10.83,10.69,10.91,11.12,11.36,11.80,11.70,11.58,11.36,11.36,10.91,10.91,10.91,11.05,11.27,11.12,11.58,11.36,11.70,12.06,13.47,14.41,14.70,14.70,14.70,14.48,14.94,15.28,15.16,15.16,15.16,15.16,15.38,15.95,16.03,15.59,15.95,16.17,16.17,16.17,16.39,16.48,16.61,16.70,16.92,16.70,17.05,17.05,17.14,17.36,17.14,17.28,17.36,17.72,17.72,17.80,17.80,18.03,18.25,18.16,18.38,18.47,18.38,18.47,18.59,18.91,18.83,18.91,18.91,18.83,19.12,18.91,19.34,19.58,19.58,19.80,19.58,19.80,19.88,19.88,20.23,20.45,20.67,20.89,21.08,21.20,21.52,22.17,22.48,22.70,23.91,24.97,26.38,27.75,28.28,28.62,28.72,28.81,28.41,28.19,28.19,28.09,28.09,27.75,27.66,26.81,26.30,24.66,23.06,21.95,21.20,21.08,20.67,20.77,20.45,20.23,20.02,19.80,19.80,19.58,19.44,19.12,19.22,19.05,19.05,18.91,18.83,18.83,18.59,18.83,18.69,18.38,18.38,18.38,18.16,18.16,17.94,18.03,18.03,17.94,17.58,17.94,17.80,17.72,17.72,17.58,17.58,17.36,17.72,17.14,17.28,17.36,17.36,17.50,17.14,17.14,17.05,16.92,17.05,16.83,16.70,16.70,16.83,16.70,16.61,16.70,16.48,16.48,16.61,16.61,16.39,16.61,16.39,16.39,16.39,16.25,16.03,16.03,16.25,16.39,16.03,16.17,15.95,15.95,15.81,15.95,15.81,15.95,15.81,16.25,16.92,18.91,21.73,23.59,24.03,22.48,19.34,15.95,14.27,13.39,13.03,12.59,12.38,12.38,12.06,11.27,11.36,11.27,11.36,11.27,11.36,11.12,11.12,10.91,10.91,10.69,10.83,11.12,10.69,10.47
10.56,10.25,10.25,10.47,10.33,10.25,10.56,10.33,10.47,10.25,10.56,10.47,10.33,10.33,10.33,10.47,10.69,10.25,10.47,10.56,10.56,10.69,10.56,10.91,10.47,10.91,10.83,10.69,11.12,11.05,11.12,10.47,10.91,10.47,10.56,10.56,10.56,10.56,11.36,11.36,11.36,11.48,11.70,11.70,11.48,11.27,10.91,10.91,11.05,11.12,11.12,10.83,11.36,11.36,11.58,12.59,13.39,14.48,14.27,14.27,14.70,14.70,14.48,14.94,14.70,15.28,15.16,15.38,15.16,15.73,15.59,15.81,15.95,15.81,16.25,16.25,16.17,16.39,16.61,16.70,16.61,16.83,17.05,17.05,17.05,17.36,17.36,17.50,17.50,17.72,17.80,17.94,17.80,17.94,18.03,18.38,17.94,18.47,18.38,18.69,18.38,18.47,18.83,18.91,18.91,19.05,19.44,19.12,19.58,19.58,19.58,19.66,20.02,20.02,20.33,20.11,20.45,20.77,20.89,20.89,21.30,21.52,21.88,22.27,22.70,23.23,24.34,25.62,27.12,27.88,28.28,28.50,28.72,28.62,28.19,28.28,28.19,27.75,28.09,27.97,27.66,27.12,26.30,24.88,23.38,22.09,21.66,21.20,20.77,20.67,20.45,20.33,20.02,20.02,19.80,19.66,19.58,19.34,19.05,19.12,19.34,18.69,18.83,18.69,18.47,18.47,18.59,18.25,18.38,18.38,18.16,18.03,18.03,18.03,17.94,17.94,17.72,17.94,17.80,17.72,17.94,17.58,17.58,17.58,17.36,17.28,17.36,17.28,17.05,17.28,17.05,17.05,17.05,16.92,16.92,16.70,16.70,16.70,16.70,16.48,16.48,16.61,16.39,16.39,16.25,16.48,16.25,16.48,16.61,16.25,16.03,16.25,16.25,16.25,16.03,16.17,15.95,15.95,16.17,15.81,15.95,15.59,15.59,16.03,15.50,15.59,15.95,16.92,19.44,22.17,22.70,21.52,18.83,15.59,14.05,13.39,12.81,12.59,12.38,12.06,11.58,10.91,10.91,11.12,11.12,11.27,11.27,11.27,11.12,11.05,11.12,11.12,10.91,10.83,11.05,10.69
10.69,10.47,10.33,10.33,10.25,10.25,10.25,10.56,10.47,10.33,10.47,10.33,10.03,10.47,10.25,10.47,10.56,10.69,10.69,10.83,10.47,10.47,10.69,11.05,10.56,10.56,11.12,11.27,11.48,11.36,11.36,10.83,10.69,10.69,10.83,10.56,10.91,11.27,11.58,11.36,11.58,11.48,11.80,11.70,11.70,11.12,10.91,11.05,11.27,10.91,11.05,11.27,11.36,11.27,11.92,12.72,13.73,15.16,14.84,14.84,14.84,14.62,14.84,15.16,15.16,15.38,15.16,15.59,15.59,15.59,15.59,15.59,15.81,15.81,16.39,16.39,16.17,16.25,16.70,16.92,16.70,16.83,16.92,17.36,17.36,17.50,17.36,17.58,17.58,17.50,17.94,17.80,18.03,17.94,18.03,18.03,18.38,18.83,18.47,18.69,18.59,18.69,18.83,18.83,19.05,19.34,19.12,19.22,19.44,19.58,19.66,20.11,19.88,20.11,20.45,20.45,20.77,20.77,21.08,21.42,21.42,21.73,22.09,22.62,23.16,24.22,24.97,26.30,27.44,28.09,28.19,28.50,28.50,28.28,28.41,28.19,28.19,28.09,27.97,27.97,27.66,27.00,26.38,25.09,23.91,22.62,21.52,21.52,21.08,20.98,20.89,20.45,20.23,20.02,20.23,19.66,19.58,19.58,19.34,19.44,19.12,18.91,18.91,18.91,18.83,18.59,18.47,18.47,18.38,18.38,18.38,17.94,18.38,17.94,17.80,17.94,17.72,17.94,17.80,17.94,17.80,17.72,17.50,17.58,17.72,17.50,17.28,17.05,17.28,17.05,17.36,17.05,17.36,16.92,16.92,16.70,16.61,16.92,16.70,16.61,16.70,16.92,16.61,16.61,16.39,16.48,16.39,16.48,16.25,16.17,16.48,16.17,15.95,15.95,16.17,15.95,16.17,16.17,16.03,16.17,16.39,15.95,16.17,16.17,15.95,15.73,15.59,16.03,17.58,20.02,21.73,20.98,18.16,15.38,13.73,13.25,13.03,12.72,12.59,12.28,11.58,11.05,10.69,10.83,11.05,11.27,11.27,10.91,10.69,10.69,10.83,11.12,11.12,11.27,11.12,11.05
10.91,10.69,10.56,10.56,10.47,10.25,10.25,10.33,10.25,10.47,10.33,10.33,10.33,10.03,10.56,10.56,10.47,10.69,10.56,10.56,10.56,10.56,10.56,10.33,10.69,10.56,10.91,11.27,11.36,11.27,11.05,11.36,11.12,10.56,10.83,10.69,10.91,11.48,11.70,11.80,11.70,11.80,11.58,11.70,11.48,11.27,11.27,10.83,10.83,10.91,11.27,11.12,11.27,11.58,12.06,13.25,14.84,16.25,15.50,14.84,14.62,14.62,14.84,15.16,14.84,15.16,15.28,15.38,15.73,15.73,15.59,15.73,15.81,16.17,16.17,16.39,16.39,16.39,16.61,16.61,16.83,16.92,16.92,17.05,17.50,17.28,17.50,17.72,17.58,17.58,17.72,17.72,18.03,18.03,18.47,18.25,18.38,18.59,18.83,18.83,18.83,18.91,19.05,18.83,18.91,19.22,19.58,19.44,19.44,19.80,19.80,20.11,20.02,20.23,20.23,20.67,20.89,20.98,21.42,21.52,21.73,22.09,22.41,22.94,23.59,24.44,25.62,26.81,27.44,27.97,28.09,28.28,28.09,28.19,27.97,28.09,27.97,27.97,27.88,27.66,27.53,27.22,26.38,25.19,23.91,22.70,22.09,21.52,21.30,21.08,20.77,20.67,20.33,20.23,20.11,19.80,19.80,19.58,19.58,19.44,19.05,19.12,18.83,18.91,18.91,18.38,18.69,18.38,18.47,18.38,18.16,17.94,18.03,17.94,18.03,17.94,17.80,17.72,17.80,17.58,17.58,17.72,17.58,17.50,17.58,17.36,17.50,17.36,17.58,17.28,17.14,16.92,17.14,17.14,17.05,16.70,16.48,16.92,16.70,16.92,16.61,16.83,16.48,16.70,16.61,16.39,16.61,16.39,16.25,16.17,16.17,16.39,15.95,16.17,16.39,16.17,16.17,16.17,16.03,16.92,16.61,16.70,16.48,16.48,16.25,15.81,15.28,15.59,15.95,18.03,20.23,20.02,17.36,14.62,13.83,13.03,13.03,12.59,12.28,12.14,11.48,10.83,10.91,11.05,11.27,11.12,11.27,10.56,10.56,10.69,10.47,10.69,11.05,11.05,11.12,10.83
11.05,11.05,10.91,10.56,10.56,10.69,10.47,10.83,10.69,10.47,10.47,10.11,10.56,10.47,10.47,10.56,10.69,10.91,10.69,10.83,10.56,10.47,10.69,10.69,10.56,10.56,10.91,11.12,11.36,11.36,11.58,11.27,11.27,10.91,11.05,11.12,11.27,11.48,11.70,11.48,11.48,11.27,11.48,11.58,11.70,11.36,11.27,11.05,10.91,11.05,11.48,11.58,11.70,11.92,12.72,14.27,16.39,17.72,16.25,14.94,14.62,14.84,14.70,15.06,15.28,14.84,15.16,15.59,15.59,15.59,15.81,15.81,15.95,16.17,16.39,16.25,16.70,16.70,16.92,16.92,17.05,17.28,17.05,17.28,17.58,17.36,17.50,17.72,17.72,17.72,17.80,18.03,18.38,18.38,18.38,18.47,18.83,18.83,18.59,18.83,18.83,19.12,19.22,19.12,19.22,19.44,19.58,19.58,19.80,19.88,20.02,20.11,20.23,20.45,20.67,20.67,21.30,21.20,21.52,21.95,22.17,22.48,22.94,23.47,24.12,25.31,26.30,26.91,27.53,27.88,27.66,27.88,28.09,27.75,27.75,27.75,27.75,27.66,27.75,27.66,27.22,27.22,26.59,25.53,24.22,23.16,22.41,21.95,21.73,21.20,20.98,20.98,20.55,20.45,20.23,20.23,20.02,19.66,19.58,19.44,19.58,19.22,19.12,19.05,18.83,18.83,18.59,18.38,18.38,18.38,18.25,18.25,18.03,18.38,18.03,18.03,18.16,18.03,18.03,18.03,17.72,17.72,17.72,17.72,17.58,17.50,17.58,17.28,17.50,17.36,17.28,17.14,17.05,16.83,17.05,16.92,16.92,16.92,16.61,16.83,16.70,16.61,16.39,16.48,16.48,16.61,16.61,16.61,16.48,16.48,16.48,16.25,16.17,15.95,16.25,16.25,16.39,17.05,17.28,17.72,18.03,18.16,17.94,17.80,17.05,16.39,15.95,15.81,15.38,16.39,18.91,18.91,16.92,14.84,13.39,13.03,12.59,12.50,12.38,12.14,11.48,11.27,11.05,10.91,11.27,11.36,10.91,10.69,10.56,10.83,10.69,10.69,10.56,10.83,10.56,10.69
10.83,10.83,11.12,11.05,10.69,11.27,11.36,11.36,10.33,10.33,10.25,10.33,10.03,10.03,10.47,10.69,10.83,11.05,10.91,10.69,10.69,10.56,10.56,10.69,10.69,10.91,10.56,11.12,11.05,11.12,11.48,11.36,11.58,11.27,11.27,11.36,11.48,11.58,11.70,11.48,11.36,11.05,11.36,11.70,11.58,11.36,11.05,11.05,10.83,11.12,11.27,11.27,12.06,12.28,13.39,15.28,17.80,18.83,16.70,14.94,14.84,14.84,15.16,14.94,14.84,15.16,15.38,15.38,15.50,15.73,15.59,15.59,15.95,16.17,16.25,16.17,16.39,16.61,16.61,16.92,16.70,16.83,17.14,17.58,17.28,17.58,17.58,17.72,17.94,17.80,17.72,18.25,18.03,18.16,18.25,18.38,18.59,18.59,19.05,19.05,19.05,18.91,19.12,19.12,19.34,19.44,19.80,19.58,19.88,20.02,20.02,20.23,20.55,20.55,20.77,20.98,21.20,21.73,21.73,22.17,22.27,22.94,23.06,23.81,24.56,25.41,26.59,27.12,27.34,27.44,27.22,27.66,27.34,27.34,27.22,27.22,27.12,27.53,27.53,27.53,27.22,26.81,26.59,25.62,24.34,23.38,22.48,22.27,21.73,21.52,21.30,20.77,20.45,20.67,20.45,19.80,20.02,19.66,19.58,19.44,19.12,19.12,19.05,19.12,19.05,18.69,18.25,18.47,18.38,18.47,18.25,18.03,18.03,18.03,18.03,17.94,17.80,18.25,18.03,17.72,17.72,17.72,17.72,17.72,17.36,17.50,17.36,17.28,17.28,17.05,17.05,16.92,17.14,17.14,16.83,16.83,16.70,16.83,16.70,16.70,16.83,16.48,16.48,16.61,16.83,16.17,16.61,16.70,16.17,16.25,16.25,16.03,15.95,15.95,16.39,16.61,16.61,17.58,18.91,19.80,19.88,20.02,19.88,19.12,18.38,17.36,15.81,15.59,15.28,15.50,16.92,17.50,15.73,14.05,13.39,12.94,12.59,12.50,12.50,12.14,11.48,11.27,11.12,11.27,11.36,10.83,11.05,10.56,10.56,10.47,10.47,10.47,10.56,10.33,10.33,10.47
10.56,10.56,10.69,11.12,11.05,11.27,11.36,11.27,10.33,10.11,10.56,10.11,10.33,10.11,10.33,10.69,10.56,10.56,10.33,10.91,10.56,10.47,10.56,10.56,10.56,10.56,10.83,10.56,10.91,10.91,11.36,11.58,11.36,11.48,11.36,11.36,11.70,11.27,11.12,11.27,10.91,10.91,11.36,11.70,12.06,11.70,11.12,11.05,10.83,11.48,11.48,11.70,12.28,12.72,14.27,17.14,19.80,20.11,17.58,15.59,14.84,14.84,15.16,15.16,15.06,15.38,15.38,15.38,15.73,15.73,15.73,15.73,15.81,16.25,16.17,16.48,16.25,16.83,16.70,16.92,16.92,16.92,17.28,17.58,17.36,17.50,17.72,17.72,17.94,17.80,17.94,18.25,18.25,18.25,18.59,18.59,18.83,18.83,19.22,19.34,18.83,19.34,19.34,19.44,19.58,19.80,19.80,19.88,20.11,20.23,20.33,20.45,20.77,20.89,21.08,21.20,21.52,21.73,22.09,22.27,22.94,23.16,23.69,24.34,25.09,25.94,26.81,26.91,27.22,26.91,26.81,26.91,26.91,27.00,27.00,26.91,27.12,27.12,27.22,27.22,27.22,27.12,26.47,25.72,24.97,24.03,22.94,22.62,21.95,21.52,21.08,20.98,20.77,20.33,20.23,20.23,19.88,19.58,19.44,19.58,19.12,19.34,19.12,19.05,18.83,18.47,18.59,18.47,18.25,18.38,18.25,18.25,18.03,18.03,18.03,18.03,17.80,17.80,18.03,17.94,17.94,18.03,17.72,17.72,17.58,17.28,17.28,17.36,17.28,17.28,17.28,17.14,17.05,16.92,16.92,16.70,17.05,17.05,17.05,16.70,16.70,16.48,16.48,16.39,16.25,16.61,16.48,16.39,16.25,16.25,16.39,16.39,16.17,15.95,16.39,16.83,17.05,18.59,20.67,22.27,22.70,22.70,22.41,21.95,20.45,19.05,17.50,15.95,15.38,15.06,15.50,15.73,14.70,13.39,13.03,12.72,12.59,12.50,12.38,12.38,11.36,11.36,11.36,11.27,10.91,10.56,10.33,10.56,10.56,10.56,10.25,10.47,10.47,10.47,10.56,10.33
10.47,10.33,10.69,10.91,11.27,11.05,11.12,11.70,10.47,10.47,10.25,10.11,10.33,10.33,10.47,10.47,10.69,10.83,10.56,10.56,10.56,10.47,10.56,10.83,11.12,10.69,10.91,10.91,10.69,11.12,11.27,11.36,11.48,11.58,11.27,11.27,11.80,11.27,11.12,10.83,10.83,11.12,11.36,11.48,11.80,11.36,11.36,11.27,11.12,11.58,11.27,11.70,12.50,13.83,16.48,19.12,20.45,20.98,18.59,15.95,15.28,14.84,15.16,15.06,15.38,15.16,15.28,15.38,15.50,15.73,15.81,15.81,15.95,16.25,16.25,16.39,16.39,16.61,16.70,16.70,16.83,16.92,17.14,17.28,17.50,17.72,17.72,17.72,17.94,17.72,18.38,18.25,18.03,18.38,18.69,18.59,18.91,18.83,19.12,19.05,19.12,19.22,19.34,19.34,19.66,19.66,20.02,20.11,20.02,20.23,20.45,20.67,20.89,20.89,21.30,21.42,21.73,22.17,22.48,22.62,23.23,23.69,24.03,24.56,25.53,26.30,26.47,26.81,26.69,26.59,26.69,26.81,26.59,26.47,26.38,26.47,26.59,26.59,26.69,26.69,26.81,26.81,26.59,25.84,24.97,24.22,23.16,22.94,22.17,21.73,21.52,21.08,20.89,20.45,20.23,20.02,20.02,19.88,19.44,19.66,19.12,19.22,19.12,19.05,18.83,18.47,18.69,18.47,18.38,18.38,18.25,17.94,17.94,18.25,18.03,17.72,17.80,18.03,17.80,17.72,17.94,17.94,18.03,17.72,17.72,17.58,17.36,17.36,466.03,17.14,17.28,16.92,17.05,17.28,16.92,16.92,16.83,16.92,16.70,16.61,16.70,16.92,16.61,16.70,16.70,16.70,16.39,16.39,16.39,16.25,16.17,16.17,16.25,16.17,16.25,16.48,16.70,17.72,20.11,22.41,23.91,24.78,24.78,24.03,23.81,22.84,20.77,18.83,16.92,15.73,14.84,14.70,14.41,13.73,12.94,12.59,12.50,12.72,12.59,12.50,12.06,11.27,11.27,11.27,11.36,11.12,10.83,10.56,10.83,10.33,10.56,10.56,10.56,10.47,10.56,10.33
10.03,10.69,10.83,10.91,11.27,11.58,11.36,11.27,11.36,10.33,10.11,10.33,10.47,10.25,10.56,10.56,10.56,10.83,10.69,10.47,10.56,10.56,10.69,10.91,10.69,10.56,10.56,11.05,10.69,10.91,10.91,11.12,11.27,11.58,11.48,11.36,11.48,11.48,11.05,11.05,11.05,10.91,11.05,10.91,11.58,11.80,11.70,11.36,11.12,11.12,11.12,11.48,12.06,12.94,14.84,18.03,20.11,21.73,21.95,19.66,16.83,15.38,15.16,15.06,15.16,15.06,15.28,15.16,15.59,15.50,15.50,15.81,15.81,16.03,16.48,16.48,16.61,16.61,16.92,16.83,16.92,17.05,17.05,17.14,17.72,17.58,17.50,17.80,17.72,17.94,18.03,18.25,18.38,18.25,18.47,18.69,18.59,18.83,18.83,19.05,18.69,19.34,19.22,19.58,19.58,19.80,19.80,20.23,20.33,20.23,20.45,20.55,20.77,21.08,21.30,21.52,21.52,22.17,22.41,22.62,23.16,23.47,23.81,24.12,24.88,25.94,26.38,26.30,26.16,26.16,26.30,26.06,26.16,26.06,26.16,25.84,26.06,26.16,26.06,26.47,26.38,26.38,26.38,26.16,26.16,25.41,24.12,23.47,23.06,22.48,22.17,21.20,21.30,20.67,20.77,20.11,20.02,20.02,20.02,19.58,19.66,19.44,19.34,19.22,19.12,18.91,18.83,18.47,18.59,18.69,18.38,18.38,18.03,18.03,17.94,18.16,17.72,17.80,18.25,17.72,17.80,17.80,18.03,17.72,18.03,17.80,17.80,17.58,17.28,17.28,17.14,17.28,17.05,17.05,17.05,16.92,16.70,16.92,16.92,16.83,16.48,16.61,16.70,16.39,16.61,16.25,16.25,16.39,16.39,16.39,16.39,16.39,16.39,16.25,16.39,16.61,17.14,18.59,21.08,23.38,24.88,25.31,25.41,25.31,25.19,24.22,22.62,20.33,18.25,16.17,15.28,14.62,13.95,13.47,13.03,12.28,12.50,12.38,12.28,12.38,12.14,11.58,11.05,11.36,11.05,10.69,10.69,10.47,10.47,10.33,10.47,10.47,10.47,10.56,10.56,10.25
10.56,10.56,10.83,11.27,11.27,11.27,11.36,11.27,11.36,10.47,10.03,10.33,10.33,10.25,10.33,10.33,10.56,10.69,10.33,10.33,10.47,10.47,10.33,10.56,10.91,10.69,10.91,10.69,10.83,10.69,10.47,11.12,11.12,11.58,11.48,11.12,11.58,11.36,11.36,11.27,11.27,11.27,10.91,11.05,11.48,11.70,11.70,11.48,11.36,11.27,11.27,11.80,12.38,13.25,16.25,19.12,20.89,22.48,22.62,20.77,17.50,16.03,15.38,15.38,15.16,14.94,15.38,15.38,15.16,15.50,15.50,15.73,15.81,16.03,16.17,16.25,16.25,16.61,16.61,16.92,16.92,16.92,17.05,17.14,17.36,17.72,17.58,17.80,17.94,17.94,18.03,18.25,18.16,18.47,18.38,18.69,19.05,18.91,19.05,18.91,19.34,19.12,19.44,19.66,19.58,19.80,20.02,20.23,20.33,20.45,20.33,20.89,21.08,21.08,21.20,21.73,21.95,22.17,22.84,23.06,23.23,23.81,24.34,24.56,25.31,25.84,26.06,26.06,26.06,25.84,25.72,25.62,25.72,25.41,25.53,25.53,25.53,25.62,25.62,25.84,25.94,26.06,26.16,26.30,25.94,25.19,24.44,23.81,23.16,22.48,22.27,21.88,21.30,20.89,20.45,20.67,20.33,20.02,19.80,19.44,19.22,19.34,19.34,19.05,18.83,18.83,18.59,18.69,18.59,18.38,18.38,18.47,17.94,18.25,18.16,17.94,17.80,17.72,17.72,18.03,18.03,17.94,17.72,18.03,17.94,18.03,17.94,17.58,17.50,17.28,17.28,17.36,16.92,17.05,17.05,16.92,16.92,16.61,16.70,16.70,16.70,16.83,16.48,16.48,16.39,16.03,16.39,16.48,16.39,16.39,16.17,16.39,16.03,16.25,16.48,16.70,17.72,19.34,22.17,24.03,25.53,25.84,25.84,25.94,25.84,25.09,24.03,21.95,19.80,17.28,15.73,14.70,14.05,13.39,12.72,12.50,12.81,12.28,12.38,12.06,11.80,11.70,11.27,11.05,10.69,10.91,10.69,10.56,10.47,10.56,10.56,10.47,10.47,10.91,10.47,10.83
10.69,11.05,11.27,11.27,11.12,11.27,11.27,11.05,10.91,10.47,10.33,10.25,10.47,10.33,10.33,10.56,10.56,10.56,10.69,10.56,10.83,10.47,10.69,10.47,10.56,10.56,10.83,10.56,10.56,11.12,10.69,11.05,11.36,11.58,11.58,11.36,11.36,11.48,11.70,11.48,11.58,11.27,11.05,11.12,11.36,11.70,11.80,11.58,11.12,11.58,11.36,11.92,12.38,14.05,17.28,19.44,21.73,22.84,23.38,21.52,18.83,16.48,15.59,15.28,15.28,15.16,15.38,15.16,15.38,15.81,15.73,16.03,15.95,16.03,16.25,16.39,16.61,16.70,16.61,16.92,16.83,17.14,16.92,17.28,17.50,17.72,17.72,17.94,18.03,17.94,18.25,18.38,18.38,18.47,18.91,18.47,18.83,19.05,19.12,19.58,19.22,19.44,19.58,19.58,19.66,19.88,19.80,20.23,20.55,20.33,20.89,20.89,21.08,21.42,21.66,22.09,22.09,22.70,22.70,23.47,23.81,24.22,24.66,24.97,25.53,25.72,25.94,25.72,25.84,25.53,25.53,25.31,25.62,25.31,25.31,25.62,25.31,25.31,25.19,25.72,25.53,25.41,25.84,25.94,25.84,25.41,24.66,24.03,23.47,22.84,22.48,21.73,21.30,21.08,20.89,20.55,20.45,20.02,19.66,19.80,19.34,19.22,19.44,19.05,18.91,18.83,18.69,18.59,18.83,18.47,18.03,18.25,18.03,18.16,18.03,18.03,17.72,17.72,17.80,17.94,17.94,17.94,18.03,18.03,17.94,17.80,17.94,17.72,17.72,17.36,17.28,17.05,17.05,17.05,17.14,16.92,16.70,16.70,16.61,16.92,16.61,16.70,16.61,16.25,16.61,16.70,16.25,16.39,16.25,16.25,16.17,16.39,16.17,16.17,16.48,17.05,17.80,20.45,22.84,24.97,25.62,26.30,26.30,26.06,25.94,25.41,24.88,23.47,20.98,18.25,16.48,15.38,14.27,13.73,12.72,12.50,12.28,12.59,12.38,12.06,11.80,11.48,10.91,10.91,11.05,10.69,10.56,10.47,10.56,10.56,10.33,10.47,10.47,10.91,10.83,11.27
11.05,11.12,11.27,11.27,11.12,11.27,11.27,11.05,10.91,10.56,10.25,10.11,10.11,10.25,10.25,10.47,10.56,10.56,10.33,10.69,10.69,10.56,10.83,10.56,10.56,10.69,10.47,10.83,10.69,10.91,10.91,11.36,11.58,11.70,11.80,11.36,11.70,11.58,11.36,11.70,11.70,11.58,11.27,11.12,11.36,11.70,11.58,11.92,11.58,11.36,11.48,11.92,12.72,14.70,17.94,20.02,22.27,23.38,23.69,22.70,20.45,17.28,15.95,15.38,15.38,15.38,15.38,15.50,15.50,15.73,15.95,15.73,15.81,15.95,15.95,16.25,16.61,16.48,16.70,16.92,17.05,17.28,17.05,17.28,17.80,17.80,17.72,17.72,18.03,18.03,18.38,18.38,18.47,18.69,18.38,19.05,18.91,19.12,19.34,19.58,19.44,19.44,19.80,19.88,19.66,20.11,20.11,20.55,20.67,20.77,21.08,20.98,21.20,21.66,21.88,22.27,22.62,22.70,23.59,23.69,24.03,24.44,24.88,25.09,25.72,25.62,25.53,25.31,24.97,24.97,24.97,24.88,25.19,25.19,24.97,25.09,24.88,24.78,24.97,24.97,25.19,24.97,25.53,25.62,25.62,25.31,24.88,24.22,23.69,23.16,22.62,22.09,21.73,21.30,20.67,20.67,20.23,20.23,20.02,19.58,19.66,19.44,19.22,19.22,19.05,18.59,18.69,18.47,18.47,18.59,18.38,17.94,17.94,17.80,17.94,17.80,18.03,18.03,17.94,18.16,17.94,18.03,18.03,18.03,18.25,17.94,17.94,17.94,17.58,17.36,17.72,17.05,17.14,17.05,16.83,16.92,16.70,16.70,16.83,16.92,16.70,16.61,16.61,16.48,16.25,16.03,16.61,16.17,16.25,16.39,16.39,16.17,16.39,16.17,16.61,17.28,18.25,20.89,23.81,25.19,26.06,26.38,26.59,26.38,26.30,25.62,25.09,24.34,22.70,19.66,17.36,15.73,14.41,13.73,12.94,12.59,12.59,12.50,12.38,12.14,11.80,11.36,11.05,10.69,10.69,10.91,10.69,10.69,10.56,10.69,10.83,10.47,10.69,10.69,11.36,11.12
11.27,11.27,11.27,11.36,11.12,11.27,10.83,10.47,10.47,10.33,10.11,10.11,10.25,10.47,10.47,10.56,10.69,10.33,10.69,10.47,10.56,10.56,10.56,10.56,10.69,11.12,10.91,10.69,11.05,10.91,11.27,11.36,11.48,11.80,11.80,11.80,11.58,11.58,11.48,11.80,11.58,11.80,11.92,11.36,11.48,12.06,11.80,11.70,11.58,11.27,11.48,12.06,12.72,14.94,18.16,20.45,22.41,23.59,23.81,23.23,21.73,18.59,16.48,15.95,15.28,15.28,15.28,15.50,15.28,15.38,16.17,15.95,15.95,16.03,16.17,16.61,16.25,16.39,16.92,17.14,17.28,17.05,17.28,17.50,17.50,17.72,17.80,17.94,18.03,18.25,18.25,18.59,18.83,18.59,18.59,18.91,18.91,19.05,19.58,19.58,19.66,19.66,19.80,19.88,20.11,20.23,20.55,20.55,20.77,21.08,21.20,21.42,21.52,21.95,22.17,22.41,22.84,23.38,23.59,24.12,24.22,24.88,25.19,25.19,25.19,25.41,25.19,24.88,25.09,24.88,24.88,24.78,24.66,24.56,24.44,24.66,24.78,24.44,24.56,24.88,24.78,24.78,25.19,25.09,25.41,25.31,24.88,24.56,24.03,23.23,22.84,22.48,21.88,21.52,20.89,20.67,20.45,20.23,19.80,19.58,19.44,19.34,19.58,19.22,19.05,18.91,18.47,18.59,18.59,18.47,18.38,18.38,18.16,18.25,17.80,17.94,17.80,17.94,17.94,18.03,17.94,18.25,18.38,17.94,18.25,18.03,17.80,17.72,17.94,17.50,17.80,17.14,17.28,17.28,17.05,16.92,16.70,16.70,16.92,16.61,16.70,16.70,16.48,16.70,16.39,16.61,16.25,16.25,16.48,16.03,16.25,16.25,16.39,16.39,16.61,17.28,19.12,22.09,24.34,25.72,26.16,26.59,26.59,26.59,26.47,26.06,25.72,25.09,23.69,21.08,18.38,16.25,14.70,13.73,12.59,12.59,12.38,12.38,12.50,12.28,11.80,11.12,10.83,10.83,10.47,10.56,10.33,10.83,10.47,10.33,10.47,10.47,10.69,11.05,10.91,11.58
11.12,11.27,11.27,11.05,11.36,10.83,11.05,10.47,10.25,10.33,10.03,10.47,10.25,10.11,10.25,10.56,10.91,10.69,10.69,10.33,10.56,10.33,10.56,10.69,11.05,10.56,10.69,10.69,10.91,11.12,11.58,11.80,11.80,11.80,11.92,11.80,11.58,11.58,11.70,11.70,11.58,11.70,11.80,11.70,11.80,11.70,11.58,11.70,11.80,11.48,11.70,12.38,13.03,15.38,18.59,21.08,23.16,23.81,23.91,23.81,22.84,20.55,18.38,16.39,15.81,15.73,15.38,15.50,15.50,15.95,15.95,16.25,16.17,16.39,16.70,16.48,16.61,16.48,16.83,17.28,17.05,17.14,17.28,17.50,17.72,17.72,17.58,17.94,18.25,18.25,18.38,18.47,18.59,18.59,18.69,19.22,19.12,19.58,19.44,19.80,19.58,19.80,20.02,20.33,20.23,20.23,20.23,20.98,20.89,20.98,21.30,21.42,22.09,21.95,22.41,22.84,23.38,23.59,24.03,24.34,24.56,25.19,25.31,25.41,25.19,25.19,24.88,24.88,24.88,24.78,24.56,24.44,24.56,24.44,24.34,24.44,24.44,24.34,24.44,24.44,24.44,24.44,24.66,24.88,25.19,25.19,24.97,24.78,24.12,23.59,22.94,22.41,21.95,21.52,20.98,20.89,20.45,20.11,19.88,19.88,19.44,19.44,19.44,19.12,19.05,18.83,18.59,18.47,18.38,18.38,18.38,18.25,18.03,18.03,18.03,17.94,18.25,18.16,18.16,18.38,18.03,18.03,18.03,18.16,17.80,17.72,17.94,17.94,17.94,17.72,17.72,17.72,17.50,17.05,16.92,16.92,16.92,16.70,16.92,16.61,16.61,16.61,16.61,16.39,16.48,16.25,16.39,16.39,16.25,16.03,16.25,16.39,16.25,16.39,16.92,17.72,20.02,22.84,24.88,25.94,26.59,26.59,26.91,26.91,26.59,26.59,26.38,25.72,24.88,22.70,19.80,17.28,15.28,14.27,12.81,12.72,12.59,12.50,12.38,12.38,11.92,11.12,10.83,10.91,10.83,10.56,10.56,10.83,10.56,10.47,10.69,10.69,11.05,11.27,11.36,11.27
11.58,11.36,10.91,11.05,11.05,11.05,10.69,10.25,10.03,10.11,10.33,10.47,10.47,10.56,10.47,10.56,10.91,10.47,10.56,10.56,10.91,10.69,10.56,10.91,10.91,11.05,11.05,11.12,11.36,11.70,11.58,11.70,11.36,12.06,12.06,11.58,11.80,11.27,11.70,11.80,11.92,11.92,11.70,11.80,11.80,11.80,11.70,11.80,11.80,11.58,11.58,12.14,13.17,14.94,18.47,21.08,23.59,24.12,24.22,24.22,23.38,22.27,20.45,18.03,16.39,16.39,15.95,15.81,15.95,15.95,15.95,16.17,16.03,16.39,16.25,16.83,16.92,16.70,17.05,16.92,17.28,17.28,17.58,17.50,17.80,17.94,17.94,17.94,18.16,18.25,18.59,18.83,18.69,18.83,18.91,19.34,19.22,19.58,19.44,19.80,19.80,20.11,20.02,20.23,20.23,20.45,20.55,20.77,21.08,21.20,21.52,21.73,22.17,22.17,22.48,23.16,23.38,23.91,24.12,24.44,24.88,25.19,25.31,25.19,24.78,24.88,24.66,24.56,24.34,24.44,24.44,24.22,24.34,24.22,24.22,24.12,24.12,24.12,24.03,24.03,24.22,24.12,24.44,24.44,24.78,24.97,25.09,24.97,24.44,23.69,23.38,22.62,21.95,21.52,21.08,20.98,20.55,20.23,19.88,19.88,19.80,19.58,19.12,19.12,18.83,18.91,18.69,18.59,18.47,18.69,18.38,18.16,18.16,17.94,18.03,17.94,18.03,17.94,18.25,17.94,18.03,17.94,18.03,17.72,18.25,17.80,18.03,17.94,17.72,17.72,17.94,17.80,17.50,17.50,17.05,17.14,16.83,16.70,16.92,16.83,16.25,16.48,16.70,16.39,16.39,16.39,15.95,16.39,16.17,16.39,16.17,16.25,16.39,16.61,16.92,18.25,20.98,23.59,24.88,25.94,26.81,26.69,26.81,26.91,26.81,26.59,26.38,25.94,25.62,24.03,21.08,18.38,15.95,14.41,13.03,12.59,12.38,12.38,12.59,12.28,11.36,10.91,10.33,10.83,10.69,10.91,10.56,10.83,10.83,10.56,10.56,10.91,11.36,11.36,11.58,11.48
11.48,11.36,11.05,11.05,10.47,10.56,10.33,10.33,10.47,10.47,10.11,10.11,10.33,10.25,10.56,10.47,10.56,10.47,10.83,10.56,10.69,10.69,10.56,10.91,10.83,11.27,11.05,11.36,11.58,11.58,11.58,11.80,11.70,12.06,11.92,11.58,11.36,11.80,11.70,11.58,11.48,12.06,11.80,11.36,11.80,11.58,11.70,11.80,11.80,11.80,11.80,12.38,13.03,14.84,18.38,21.42,23.47,24.03,24.03,24.12,23.81,23.38,22.09,20.33,18.25,16.70,16.25,16.25,16.17,16.17,16.17,16.25,16.25,16.25,16.61,16.61,16.70,16.70,16.92,17.05,17.28,17.28,17.36,17.58,17.80,18.03,18.03,18.25,18.25,18.47,18.38,18.47,19.05,18.91,18.91,19.05,19.12,19.44,19.66,19.66,20.11,19.88,19.88,20.33,20.23,20.45,20.55,20.98,21.08,21.20,21.52,21.88,22.17,22.70,23.06,23.38,23.69,24.34,24.56,24.97,24.97,25.19,25.09,24.56,24.56,24.22,24.22,24.12,24.22,24.03,23.91,24.03,23.69,23.91,23.81,23.59,23.81,23.81,23.91,23.81,23.69,23.91,23.69,24.12,24.56,24.66,24.78,24.88,24.44,24.03,23.23,22.84,22.17,21.73,21.08,20.89,20.55,20.33,19.80,19.88,19.80,19.58,19.34,19.12,19.12,18.69,18.47,18.83,18.47,18.47,18.38,18.03,17.94,18.03,18.03,18.03,18.03,17.94,18.03,18.16,17.94,18.03,17.50,17.58,17.80,17.72,17.94,17.80,17.94,17.72,17.72,17.72,17.72,17.36,17.28,17.28,17.05,16.70,16.70,16.39,16.48,16.25,16.70,16.17,16.39,16.17,16.17,16.25,16.39,16.25,16.25,16.25,16.48,16.83,17.14,18.69,21.73,24.03,25.62,25.84,26.59,26.81,26.81,26.69,26.81,26.59,26.38,26.30,25.72,24.66,22.70,19.80,17.05,14.70,13.17,12.72,12.59,12.38,12.28,12.14,11.58,10.83,11.05,10.69,10.83,10.69,10.47,10.83,10.69,10.83,11.05,11.27,11.36,11.48,11.05,11.48
11.12,10.91,10.83,10.69,10.69,10.47,10.47,10.33,10.47,10.33,10.33,10.33,10.47,10.69,10.69,10.33,10.69,10.56,10.47,10.91,10.91,10.91,10.69,11.12,11.36,11.27,11.48,11.58,11.58,11.48,11.70,11.58,11.48,11.80,11.70,11.48,11.58,11.58,11.70,11.36,11.58,11.80,11.80,11.58,12.06,11.92,12.06,11.80,11.70,11.80,11.92,12.38,13.03,14.94,18.59,21.95,23.47,24.12,24.34,24.22,24.12,24.03,23.47,22.70,20.98,19.12,17.72,17.05,16.70,16.70,16.48,16.70,16.61,16.70,16.92,16.70,16.83,17.05,17.50,17.50,17.36,17.58,17.50,17.72,17.72,18.03,17.94,18.16,18.38,18.38,18.69,18.83,19.05,19.12,19.34,19.34,19.58,19.80,19.80,19.88,20.02,20.11,20.45,20.67,20.67,20.77,20.89,21.08,21.42,21.73,21.88,22.17,22.27,22.84,23.23,23.59,23.81,24.34,24.88,25.09,25.19,25.09,24.78,24.22,24.12,24.22,24.03,23.91,23.81,23.81,23.69,23.59,23.81,23.81,23.69,23.59,23.38,23.47,23.59,23.81,23.81,23.69,23.69,24.12,24.12,24.34,24.88,24.78,24.44,24.34,23.69,23.16,22.27,21.73,21.30,21.08,20.55,20.45,19.80,19.80,19.58,19.12,19.34,19.05,19.05,18.91,18.83,18.69,18.38,18.38,18.38,18.25,18.03,17.94,17.58,17.94,18.25,18.03,17.94,18.03,18.03,17.94,17.80,17.72,17.58,17.72,17.94,17.80,17.72,18.03,17.80,17.72,17.58,17.80,17.28,17.28,17.05,16.92,16.83,16.61,16.48,16.61,16.70,16.48,16.48,16.39,16.25,16.61,16.39,16.25,15.95,16.48,16.48,16.70,17.58,19.80,22.27,24.56,25.84,26.06,26.47,27.12,26.91,26.91,26.69,26.59,26.38,26.16,26.06,25.53,24.03,21.42,18.25,15.16,13.39,12.72,12.72,12.59,12.59,12.06,11.48,11.12,10.91,10.91,10.83,10.83,10.56,10.47,10.56,11.27,11.48,11.36,11.12,11.36,11.36,11.36
11.05,11.05,10.56,10.47,10.47,10.69,10.47,10.56,10.69,10.47,10.25,10.33,10.25,10.47,10.69,11.05,10.69,10.47,10.47,10.91,11.05,11.27,11.27,11.36,11.48,11.92,11.70,11.70,11.70,11.36,11.70,11.36,11.36,11.58,11.70,11.27,11.58,11.48,11.80,11.70,11.70,11.58,11.80,11.80,11.70,11.80,12.06,12.06,12.06,11.70,11.92,12.06,13.25,14.84,18.83,21.95,23.59,24.03,24.12,24.44,24.56,24.56,24.44,24.03,23.16,21.88,20.45,19.12,18.25,17.58,17.05,17.14,16.83,16.92,16.92,17.14,17.05,17.28,17.50,17.28,17.58,17.58,17.72,17.94,18.25,18.38,18.25,18.47,18.47,18.69,18.69,18.91,19.05,19.22,19.12,19.44,19.58,19.88,19.80,20.11,20.02,20.23,20.45,20.77,20.89,20.89,21.08,21.42,21.42,21.52,22.09,22.09,22.62,22.94,23.47,23.81,24.22,24.78,25.19,25.19,24.88,24.78,24.22,24.12,23.69,23.59,23.81,23.69,23.59,23.59,23.38,23.38,23.69,23.38,23.47,23.23,23.59,23.38,23.47,23.38,23.38,23.59,23.38,23.38,23.69,24.12,24.56,24.66,24.56,24.12,23.69,23.16,22.48,21.88,466.03,21.52,20.98,20.77,20.45,20.02,19.88,19.58,19.58,19.12,19.44,19.05,18.83,18.83,18.59,18.38,18.47,18.16,18.25,17.94,17.80,17.94,17.94,18.03,17.72,18.03,18.16,17.94,17.80,17.80,17.58,17.58,17.72,17.58,17.94,18.03,17.80,17.80,17.94,17.80,17.72,17.50,17.05,17.05,16.83,16.70,16.61,16.61,16.48,16.61,16.39,16.48,16.39,16.39,16.25,16.17,16.17,16.39,16.25,16.70,17.05,18.03,20.67,23.16,24.88,26.06,26.06,26.47,26.47,26.47,26.47,26.59,26.59,26.30,25.84,25.84,25.62,24.22,22.48,18.91,15.50,13.47,12.59,12.59,12.59,12.59,12.14,11.36,11.27,10.83,10.83,11.05,10.56,10.56,11.05,11.36,11.36,11.36,11.36,11.36,11.48,11.05
11.27,10.47,10.69,10.47,10.47,10.47,10.56,10.47,10.33,10.33,11.05,10.69,10.56,10.56,11.05,10.69,10.83,10.56,10.91,10.83,11.12,11.27,11.27,11.70,11.36,11.58,11.70,11.58,11.48,11.70,11.48,11.36,11.27,11.27,11.48,11.12,11.12,11.12,11.36,11.70,11.58,11.36,12.06,11.92,11.70,11.70,11.92,12.06,11.80,12.06,12.14,12.59,12.72,13.61,15.38,19.05,22.27,23.59,24.03,24.03,24.44,24.88,24.97,24.88,24.56,24.34,23.69,23.06,21.73,20.77,19.66,18.91,18.16,17.94,17.72,17.58,17.58,17.36,17.36,17.72,17.58,17.94,17.94,17.80,18.03,18.38,18.47,18.38,18.47,18.91,18.91,19.05,19.12,19.12,19.34,19.44,19.80,19.88,19.88,20.23,20.33,20.33,20.45,20.67,20.67,20.89,21.20,21.30,21.73,21.73,22.17,22.17,22.48,22.70,23.16,23.91,24.12,24.78,25.19,25.31,24.88,24.66,24.22,23.91,23.81,23.59,23.59,23.47,23.47,23.38,23.47,23.47,23.23,23.38,23.06,23.38,23.47,23.38,23.06,23.16,23.23,23.23,23.06,23.38,23.59,23.59,23.91,24.22,24.44,24.88,24.22,23.81,23.16,22.84,22.09,21.42,21.42,20.89,20.45,19.88,19.66,19.66,19.44,19.58,19.12,18.83,18.69,18.59,18.91,18.47,18.16,18.16,18.25,18.03,17.72,17.94,17.58,17.72,17.58,17.80,18.03,18.03,18.16,18.16,17.58,17.72,17.72,18.16,18.03,18.03,17.94,17.94,17.80,17.94,17.94,17.58,17.36,17.05,16.70,16.92,16.92,16.70,16.48,16.61,16.03,16.48,16.48,16.17,15.95,16.39,16.25,16.39,16.61,16.61,17.28,19.05,21.66,23.59,25.19,26.06,26.16,26.16,26.59,26.59,26.59,26.38,26.38,26.06,26.06,25.84,25.41,24.66,22.70,18.91,15.28,13.95,12.81,12.50,12.81,12.14,12.14,11.70,11.05,11.05,10.91,10.47,10.69,10.69,10.91,11.36,11.12,11.27,11.27,11.36,11.27,11.05
11.12,10.56,10.33,10.56,10.47,10.56,10.56,10.69,10.47,10.69,10.91,11.12,11.27,10.83,10.69,10.33,10.91,10.69,10.91,11.27,11.36,11.36,11.80,11.36,11.92,11.80,11.48,11.70,11.58,11.36,11.36,11.36,10.83,11.12,11.05,10.56,10.91,11.05,11.05,10.83,11.27,11.12,11.36,11.58,11.58,11.80,12.06,11.80,12.06,12.14,11.92,12.59,13.17,14.05,15.81,19.12,22.27,23.59,24.03,24.22,24.34,24.66,24.56,24.88,24.97,24.66,24.56,24.03,23.81,23.06,22.27,21.52,20.45,19.80,19.12,19.05,18.69,18.69,17.94,18.25,18.38,18.16,18.03,18.25,18.03,18.69,18.59,18.59,18.69,18.91,18.83,19.05,19.22,19.44,19.58,19.44,19.58,20.11,20.11,20.02,20.45,20.45,20.45,20.77,20.77,21.08,21.08,21.20,21.52,21.95,22.17,22.48,22.94,23.16,23.69,24.03,24.66,24.97,25.31,25.09,24.78,24.22,23.69,23.38,23.38,23.38,23.38,23.38,23.06,23.16,23.38,23.06,23.23,23.06,23.16,23.06,23.06,22.94,22.84,23.06,22.84,23.16,22.94,23.16,23.06,23.38,23.59,23.69,24.22,24.44,24.34,23.69,23.16,22.62,22.09,21.52,21.08,20.98,20.33,20.11,19.58,19.66,19.44,19.34,19.12,18.91,18.69,18.59,18.69,18.38,18.38,18.38,18.16,17.94,17.94,17.80,17.72,17.72,17.80,17.72,17.58,17.94,17.94,18.03,17.72,17.72,18.03,18.03,17.94,17.94,17.80,18.03,17.94,17.72,17.94,17.72,17.50,17.05,16.83,16.70,16.83,16.70,16.17,16.17,16.17,16.17,16.17,16.39,16.25,16.25,16.25,16.70,16.61,17.05,17.72,19.80,22.41,24.12,25.31,25.94,26.38,26.30,26.38,26.47,26.30,26.30,26.16,25.84,25.41,25.62,25.09,24.34,22.17,18.16,15.06,13.47,12.94,12.50,12.38,12.50,12.14,11.05,10.91,10.69,10.56,10.33,10.91,11.36,11.05,11.12,11.36,11.48,11.36,11.12,11.05,11.05
10.69,10.47,10.25,10.33,10.25,10.56,10.47,10.33,10.91,10.91,11.36,11.05,11.12,11.27,11.27,11.27,11.12,11.36,11.27,11.48,11.36,11.80,11.70,11.36,11.70,11.80,11.36,11.36,11.36,11.12,10.91,10.69,11.05,10.69,10.91,10.91,10.91,10.91,10.91,11.05,10.91,10.91,11.27,11.36,11.48,11.80,11.70,12.06,12.14,12.38,12.28,12.81,13.25,14.48,16.25,19.44,22.17,23.69,23.81,24.12,24.56,24.44,25.19,25.09,25.19,25.31,24.97,24.97,24.66,24.66,24.12,23.69,23.16,22.48,21.95,21.08,20.77,20.02,19.80,19.44,19.44,19.12,19.12,19.12,19.22,19.34,19.34,19.34,19.34,19.44,19.58,19.12,19.66,20.02,19.88,19.88,20.23,20.23,20.45,20.67,20.77,20.89,20.98,20.98,21.52,21.42,21.52,21.88,22.17,22.27,22.62,22.70,23.59,23.81,24.34,24.88,25.41,25.62,25.31,24.97,24.12,23.69,23.69,23.23,23.16,23.16,23.16,23.16,22.94,22.94,22.94,22.84,22.84,23.06,22.94,23.06,23.16,22.70,22.70,22.48,22.70,22.84,22.94,23.06,23.06,23.16,23.38,23.59,23.91,24.12,24.34,23.91,23.38,22.70,22.41,21.66,21.30,20.89,20.45,20.23,20.02,19.88,19.44,19.44,19.12,19.05,18.69,18.83,18.38,18.47,18.47,18.03,18.38,17.80,17.94,17.72,17.80,17.58,17.58,17.72,17.58,17.72,17.94,17.72,18.16,18.03,18.03,18.03,17.80,17.72,17.94,18.16,17.94,17.72,17.72,17.58,17.36,17.05,16.92,16.92,16.83,16.48,16.39,16.48,16.39,16.17,16.17,16.25,16.17,16.03,16.48,16.39,16.70,17.28,18.03,20.77,23.06,24.44,25.62,25.72,25.84,26.30,26.16,26.16,26.16,26.06,25.72,25.62,25.31,25.19,24.97,23.69,21.08,16.61,14.48,13.17,12.59,12.59,12.59,12.28,12.06,11.36,10.83,11.05,11.05,11.05,11.12,11.05,11.48,11.58,11.58,11.36,11.27,11.05,10.83,10.56
10.47,10.47,10.47,10.47,10.47,10.56,10.33,10.56,10.91,10.91,10.69,10.47,10.83,11.27,11.27,11.36,11.27,11.36,11.48,11.36,11.36,11.80,11.36,11.48,11.70,11.36,11.58,11.36,11.36,10.56,10.91,10.56,10.91,10.47,10.47,10.83,10.83,10.56,10.83,10.69,11.05,11.05,11.05,11.05,11.27,11.36,11.58,11.58,12.06,12.06,12.14,12.38,13.61,14.62,16.61,20.11,22.84,23.59,24.03,24.22,24.34,24.97,24.97,25.19,25.19,25.09,25.31,25.19,25.19,25.09,24.97,24.88,24.56,24.22,23.91,23.69,23.23,22.70,22.41,21.73,21.66,21.42,20.98,20.45,20.45,20.67,20.45,20.33,20.11,20.45,20.33,20.45,20.45,20.55,20.45,20.67,20.67,20.77,20.77,20.98,21.30,21.42,21.52,21.52,21.95,21.88,22.17,22.41,22.62,23.16,23.59,23.91,24.44,24.78,25.19,25.84,25.84,25.41,24.97,24.22,24.03,23.59,23.23,23.06,22.94,22.84,22.94,22.70,23.06,23.06,22.70,23.06,22.48,22.70,22.84,22.62,22.70,22.62,22.70,22.70,22.70,22.70,22.70,22.70,22.70,23.16,22.94,23.23,23.69,24.03,24.03,23.69,23.38,22.84,22.09,21.73,21.30,20.77,20.45,20.23,19.66,19.66,19.34,19.34,19.05,19.12,18.83,18.83,18.59,18.38,18.38,18.25,18.38,18.16,17.72,17.72,17.50,17.72,17.72,17.58,17.72,17.36,17.58,17.72,17.94,17.94,17.94,17.94,17.94,17.94,17.94,17.94,17.94,18.03,17.72,17.72,17.36,17.05,16.92,16.92,16.70,16.48,16.70,16.25,16.17,16.39,16.03,16.25,16.25,16.39,16.39,16.25,17.05,17.58,19.12,21.52,23.69,24.78,25.53,25.94,25.94,25.62,25.94,26.06,26.06,26.06,25.84,25.31,25.09,24.97,24.34,22.84,18.91,15.59,14.27,12.94,12.38,12.28,12.38,12.38,12.06,11.27,10.91,11.05,10.69,11.05,11.27,11.27,11.12,11.36,11.58,11.58,11.27,10.91,10.56,10.47
10.47,10.47,10.33,10.56,10.47,10.47,10.83,10.56,11.05,10.69,10.69,10.56,10.56,10.69,11.48,11.27,11.48,11.70,11.27,11.27,11.36,11.36,11.36,11.70,11.58,11.36,11.27,11.12,11.12,10.83,10.83,10.83,11.05,10.56,11.05,10.83,10.69,10.83,10.91,10.69,10.83,10.91,11.05,11.05,11.05,11.48,11.80,11.58,12.06,12.06,12.38,12.59,13.39,14.84,17.28,20.77,23.06,23.91,23.91,24.44,24.44,24.78,25.19,25.31,25.19,25.31,25.31,25.53,25.41,25.31,25.31,25.41,25.19,25.19,25.09,25.09,24.78,24.78,24.44,24.34,24.12,23.69,23.59,23.16,22.84,22.70,22.48,22.48,22.17,22.09,21.95,21.95,21.95,21.95,21.95,21.95,22.09,21.95,22.09,22.17,22.41,22.62,22.41,22.70,23.06,23.06,23.16,23.91,23.91,24.44,24.78,25.41,25.94,26.06,26.16,26.06,25.41,24.88,24.12,23.81,23.38,23.16,23.06,22.84,22.94,22.70,22.70,22.84,22.84,22.70,22.84,22.94,22.41,22.62,22.48,22.70,22.41,22.48,22.48,22.48,22.70,22.62,22.41,22.48,22.70,22.62,22.84,23.16,23.59,23.69,23.91,23.81,23.59,23.06,22.48,21.52,21.08,21.08,20.55,19.88,19.88,19.58,19.44,19.34,19.05,18.91,18.69,18.47,18.59,18.38,18.25,18.03,18.38,17.72,17.94,17.72,17.72,17.80,17.72,17.36,17.58,17.72,17.58,17.72,17.80,17.72,17.80,17.72,17.72,17.94,18.03,17.80,18.03,17.80,17.72,17.36,17.05,17.28,16.61,16.92,16.61,16.39,16.70,16.39,16.17,16.39,16.17,16.25,16.17,16.25,16.39,16.61,17.05,18.03,19.80,22.41,24.22,24.97,25.62,25.72,25.84,25.62,25.84,25.62,25.62,25.72,25.31,25.09,24.88,24.78,23.91,21.73,17.58,15.28,13.73,13.03,12.28,12.06,12.81,12.59,11.80,11.12,10.69,11.05,11.05,11.48,11.12,11.36,11.48,11.48,11.36,11.36,11.12,10.47,10.56,10.56
10.69,10.33,10.33,10.33,10.33,10.25,10.47,10.56,10.69,10.25,10.56,10.33,11.05,11.05,11.48,11.92,11.48,11.58,11.58,11.48,11.36,11.36,11.36,11.36,11.70,11.70,11.05,10.91,11.05,10.91,10.91,10.91,11.05,10.56,10.83,11.12,10.56,10.91,11.05,11.05,11.27,11.27,11.12,11.12,11.12,11.36,11.70,11.80,11.80,12.38,12.28,12.81,13.47,15.16,17.80,21.30,23.16,23.38,23.69,24.03,24.78,24.78,24.97,25.19,25.41,25.31,25.41,25.53,25.31,25.62,25.72,25.62,25.72,25.62,25.41,25.62,25.53,25.41,25.41,25.41,25.19,25.53,25.19,25.09,25.19,24.97,25.09,24.88,24.88,24.66,24.56,24.22,24.22,24.22,24.12,24.03,24.22,24.12,24.03,24.03,24.34,24.56,24.56,24.56,24.88,24.97,25.41,25.72,26.06,26.06,26.47,26.59,26.59,26.81,26.47,26.06,25.09,24.34,24.03,23.69,23.23,23.06,22.84,22.94,22.84,22.84,22.84,22.62,22.48,22.48,22.70,22.62,22.48,22.84,22.48,22.48,22.41,22.17,22.27,22.41,22.48,22.41,22.70,22.27,22.41,22.62,22.70,23.06,23.16,23.47,23.81,23.81,23.59,23.16,22.27,21.95,21.42,21.08,20.67,20.23,20.02,19.58,19.58,19.22,19.12,18.91,18.83,18.59,18.38,18.38,18.59,18.38,18.03,17.94,17.80,17.72,17.72,17.58,17.50,17.36,17.28,17.36,17.50,17.72,17.58,18.03,18.03,17.94,18.03,18.16,17.72,17.80,18.16,17.72,17.50,17.36,17.36,16.92,16.92,16.92,16.83,16.70,16.70,16.39,16.17,16.25,16.03,16.03,16.17,16.39,16.61,16.92,17.50,18.59,20.89,23.23,24.56,25.19,25.53,25.53,25.84,25.53,25.72,25.84,25.41,25.53,25.31,24.97,24.56,24.44,23.38,20.55,17.05,14.94,13.61,12.94,12.38,12.14,12.28,12.38,12.06,11.27,11.27,11.27,11.27,11.36,11.80,11.36,11.80,11.48,11.36,11.36,11.05,10.56,10.91,10.56
10.69,10.47,10.33,10.56,10.56,10.33,10.56,10.47,10.69,10.25,10.56,10.69,10.83,11.36,11.36,11.70,11.48,11.70,11.36,11.48,11.70,11.58,11.27,11.36,11.48,10.91,11.27,11.27,11.12,10.83,10.91,10.69,11.05,10.91,10.56,10.91,10.83,10.83,11.12,11.12,11.05,11.36,11.12,11.27,11.12,11.27,11.36,11.58,12.06,12.14,12.38,12.94,13.83,15.59,18.03,21.52,23.06,23.69,24.03,24.44,24.56,24.88,24.88,25.19,25.41,25.31,25.62,25.62,25.53,25.53,25.84,25.94,25.72,25.62,25.72,26.06,25.72,25.84,25.94,26.06,26.06,26.06,26.16,26.06,26.06,26.47,26.38,26.38,26.30,26.47,26.38,26.30,26.47,26.06,26.30,26.38,26.47,26.38,26.59,26.47,26.47,26.47,26.69,26.69,26.81,26.81,26.91,27.22,27.34,27.75,27.44,27.34,27.34,26.81,26.16,25.41,24.44,23.81,23.38,23.16,22.84,22.70,22.48,22.70,22.84,22.48,22.48,22.48,22.62,22.62,22.48,22.48,22.17,22.70,22.48,22.41,22.48,22.41,22.09,22.48,22.27,22.27,22.48,22.48,22.48,22.48,22.48,22.70,23.06,23.38,23.38,23.91,23.81,23.38,22.70,22.41,21.52,20.89,20.45,20.02,20.11,19.58,19.34,19.34,19.12,18.91,18.91,18.83,18.59,18.38,18.47,18.16,18.03,17.80,17.72,17.72,17.58,17.58,17.36,17.58,17.50,17.14,17.72,17.36,17.58,17.72,17.94,17.72,17.94,18.03,17.72,17.72,17.58,17.36,17.36,17.28,17.05,17.05,16.70,16.83,16.70,16.48,16.61,16.61,16.17,16.61,16.39,16.17,16.25,16.39,16.48,16.92,17.94,19.44,21.88,23.81,24.78,25.19,25.31,25.62,25.53,25.53,25.53,25.53,25.19,25.31,25.09,24.88,24.44,24.03,22.84,19.66,16.61,14.84,13.83,13.47,12.50,12.14,12.14,12.50,12.06,11.58,11.27,11.36,11.70,11.70,11.36,11.48,11.36,11.36,11.36,10.91,10.91,10.69,10.91,10.33
10.33,10.47,10.25,10.33,10.25,10.33,10.33,10.03,10.33,10.33,10.83,11.05,11.27,11.70,11.58,11.58,11.48,11.58,11.80,11.36,11.58,11.36,11.36,11.36,11.27,11.58,11.36,11.05,11.58,11.12,11.27,11.27,11.27,11.05,11.12,11.05,10.83,11.05,11.27,10.91,11.27,11.27,11.27,11.27,11.27,11.36,11.36,11.92,12.06,12.38,12.59,12.81,13.61,15.59,18.69,21.88,22.94,23.81,23.91,24.56,24.88,24.78,25.09,25.19,25.31,25.62,25.41,25.41,25.41,25.84,25.84,25.84,25.94,25.84,26.06,26.30,25.94,26.06,25.84,26.30,26.38,26.47,26.38,26.47,26.59,26.81,27.12,27.00,27.22,27.12,27.22,27.44,27.53,27.66,27.22,27.66,27.66,27.66,27.75,27.88,27.75,27.66,27.88,27.97,28.09,28.09,28.19,28.09,28.28,27.97,27.97,27.53,27.22,26.38,25.53,24.78,23.81,23.59,23.38,23.06,22.70,22.48,22.70,22.62,22.41,22.48,22.48,22.41,22.41,22.48,22.41,22.41,22.17,22.62,22.27,22.27,22.41,22.17,22.48,22.17,22.41,22.17,22.48,22.41,22.62,22.48,22.48,22.48,22.70,22.84,23.47,24.03,24.12,23.69,23.38,22.62,21.95,21.20,20.77,20.33,20.23,19.80,19.66,19.34,19.12,19.12,18.83,18.83,18.47,18.47,18.47,18.38,18.16,17.80,17.80,17.80,17.94,17.50,17.28,17.58,17.36,17.36,17.36,17.36,17.36,17.58,17.94,17.80,17.72,17.80,17.72,17.72,17.50,17.36,17.14,17.14,17.05,16.83,16.61,17.05,16.83,16.83,16.70,16.70,16.25,16.25,16.17,16.39,16.48,16.61,16.61,17.14,18.38,20.55,22.62,24.22,24.97,25.41,25.53,25.53,25.53,25.41,25.53,25.09,25.09,25.09,24.88,24.56,24.34,23.81,22.70,19.34,16.70,15.81,15.16,14.41,13.73,13.03,13.03,12.94,12.14,11.48,11.36,11.48,11.70,11.70,11.36,11.58,11.70,11.36,10.91,10.91,10.69,10.56,10.56,10.25
10.69,10.47,10.56,10.33,10.33,10.56,10.69,10.56,10.47,10.56,10.91,11.27,11.80,11.70,11.58,11.92,11.36,11.80,11.36,11.58,11.36,11.58,11.36,11.48,11.48,11.48,11.12,11.48,11.70,11.27,11.12,11.05,10.83,10.83,11.05,11.05,10.83,11.05,11.36,10.91,11.27,10.91,11.05,11.27,11.12,11.36,11.70,11.48,12.06,12.28,12.38,13.03,14.05,15.50,18.83,22.27,22.94,23.91,23.91,24.44,24.88,24.88,24.97,24.97,25.31,25.31,25.41,25.62,25.62,25.72,25.84,26.06,25.84,25.72,25.94,25.94,26.06,26.16,26.16,26.30,26.47,26.47,26.81,26.81,27.12,27.12,27.44,27.44,27.44,27.66,27.66,27.66,27.97,28.09,28.19,27.97,28.28,28.09,28.62,28.41,28.50,28.28,28.19,28.41,28.41,28.50,28.72,28.50,28.50,28.09,28.09,27.22,26.81,25.72,24.56,24.03,23.47,23.16,23.16,22.84,22.70,22.48,22.70,22.41,22.27,22.27,22.48,22.41,22.27,22.48,22.09,22.09,22.27,22.48,22.27,22.27,22.17,22.27,22.27,22.41,22.41,22.27,22.27,22.17,22.27,22.48,22.48,22.41,22.62,23.06,23.16,23.81,23.81,24.12,23.81,23.16,22.62,21.88,21.08,20.55,20.11,19.80,19.58,19.58,19.12,19.12,18.83,18.83,18.69,18.69,18.47,18.38,18.16,17.94,17.94,17.72,17.72,17.58,17.50,17.50,17.36,17.36,17.36,17.36,17.36,17.50,17.58,17.80,17.72,17.72,17.50,17.36,17.36,17.05,17.14,17.05,17.05,16.92,16.92,16.61,16.70,16.70,16.61,16.70,16.39,16.39,16.48,16.03,16.92,16.48,17.05,17.72,19.58,21.73,23.38,24.44,25.19,25.53,25.31,25.53,25.19,25.41,25.19,25.09,25.09,24.88,24.66,24.34,24.12,23.81,22.27,19.88,18.59,17.94,17.50,16.83,15.95,15.06,14.05,13.61,12.50,11.92,11.92,11.92,11.80,11.48,11.36,11.58,11.58,11.36,10.83,10.69,10.56,10.56,10.56,10.56
10.56,10.33,10.33,10.69,10.56,10.33,10.56,10.56,10.83,11.05,11.48,11.58,11.70,11.80,11.58,11.80,11.70,11.58,11.36,11.36,11.36,11.27,11.36,11.48,11.70,11.36,11.36,11.36,11.36,11.36,11.27,11.12,10.91,11.05,10.91,10.56,10.83,10.91,11.12,10.91,10.69,11.12,11.12,11.27,11.05,11.48,11.36,11.48,12.06,12.06,12.50,13.03,14.27,15.95,19.58,22.27,23.06,23.81,24.03,24.56,24.56,24.88,24.88,24.88,24.97,25.31,25.53,25.41,25.62,25.53,25.84,25.84,25.84,25.84,25.84,25.84,25.84,26.30,26.06,26.30,26.47,26.59,26.69,26.81,27.12,27.34,27.53,27.44,27.75,27.75,27.66,28.19,28.19,28.50,28.41,28.50,28.50,28.50,28.62,28.72,28.62,28.62,28.62,28.72,28.72,28.62,28.62,28.72,28.28,28.09,27.66,26.81,25.94,24.88,24.03,23.69,23.16,22.94,23.06,22.84,466.03,22.48,22.62,22.41,22.17,22.27,22.27,22.17,22.17,22.09,22.17,22.09,22.09,22.17,22.27,21.95,22.17,22.09,22.09,22.17,22.17,22.17,22.17,22.48,22.41,22.17,22.48,22.27,22.27,22.41,22.27,23.16,23.59,23.91,24.12,24.12,23.69,23.47,22.48,21.95,21.20,20.77,20.45,20.11,19.58,19.34,19.12,18.91,18.83,18.59,18.47,18.59,18.03,18.25,17.94,17.94,17.72,17.80,17.72,17.50,17.50,17.05,17.50,17.50,17.28,17.05,17.50,17.50,17.36,17.28,17.58,17.05,17.36,17.14,16.92,16.92,17.14,16.83,16.83,16.83,16.70,16.83,16.83,16.70,16.61,16.48,16.39,16.17,16.48,16.48,16.70,17.36,18.59,20.89,22.70,24.03,24.88,25.31,25.53,25.53,25.19,24.97,25.19,24.97,24.88,24.56,24.44,24.56,24.44,24.03,23.81,23.23,22.09,21.30,20.89,20.23,19.58,18.83,17.72,16.25,15.16,13.25,12.38,12.28,12.14,11.80,11.80,11.58,11.48,11.27,11.05,10.56,10.56,10.33,10.56,10.56
10.47,10.56,10.33,10.33,10.56,10.69,10.91,10.83,10.91,11.36,11.05,11.48,11.36,11.70,11.48,11.70,11.36,11.80,11.48,11.48,11.70,11.48,11.48,11.80,11.80,12.06,11.80,11.80,11.58,11.48,11.36,11.27,11.36,11.12,10.91,11.36,10.91,10.69,10.83,11.05,10.91,11.36,11.27,11.27,11.27,11.36,11.12,11.48,11.70,12.14,12.14,12.59,13.25,14.41,16.48,19.88,22.41,23.16,23.91,24.03,24.34,24.78,24.78,24.97,25.19,25.19,25.19,25.31,25.41,25.41,25.53,25.84,25.84,25.72,25.84,25.94,25.84,25.94,26.06,26.16,26.30,26.30,26.69,26.81,26.81,27.12,27.22,27.53,27.66,27.75,27.97,28.09,28.09,28.41,28.41,28.41,28.62,28.72,28.41,28.81,28.72,28.94,29.03,28.72,28.72,28.94,28.94,28.94,28.50,28.19,27.66,26.81,25.84,24.97,24.03,23.38,23.23,23.06,22.70,22.70,22.48,22.48,22.41,22.41,22.41,22.09,22.27,22.17,22.09,22.09,22.17,22.41,22.17,21.95,22.17,22.27,22.09,22.27,22.17,22.17,22.17,22.27,22.48,22.17,22.41,22.27,22.17,22.17,22.27,22.41,22.70,22.94,23.16,23.69,24.22,24.56,24.56,24.44,23.81,23.16,22.62,21.73,21.08,20.77,20.23,19.88,19.44,19.05,19.12,18.83,18.91,18.47,18.59,18.38,18.25,17.94,17.94,17.80,17.72,17.58,17.58,17.14,17.28,17.28,17.36,17.05,17.05,17.28,17.36,17.28,17.28,17.28,17.50,17.28,16.92,17.05,17.05,16.92,16.92,16.70,16.83,16.92,16.48,16.70,16.61,16.61,16.48,16.61,16.48,16.83,17.05,18.03,20.02,21.95,23.47,24.12,24.88,25.19,25.19,25.19,25.19,25.19,25.09,24.97,24.97,24.78,24.78,24.34,24.22,24.03,24.12,24.03,23.47,22.70,22.09,21.73,20.89,20.23,19.22,18.59,16.92,14.84,13.17,12.59,11.92,11.80,11.36,11.36,11.58,10.91,10.47,10.69,10.56,10.56,10.69,10.83
10.91,10.56,10.56,11.05,10.69,10.83,10.83,11.12,10.91,11.12,10.91,11.70,11.36,11.80,11.80,11.70,11.58,11.58,11.27,11.36,11.58,11.70,11.70,11.58,11.36,11.58,11.48,11.36,11.48,11.80,11.48,11.48,11.36,11.12,10.91,11.27,10.69,10.69,10.91,11.12,11.05,11.05,11.27,11.12,11.27,11.12,11.80,11.70,11.92,12.06,12.50,12.72,13.17,14.48,16.25,19.88,22.17,23.16,23.69,24.12,24.44,24.34,24.78,24.88,24.97,25.19,25.31,25.09,25.31,25.53,25.53,25.62,25.62,25.72,25.62,25.62,26.06,25.94,26.06,26.38,26.30,26.38,26.69,26.81,26.81,27.00,27.22,27.44,27.75,27.75,27.97,27.97,27.97,28.41,28.62,28.19,28.81,28.81,28.72,28.62,28.94,28.72,28.81,28.94,28.81,28.72,28.72,28.41,28.19,27.66,27.22,25.94,24.78,24.12,23.59,23.16,22.94,22.70,22.48,22.62,22.48,22.48,22.48,22.41,22.17,21.88,22.17,22.09,21.95,22.17,21.95,22.17,22.09,21.88,22.09,22.09,22.09,22.17,22.09,22.48,21.95,22.09,22.17,22.17,22.09,22.17,22.17,22.27,22.17,22.27,22.41,22.48,23.06,23.16,24.03,24.44,24.88,24.78,24.97,24.66,24.03,23.38,22.27,21.73,21.08,20.55,20.02,19.80,19.44,19.12,19.12,18.69,18.69,18.59,17.94,18.38,18.03,17.94,17.72,17.36,17.58,17.36,17.28,17.36,17.05,17.14,17.14,17.28,17.28,17.14,17.14,17.28,17.05,17.05,17.05,16.83,16.92,16.70,16.83,16.48,16.70,16.92,16.61,16.61,16.61,16.61,16.61,16.48,16.92,17.50,18.03,19.05,21.20,22.84,24.12,24.44,24.88,25.19,25.19,25.19,25.09,24.88,24.88,24.56,24.66,24.56,24.44,24.22,24.03,24.22,23.91,24.12,24.03,23.23,22.70,22.17,21.52,20.98,20.11,19.58,18.47,16.83,14.48,13.03,12.38,11.92,11.80,11.36,11.36,11.05,10.69,10.91,10.69,11.05,10.91,10.69
11.27,10.69,10.91,10.91,11.05,10.69,11.27,11.05,11.36,10.56,10.91,11.70,11.58,11.80,11.80,11.48,11.48,11.58,11.80,11.36,11.70,11.48,11.70,11.36,11.36,11.58,11.80,11.58,11.92,12.06,11.80,11.70,11.80,11.58,11.36,11.58,11.27,11.12,11.36,11.36,11.36,11.70,11.58,11.36,11.80,11.92,11.80,11.92,12.06,12.06,12.50,12.81,13.39,14.70,16.70,20.55,22.62,23.16,23.69,23.69,24.03,24.44,24.66,24.88,24.97,25.09,25.09,25.19,25.31,25.53,25.19,25.72,25.62,25.41,25.53,25.62,25.84,25.94,25.94,26.30,26.30,26.30,26.59,27.00,26.69,27.12,27.44,27.53,27.75,27.75,27.97,28.09,28.28,28.09,28.50,28.50,28.72,28.62,29.03,28.72,28.72,28.81,29.03,28.94,28.94,28.94,28.41,28.28,27.75,26.91,26.16,24.88,23.91,23.38,23.06,22.84,22.48,22.70,22.48,22.48,22.41,22.41,22.09,22.17,21.95,21.95,22.09,22.09,22.17,21.88,22.17,21.88,21.95,21.95,22.17,21.95,22.17,22.17,22.09,22.27,21.95,22.17,21.95,22.09,22.17,21.95,22.17,22.09,21.95,22.09,22.17,22.48,22.62,22.94,23.38,24.12,24.78,25.19,25.53,25.62,25.31,24.56,24.03,23.47,22.62,22.09,21.20,20.77,20.45,19.88,19.66,19.44,19.05,18.91,18.47,18.47,18.03,17.94,18.03,17.72,17.80,17.72,17.50,17.36,17.58,17.28,17.05,17.28,17.28,17.28,17.14,17.05,17.05,16.92,17.14,16.92,16.92,16.92,16.70,16.48,16.70,16.83,16.61,16.83,16.70,16.70,16.70,17.14,17.14,18.03,19.34,20.45,22.48,23.69,24.44,24.88,24.88,25.19,25.19,25.19,24.88,24.97,24.78,24.78,24.56,24.66,24.22,24.22,23.91,23.91,24.03,24.12,24.03,23.81,23.16,22.27,21.88,21.20,20.55,19.58,19.05,17.72,15.59,13.17,12.38,12.06,11.70,11.36,11.05,10.91,10.56,10.56,10.91,11.12,11.05,11.05
11.05,11.12,10.91,10.56,10.56,10.91,10.83,10.56,10.83,10.33,10.56,11.70,12.06,11.92,11.92,11.70,11.92,11.70,11.70,11.70,11.70,11.92,11.70,11.80,11.70,11.80,11.70,11.92,12.06,12.06,11.80,11.92,11.92,11.92,12.28,11.92,11.70,11.48,11.58,11.70,11.70,11.80,12.06,12.06,12.38,12.06,12.38,12.28,12.14,12.38,12.50,13.03,13.73,14.70,16.92,20.67,22.84,23.16,23.91,24.03,24.34,24.78,24.66,24.88,24.88,25.19,25.19,24.88,25.09,25.09,25.62,25.62,25.62,25.94,25.53,25.62,25.62,25.94,26.06,25.94,26.16,26.16,26.59,26.81,26.81,27.12,27.44,27.53,27.66,27.66,28.19,28.09,28.19,28.19,28.41,28.62,28.62,28.81,28.72,28.94,28.81,29.03,29.03,28.72,29.16,28.72,28.72,28.09,27.34,26.06,25.09,24.03,23.47,23.16,22.70,22.48,22.48,22.48,22.48,22.27,22.41,22.41,22.09,22.17,21.95,22.09,21.95,22.09,21.95,22.17,21.88,21.95,21.88,21.95,22.17,21.88,21.95,21.95,22.17,22.17,22.48,22.17,22.09,22.17,22.09,22.17,22.17,22.27,22.09,21.95,21.95,21.95,22.27,22.48,23.23,24.03,24.56,25.53,25.94,26.30,26.06,25.84,25.72,25.09,24.56,23.81,23.38,22.70,22.09,21.42,20.77,20.33,20.11,19.66,19.22,19.12,18.83,18.83,18.25,18.16,18.03,18.16,17.80,17.94,17.72,17.72,17.50,17.72,17.36,17.50,17.36,17.36,17.28,17.36,17.05,17.05,17.28,16.92,16.92,16.83,17.05,17.05,16.92,16.92,17.14,17.05,17.14,17.58,18.03,19.34,20.55,22.17,23.38,24.22,24.78,24.88,25.19,24.97,25.09,24.97,24.97,25.19,24.56,24.66,24.56,24.44,24.34,24.12,23.91,23.69,24.44,24.34,24.12,23.91,22.94,22.41,21.73,21.30,20.77,20.02,19.12,18.16,16.25,13.73,12.72,12.14,11.80,11.36,11.27,11.36,11.27,11.27,11.27,11.36,11.36,11.05
11.12,10.91,11.27,10.69,11.05,10.91,10.83,10.47,10.47,10.47,10.47,12.06,11.80,11.92,11.80,11.80,12.06,11.70,11.80,11.80,11.70,11.70,11.58,11.70,11.70,11.80,12.06,11.92,11.80,12.38,12.06,12.14,12.06,11.80,11.80,11.92,11.80,11.58,11.27,11.58,11.58,11.92,11.92,12.28,12.38,12.38,12.38,12.72,12.72,12.72,12.81,13.03,13.61,14.70,17.36,21.08,22.84,23.16,23.59,23.91,24.34,24.44,24.56,24.88,24.88,25.09,25.19,25.19,25.19,25.19,25.31,25.31,25.31,25.72,25.62,25.62,25.62,25.84,25.72,25.94,26.38,26.47,26.59,26.59,26.69,27.12,27.44,27.44,27.66,27.75,27.97,28.09,28.19,28.41,28.62,28.41,28.62,28.81,28.72,28.94,28.72,29.03,29.03,28.94,28.72,28.62,28.19,27.44,26.47,25.31,24.34,23.59,23.16,23.06,22.70,22.48,22.48,22.41,22.17,22.27,22.27,22.17,22.17,21.95,22.09,21.73,22.17,22.17,21.95,21.95,22.09,21.88,21.95,21.88,21.88,21.95,21.95,22.17,21.95,22.41,22.27,22.48,22.17,22.09,22.27,21.95,22.17,21.95,22.17,22.17,22.27,21.88,21.95,22.41,22.70,23.16,23.91,24.66,25.53,26.30,26.59,26.59,26.38,26.59,26.06,25.53,25.19,24.34,23.69,23.16,22.62,22.48,21.52,21.08,20.55,20.23,19.80,19.58,19.44,19.05,18.83,18.47,18.38,18.47,18.25,17.94,18.03,17.94,17.80,17.72,17.58,17.72,17.72,17.58,17.36,17.28,17.36,17.36,17.36,17.05,17.36,17.72,17.05,17.36,17.50,17.72,18.25,18.83,19.58,21.08,22.41,23.38,24.03,24.88,25.09,24.88,25.19,25.31,24.97,24.88,25.19,24.88,24.44,24.34,24.56,24.34,24.44,24.12,24.03,24.03,23.91,24.03,23.91,23.81,23.38,22.41,21.88,20.98,20.55,19.88,19.12,18.25,16.61,14.27,12.81,12.14,11.92,11.70,11.70,11.36,11.36,11.36,11.27,11.48,11.36,11.36
11.12,11.36,11.05,11.05,10.56,10.56,10.47,10.47,10.56,10.56,10.25,11.80,12.06,11.48,11.80,11.92,11.80,12.06,11.80,11.92,11.58,11.80,11.80,11.58,11.70,11.92,12.38,12.06,12.50,12.28,12.38,12.06,11.80,11.92,11.80,12.06,11.80,11.58,11.70,11.70,11.58,11.70,11.70,11.70,11.70,12.14,12.14,12.50,12.81,12.81,13.03,13.17,13.47,15.06,17.36,21.08,22.70,23.23,23.69,24.34,24.22,24.22,24.34,24.88,24.97,24.78,24.88,24.88,24.97,25.19,24.97,25.31,25.31,25.62,25.62,25.62,25.72,25.84,25.72,26.06,26.06,26.38,26.69,26.69,26.69,27.00,27.22,27.12,27.53,27.66,27.97,28.09,28.09,28.28,28.62,28.41,28.72,28.81,28.81,28.81,29.03,28.94,29.03,29.16,28.72,28.62,27.75,26.59,25.31,24.34,23.69,23.47,22.84,22.70,22.62,22.41,22.41,22.27,22.41,22.41,22.17,22.09,21.95,22.09,21.95,21.95,21.95,22.09,22.09,21.95,21.95,22.09,21.88,21.88,22.09,21.95,22.09,22.09,22.09,22.09,22.27,21.95,22.17,22.09,22.17,22.09,22.09,21.95,21.88,21.88,21.88,21.88,22.17,22.17,22.48,22.84,23.59,24.22,24.97,26.30,26.47,26.69,27.00,26.81,26.81,26.47,26.38,25.84,25.41,24.97,24.44,23.91,23.59,23.16,22.41,22.27,21.73,21.30,20.98,20.45,20.23,19.80,19.44,19.22,19.12,18.91,18.59,18.69,18.47,18.25,18.25,18.03,18.16,17.94,17.80,17.94,17.72,17.80,17.50,17.80,17.72,18.03,17.72,18.16,18.25,18.91,19.58,20.55,21.73,22.48,23.47,24.03,24.56,25.09,24.97,24.88,24.97,24.97,24.97,24.97,24.88,24.66,24.56,24.56,24.34,24.22,24.34,24.12,23.69,23.81,24.12,24.03,24.03,23.59,22.94,22.17,21.30,20.89,20.45,20.11,19.58,18.47,16.83,14.05,12.72,12.38,11.80,11.70,11.70,11.58,11.48,11.58,11.27,11.27,11.27,11.05
11.12,10.91,10.91,10.91,10.33,10.33,10.47,10.25,10.33,10.47,10.56,11.80,11.36,11.48,11.80,12.14,11.80,11.80,11.70,11.80,11.92,11.80,11.80,12.28,12.06,12.38,12.28,12.38,12.06,12.14,12.38,11.80,11.58,11.80,12.06,12.38,12.06,11.80,11.80,11.80,11.92,11.92,11.70,11.58,11.80,11.80,11.80,12.50,13.03,12.81,13.39,13.47,13.95,15.50,17.58,21.08,22.70,23.38,23.69,24.12,24.12,24.44,24.56,24.56,24.66,24.78,24.88,24.88,24.97,25.19,25.31,25.31,25.19,25.53,25.41,25.41,25.62,25.62,25.84,25.94,26.06,26.30,26.16,26.59,26.81,27.22,27.12,27.34,27.44,27.88,27.88,28.09,27.97,28.28,28.28,28.72,28.50,28.81,28.81,29.03,29.03,29.03,28.94,28.94,28.72,28.19,27.22,25.84,24.56,24.12,23.69,22.84,22.84,22.62,22.41,22.41,22.48,22.27,22.09,22.09,22.09,22.09,22.09,21.88,21.88,21.95,21.95,21.95,22.17,22.09,21.88,21.88,22.09,21.95,22.17,22.09,22.17,22.41,22.17,22.17,22.09,22.17,22.09,21.95,22.17,21.88,22.09,21.95,21.95,21.88,21.88,21.95,21.73,21.95,22.09,22.62,22.94,23.81,24.66,25.41,26.47,26.91,27.22,27.22,27.22,27.12,27.22,26.59,26.59,26.06,25.84,25.62,25.09,24.88,24.34,24.03,23.69,23.38,23.06,22.48,22.17,22.09,21.42,21.30,21.08,20.67,20.55,20.23,19.88,19.80,19.58,19.22,19.34,19.12,18.83,18.91,18.83,19.05,18.59,19.34,19.22,19.66,19.34,20.11,20.23,20.89,21.42,22.48,23.38,23.69,24.22,24.78,24.78,24.97,25.09,24.88,25.09,24.97,24.78,24.97,24.88,24.78,24.34,24.22,24.22,24.22,24.22,23.81,23.69,23.81,23.91,24.22,23.81,23.59,22.27,21.88,21.08,20.55,19.88,19.80,19.22,18.47,17.14,14.05,13.03,12.38,12.06,11.70,11.80,11.36,11.05,11.36,10.91,10.91,11.05,10.83
10.91,10.47,11.05,10.47,10.69,10.33,10.56,10.33,10.33,10.47,10.69,11.92,11.58,11.80,12.06,11.92,12.14,11.36,11.12,11.27,11.48,12.14,12.14,12.28,12.14,12.50,12.28,12.28,11.92,12.38,11.70,11.36,11.27,11.80,11.36,12.06,12.06,12.06,12.06,12.38,12.38,12.14,12.06,12.06,11.70,11.58,11.80,12.38,12.59,12.94,13.03,13.39,14.19,15.38,17.58,21.88,23.06,23.38,23.81,24.03,24.12,24.44,24.34,24.44,24.56,24.88,24.88,24.97,24.88,24.88,24.97,25.09,25.19,25.62,25.19,25.62,25.41,25.62,25.84,25.84,26.30,26.30,26.47,26.47,26.59,26.81,27.22,27.34,27.44,27.75,27.75,27.66,28.09,28.19,28.19,28.62,28.72,28.72,29.03,28.81,28.94,29.03,29.16,28.81,28.62,27.97,26.81,25.53,24.44,23.81,23.38,22.84,22.70,22.41,22.48,22.62,22.17,22.17,22.17,22.09,22.09,21.88,21.66,21.52,21.88,21.73,22.17,22.17,22.09,22.17,22.17,22.09,22.17,22.17,21.88,22.09,22.09,22.17,22.17,22.17,22.27,22.41,22.17,21.95,22.09,21.95,21.95,21.88,21.95,21.95,21.88,21.88,21.88,21.73,21.95,22.27,22.62,23.38,24.03,25.09,25.94,26.81,27.22,27.44,27.53,27.34,27.34,27.12,26.91,26.81,26.81,26.59,26.16,25.94,25.62,25.41,25.19,24.78,24.56,24.44,23.91,23.81,23.47,23.59,23.06,22.48,22.48,22.17,21.73,21.52,21.42,21.30,21.08,21.08,20.98,20.77,20.89,20.89,20.89,21.08,21.20,21.30,21.66,21.95,22.27,22.62,23.23,23.69,24.34,24.44,24.88,24.78,24.97,25.09,25.19,25.09,24.97,24.97,24.88,24.88,24.56,24.56,24.44,24.34,24.22,24.22,24.03,23.81,23.69,23.91,23.91,24.12,23.59,23.16,22.48,21.52,20.77,20.55,20.11,19.80,19.05,18.47,16.61,14.19,12.94,12.38,11.92,11.70,11.80,11.92,11.70,11.05,11.05,11.12,11.05,10.69
11.05,10.56,10.69,10.56,10.33,10.56,10.25,10.25,10.69,10.69,10.56,11.80,11.70,12.06,12.06,11.80,11.58,11.58,11.36,11.80,12.06,12.14,12.38,12.28,12.06,12.28,12.38,12.28,11.80,12.06,11.36,11.70,11.27,11.36,11.27,11.58,11.48,11.92,12.14,12.50,12.28,12.28,12.38,12.38,12.14,11.80,12.06,12.38,12.59,12.14,12.72,13.39,14.05,15.38,18.16,21.52,22.94,23.23,23.69,24.03,23.91,24.44,24.44,24.34,24.56,24.88,24.56,24.88,24.97,24.88,24.97,25.19,25.19,25.41,24.97,25.41,25.62,25.62,25.62,25.84,25.84,26.30,26.30,26.69,26.81,27.00,27.12,27.12,27.22,27.34,27.66,27.75,27.97,27.88,28.28,28.50,28.72,28.94,28.94,28.81,28.94,29.16,29.03,29.03,28.41,27.66,26.30,24.97,24.03,23.69,23.23,23.06,22.70,22.70,22.41,22.27,22.48,22.41,22.09,21.88,21.52,21.30,21.20,21.52,21.88,21.95,22.09,22.17,22.09,22.09,22.27,22.17,22.17,22.17,22.27,22.17,22.17,22.27,22.17,22.27,22.27,22.09,21.95,21.88,21.88,21.95,21.73,21.73,21.95,21.66,21.52,21.52,21.52,21.73,21.73,22.27,22.48,23.16,23.38,24.44,25.62,26.69,27.22,27.22,27.66,27.66,27.75,27.34,27.22,27.34,26.81,26.91,26.69,26.59,26.30,26.16,26.06,25.94,25.62,25.62,25.31,25.19,25.19,24.88,24.56,24.22,24.78,24.34,24.03,23.81,23.47,23.16,22.94,23.16,23.16,23.06,22.70,22.84,23.06,23.06,23.06,23.38,23.59,23.59,24.03,24.03,24.22,24.66,24.66,24.88,24.78,25.19,25.19,24.97,25.19,24.97,24.88,24.97,24.66,24.88,24.78,24.56,24.34,24.44,24.22,24.03,24.12,24.03,23.69,23.69,23.91,23.91,23.59,23.06,22.48,21.73,20.89,20.11,19.80,19.44,19.12,18.25,17.05,14.41,12.72,12.14,11.58,12.06,11.80,11.80,11.80,11.48,11.27,11.27,10.83,10.56
10.91,10.69,10.56,10.25,10.56,10.47,10.47,10.33,10.56,10.91,10.83,11.92,12.06,12.06,12.38,11.80,11.80,11.27,11.80,12.06,12.06,12.38,12.50,12.38,12.28,12.14,12.38,11.92,11.92,12.06,11.70,11.80,11.58,11.58,11.58,11.58,11.70,11.58,12.06,12.59,12.38,12.50,12.59,12.50,12.38,12.50,12.14,12.38,12.38,12.59,12.28,13.03,14.05,15.38,17.94,21.52,23.16,23.69,23.81,23.91,24.22,24.44,24.56,24.22,24.44,24.56,24.88,24.88,24.88,24.97,25.09,25.09,25.31,25.41,25.31,25.62,25.53,25.84,25.62,25.94,26.06,26.38,26.30,26.47,26.69,27.12,466.03,27.00,27.53,27.44,27.66,27.75,27.88,27.75,28.19,28.62,28.62,28.62,28.94,28.72,29.03,29.03,29.03,29.03,29.16,28.41,27.44,26.06,24.78,23.91,23.47,23.06,23.06,22.94,22.48,22.70,22.70,22.70,22.48,22.09,21.73,21.20,20.89,20.67,21.08,21.52,22.27,22.41,22.48,22.17,22.41,22.48,22.41,22.62,22.41,22.62,22.48,22.48,22.17,22.27,22.27,22.27,22.27,22.17,21.95,21.52,21.73,21.95,21.73,21.73,21.30,21.73,21.73,21.73,21.73,21.73,21.88,22.17,22.70,23.06,24.22,25.41,26.47,27.12,27.66,27.75,27.66,27.75,27.66,27.53,27.44,27.22,27.22,26.81,26.81,26.69,26.69,26.47,26.47,26.30,26.06,25.94,25.94,25.84,25.72,25.62,25.62,25.53,25.31,25.19,25.09,24.97,24.97,24.56,24.56,24.44,24.44,24.44,24.34,24.44,24.56,24.34,24.56,24.44,24.56,24.56,24.88,24.97,24.88,24.88,25.19,25.19,25.31,25.19,24.97,24.97,24.88,25.19,24.97,24.88,24.97,24.56,24.22,24.34,24.34,24.22,24.12,23.91,23.91,23.69,23.69,23.59,23.69,23.59,23.06,22.41,21.20,20.67,20.45,19.80,19.44,18.69,17.94,16.70,14.19,12.59,11.92,11.58,11.70,11.58,11.80,11.58,11.80,11.27,11.05,11.27
11.05,11.12,10.69,10.69,10.69,10.83,10.47,10.25,11.12,10.91,10.91,10.69,12.06,12.14,11.92,11.92,11.58,11.36,11.70,11.80,12.06,12.14,12.38,12.38,12.28,11.80,12.28,12.06,11.92,11.70,12.14,12.06,11.80,11.80,11.80,11.48,11.92,11.58,11.48,11.58,11.92,12.38,12.06,12.38,12.59,12.72,12.72,12.72,12.59,12.50,12.28,12.28,12.72,13.47,15.28,18.16,21.52,23.06,23.23,23.69,23.91,24.03,24.22,24.03,24.22,24.56,24.44,24.66,24.88,24.78,24.97,24.97,25.09,24.97,25.41,25.09,25.31,25.53,25.62,25.62,25.84,25.84,26.30,26.30,26.38,26.81,26.81,26.91,27.00,27.12,27.53,27.34,27.66,27.88,27.88,28.41,28.41,28.72,28.62,29.03,28.94,29.16,29.16,29.03,29.03,28.28,27.12,25.62,24.56,23.69,23.59,23.06,23.06,22.84,23.06,22.84,22.84,22.84,22.70,22.27,21.73,20.89,20.67,20.23,20.77,21.88,22.62,22.70,22.70,22.70,22.48,22.62,22.70,22.70,22.62,22.70,22.48,22.48,22.62,22.27,22.41,22.17,22.41,21.95,21.88,21.52,21.20,21.42,21.30,21.52,21.66,21.52,21.52,21.73,21.73,21.95,21.73,22.09,22.48,22.94,23.81,24.56,25.84,26.81,27.53,27.75,27.66,27.88,27.75,27.34,27.44,27.22,27.00,27.12,26.69,26.69,26.59,26.38,26.59,26.30,26.30,26.38,26.06,26.06,26.06,26.06,25.94,25.84,26.06,25.84,25.84,25.31,25.53,25.62,25.19,24.97,24.97,24.97,24.97,24.88,24.88,24.97,24.78,24.88,24.97,25.09,24.88,24.97,25.09,25.09,24.88,25.09,24.97,25.19,25.09,24.97,24.97,25.19,24.88,24.97,24.78,24.78,24.22,24.12,24.34,24.03,24.12,23.69,23.59,23.69,23.23,23.59,23.47,23.16,22.70,22.09,21.20,20.67,20.23,19.66,19.12,18.47,17.72,16.03,13.83,12.38,12.06,11.48,11.70,11.58,11.58,11.58,11.70,11.58,11.36,11.27
11.05,10.91,10.83,10.56,10.69,10.47,10.56,10.47,11.12,11.05,10.69,10.47,12.14,11.92,11.70,11.80,11.48,11.80,12.06,12.14,12.59,12.28,12.38,12.38,12.28,11.80,12.06,11.70,11.36,11.36,11.58,11.58,11.80,11.80,11.80,11.80,12.06,11.48,11.36,11.70,11.80,11.80,12.06,12.14,12.59,12.50,12.59,12.50,12.81,12.81,12.38,12.59,12.81,13.73,15.28,18.03,21.42,23.16,23.59,23.69,23.81,24.03,24.12,24.22,24.34,24.44,24.34,24.78,24.66,24.66,24.66,24.78,24.78,25.31,25.19,24.97,25.19,25.41,25.53,25.62,25.62,25.84,25.94,26.16,26.30,26.47,26.81,26.91,27.00,27.34,27.44,27.53,27.75,27.75,28.09,28.19,28.41,28.62,28.94,29.16,29.16,29.25,29.16,29.25,28.94,28.28,27.00,25.31,24.44,23.69,23.59,23.16,23.16,23.06,23.16,23.06,23.59,23.69,23.59,23.16,22.62,21.88,21.30,21.08,21.20,22.09,22.84,23.16,23.16,23.16,23.06,22.94,23.06,22.84,22.70,22.70,22.70,22.70,22.48,22.70,22.70,22.48,22.70,22.27,21.66,21.08,20.89,20.77,21.08,21.20,21.42,21.42,21.52,21.42,21.73,21.88,21.73,21.73,22.48,22.84,23.47,24.56,25.53,26.59,27.44,27.75,27.97,27.75,27.66,27.53,27.66,27.22,27.34,27.12,26.81,26.69,26.59,26.59,26.38,26.47,26.38,26.30,26.47,26.06,26.06,26.06,26.06,26.06,25.94,25.84,25.84,25.72,25.41,25.62,25.41,25.31,25.09,25.19,24.97,24.97,25.09,25.09,25.19,25.19,25.31,25.19,24.78,25.09,24.88,25.09,25.09,24.97,24.97,24.88,25.19,24.97,24.88,24.88,24.88,24.66,24.44,24.44,24.22,24.34,23.81,24.03,23.91,23.69,23.69,23.59,23.69,23.69,23.59,23.16,22.48,21.73,21.20,20.89,19.66,19.58,19.12,18.47,17.58,15.81,13.39,12.59,12.06,11.70,11.36,11.36,11.12,11.36,11.70,11.48,11.58,11.70
11.36,11.36,11.36,10.91,10.56,10.83,11.12,10.69,11.36,10.91,11.05,10.83,12.06,12.14,12.14,11.80,11.80,11.92,12.38,12.38,12.38,12.38,12.28,12.50,12.06,12.06,11.70,11.36,11.12,11.36,11.58,11.48,11.36,11.70,12.06,11.92,11.80,12.06,11.80,11.70,11.80,11.70,11.58,11.80,12.72,12.50,12.72,12.72,12.81,13.03,12.72,12.94,13.03,13.47,15.16,18.16,21.66,23.06,23.38,23.81,23.81,23.91,23.91,24.12,24.22,24.56,24.44,24.44,24.56,24.88,24.88,24.88,24.97,25.09,25.19,24.97,25.31,25.31,25.53,25.72,25.62,25.84,26.06,26.06,26.47,26.30,26.59,26.69,27.00,27.12,27.53,27.66,27.88,27.88,28.19,28.09,28.50,28.72,28.94,29.16,29.16,29.56,29.34,29.25,29.03,28.28,27.12,25.62,24.56,23.81,23.69,23.23,23.16,23.38,23.59,23.47,24.12,24.22,24.22,23.81,23.81,23.23,22.84,22.48,22.48,22.62,23.59,23.91,23.91,23.91,23.59,23.47,23.38,23.16,23.16,23.47,23.06,22.84,23.16,23.06,23.16,23.06,23.06,22.70,21.88,21.08,20.67,20.67,20.67,20.89,21.08,21.66,21.73,21.73,21.73,21.88,22.17,21.95,22.17,22.84,23.23,24.12,25.41,26.47,27.34,28.09,27.97,27.97,27.97,27.66,27.22,27.34,27.22,27.22,26.81,26.69,26.59,26.69,26.59,26.47,26.38,26.47,26.38,25.84,26.06,26.30,26.06,25.94,25.72,26.06,26.06,25.72,25.72,25.72,25.72,25.62,25.41,25.53,25.19,25.31,25.09,25.09,25.19,24.97,25.09,25.19,25.19,25.09,25.19,24.88,25.09,24.97,25.19,25.09,25.09,24.97,24.78,25.09,24.56,24.78,24.56,24.56,24.22,24.12,24.03,24.12,24.12,23.59,23.91,23.47,23.59,23.59,23.59,23.16,22.70,21.95,21.08,20.55,20.11,19.58,18.83,18.59,17.72,15.38,13.03,11.92,11.80,11.58,11.36,11.58,11.48,11.48,11.36,11.70,11.36,12.06
12.06,11.92,11.80,11.70,11.48,11.70,11.36,11.58,11.58,11.80,11.36,11.36,12.28,11.80,11.80,11.36,11.80,12.38,12.38,12.59,12.38,12.50,12.72,12.38,12.06,11.58,11.12,11.27,11.27,11.36,11.48,11.36,11.36,11.48,11.80,11.36,12.38,12.06,12.06,11.80,11.92,11.58,11.80,11.48,11.80,12.06,12.50,12.50,12.81,13.03,12.81,13.03,13.39,13.83,15.59,18.03,21.73,23.06,23.38,23.69,23.69,24.03,23.91,24.22,24.12,24.44,24.34,24.44,24.88,24.66,24.78,24.88,24.88,25.09,25.19,25.19,25.41,25.41,25.62,25.62,25.62,25.84,25.94,26.30,26.30,26.38,26.81,27.12,27.00,27.12,27.66,27.53,27.75,27.75,28.19,28.19,28.28,28.81,29.16,29.16,29.34,29.34,29.56,29.47,29.25,28.50,27.00,25.31,24.44,24.12,23.81,23.59,23.59,23.59,23.81,24.22,24.66,24.97,25.19,25.31,25.09,24.88,24.44,24.12,23.69,23.59,24.34,24.56,24.56,24.56,24.22,24.12,23.91,23.69,23.69,23.69,23.59,23.59,23.38,23.69,23.59,23.59,23.38,22.84,22.27,21.66,21.20,21.08,21.08,21.08,21.08,21.52,21.95,21.88,21.73,21.95,21.95,21.95,22.27,22.62,23.16,23.91,24.97,26.38,27.44,28.09,27.97,28.09,27.88,27.75,27.66,27.53,27.34,27.22,27.00,26.69,26.69,26.59,26.47,26.47,26.47,26.38,26.30,26.30,26.16,25.94,26.06,25.84,26.16,25.62,25.72,25.84,25.62,25.72,25.53,25.62,25.41,25.31,25.09,25.31,24.97,25.31,25.19,25.09,25.19,25.09,25.09,24.88,24.97,24.97,24.97,25.31,24.97,24.97,24.97,24.97,24.97,24.88,24.97,24.78,24.56,24.56,24.12,24.12,23.81,23.81,23.91,23.91,23.81,23.59,23.81,23.59,23.47,23.16,22.48,21.95,20.89,20.33,19.88,19.44,19.05,18.38,17.05,14.70,12.81,12.06,11.58,11.70,11.27,11.27,11.36,11.36,11.27,11.48,11.36,11.70
11.70,11.80,11.80,11.80,11.80,11.92,12.14,12.06,11.80,11.80,11.80,11.58,12.38,11.92,11.80,12.14,12.06,12.14,12.50,12.38,12.28,12.38,12.14,12.06,12.14,11.27,11.27,11.12,11.12,11.36,11.27,11.12,11.36,11.27,11.36,11.70,11.70,11.80,12.14,12.14,12.06,12.06,11.70,11.70,11.92,12.72,12.38,12.72,12.72,12.72,12.94,13.03,13.17,13.95,15.50,18.47,21.73,22.84,23.59,23.81,23.91,23.69,24.03,24.03,24.22,24.22,24.56,24.44,24.44,24.56,24.78,24.78,24.97,24.97,25.09,25.19,25.31,25.62,25.41,25.72,25.62,26.06,25.94,25.94,26.38,26.38,26.81,26.91,27.22,27.44,27.44,27.53,27.88,28.09,28.09,28.19,28.72,28.72,29.03,29.16,29.34,29.64,29.64,29.56,29.16,28.72,27.53,25.84,24.88,24.12,23.81,23.81,23.69,23.81,24.44,24.97,25.19,25.94,26.06,26.06,26.38,26.06,25.84,25.41,25.09,24.66,24.97,25.31,25.41,25.31,24.97,24.97,24.56,24.34,24.22,24.12,24.12,23.91,24.12,24.03,24.12,24.22,23.91,23.69,23.06,22.84,22.27,22.09,21.95,21.52,21.95,22.17,21.95,22.27,21.88,21.95,21.95,22.09,22.17,22.70,23.38,23.69,24.88,26.30,27.34,28.09,28.28,28.19,27.88,27.66,27.66,27.53,27.44,26.91,27.22,26.69,26.69,26.81,26.59,26.47,26.30,26.30,26.06,26.06,26.16,26.16,25.94,25.84,25.84,25.41,25.62,25.62,25.53,25.62,25.31,25.19,25.19,24.97,25.31,24.97,25.19,25.19,24.97,24.88,25.19,25.19,25.31,25.09,24.97,25.09,24.88,24.97,25.19,25.09,25.09,25.09,24.78,24.97,24.88,24.66,24.56,24.44,24.34,24.12,24.03,24.03,23.91,23.91,24.03,23.59,23.38,23.59,23.23,23.06,22.48,21.73,20.89,20.23,19.88,19.34,18.83,18.25,16.48,14.05,12.59,12.06,11.27,11.36,11.27,11.36,11.36,11.27,11.36,11.36,11.36,11.58
12.06,11.80,12.28,12.06,12.06,12.50,11.80,11.80,11.92,11.70,11.92,11.80,12.06,11.58,11.80,12.06,12.06,12.38,12.38,12.59,12.14,12.38,12.38,12.38,11.92,11.36,11.27,11.36,11.27,11.05,11.36,11.27,11.48,11.05,11.48,11.36,11.36,11.70,11.58,11.80,11.70,12.06,12.06,11.58,12.28,12.28,12.06,12.06,12.14,12.81,12.59,12.72,13.25,14.27,15.50,18.59,21.73,23.06,23.59,23.91,23.81,24.03,24.03,24.34,24.12,24.03,24.56,24.56,24.56,24.44,24.88,24.78,24.97,24.88,25.31,24.97,25.31,25.19,25.62,25.62,25.84,25.84,26.30,26.30,26.16,26.38,26.69,26.81,27.12,27.22,27.34,27.53,27.75,27.88,28.28,28.50,28.62,28.94,29.25,29.34,29.47,29.78,29.64,29.78,29.78,29.03,28.09,26.47,25.31,24.44,24.12,24.12,24.03,24.44,24.78,25.19,26.06,26.30,26.47,26.91,26.91,26.81,26.69,26.47,26.38,25.84,25.72,25.94,26.16,25.94,25.41,25.53,25.41,24.97,24.97,24.78,24.88,24.66,24.88,24.88,24.88,24.56,24.66,24.22,24.12,23.69,23.59,23.47,23.06,22.84,22.62,22.62,22.48,22.41,22.09,22.17,21.95,22.27,22.48,22.70,23.16,23.91,24.97,26.06,27.34,28.19,28.19,28.28,28.09,27.97,27.53,27.75,27.44,27.34,27.00,26.81,26.59,26.47,26.47,26.47,26.30,26.30,26.06,25.84,26.06,26.06,25.94,25.84,25.84,25.62,25.53,25.41,25.19,25.53,25.19,25.31,25.19,25.19,25.19,24.97,24.97,24.78,25.09,24.78,24.97,25.09,25.09,24.97,24.97,24.88,25.19,24.88,24.88,24.88,24.78,24.97,24.66,24.97,24.97,24.56,24.66,24.44,24.22,24.22,24.22,24.03,23.91,23.91,23.91,23.59,23.59,23.38,23.16,22.84,22.27,21.52,21.08,20.02,19.80,19.34,18.59,17.94,15.81,13.47,12.50,11.92,11.36,11.12,10.91,10.91,11.05,11.27,11.12,11.12,11.27,12.06
11.80,12.06,12.14,12.14,12.14,11.92,12.28,12.38,12.06,12.06,11.80,12.14,12.06,11.80,11.80,12.38,12.38,12.59,12.28,12.38,12.38,12.50,12.28,12.06,11.80,11.80,11.58,11.27,11.36,11.05,11.36,11.36,11.48,11.58,11.36,11.36,11.36,11.36,11.12,11.80,11.80,12.06,12.06,12.28,12.50,12.38,12.06,12.14,12.06,12.38,12.81,12.81,13.25,14.27,15.50,18.83,22.09,23.06,23.59,23.69,24.12,24.03,24.34,24.12,24.12,24.44,24.56,24.78,24.78,24.66,24.78,24.88,25.19,25.19,25.19,25.19,25.31,25.62,25.62,25.72,25.84,26.06,26.06,26.06,26.47,26.47,26.69,27.00,27.12,27.22,27.66,27.53,27.88,27.97,28.19,28.81,28.72,29.03,29.34,29.47,29.64,29.64,30.09,29.88,30.00,29.34,28.41,27.12,25.94,25.09,24.56,24.56,24.56,24.56,25.31,25.53,26.30,26.69,26.91,27.44,27.53,27.53,27.75,27.22,27.00,26.47,26.59,26.59,26.59,26.69,26.47,26.06,26.06,25.94,25.41,25.53,25.53,25.41,25.31,25.41,25.41,25.62,25.19,25.19,24.66,24.56,24.88,24.56,24.34,23.81,23.38,23.38,23.23,22.70,22.48,22.48,22.48,22.41,22.41,23.06,23.59,23.91,24.97,26.38,27.34,28.19,28.50,28.41,28.28,28.19,27.75,27.53,27.44,27.44,26.91,26.91,26.69,26.81,26.59,26.38,26.38,26.06,26.06,26.06,25.94,25.72,25.94,25.94,25.62,25.41,25.41,25.62,25.19,25.41,25.19,24.97,25.09,25.19,24.97,24.88,24.88,24.97,25.09,24.97,24.97,25.31,25.09,24.97,24.97,25.19,25.19,24.97,24.97,24.97,25.09,24.88,24.88,24.97,25.19,25.09,24.56,24.56,24.44,24.44,24.22,23.91,24.12,24.12,23.91,23.59,23.38,23.38,23.06,22.62,22.17,21.73,21.08,20.11,19.88,19.58,19.05,17.80,15.81,13.47,12.38,11.92,11.48,11.12,11.12,11.12,10.83,10.91,11.12,11.58,11.58,11.80
12.06,11.80,12.38,12.14,12.38,12.14,12.38,12.14,11.92,12.06,12.06,12.38,11.48,11.80,12.28,12.38,12.28,12.06,12.72,12.38,12.50,12.38,12.06,12.06,11.80,11.80,11.48,11.36,11.48,11.27,11.48,11.48,11.36,11.36,11.70,11.36,11.36,11.58,11.05,11.36,11.80,11.58,11.80,12.14,12.28,12.06,12.06,12.06,12.06,12.28,12.50,12.94,12.81,14.05,15.59,18.38,21.95,23.06,23.47,23.81,23.69,23.69,24.12,23.91,24.03,24.12,24.56,24.56,24.56,24.88,24.56,24.88,24.88,25.31,25.19,25.19,25.53,25.62,25.72,25.72,25.84,25.94,26.30,26.16,26.38,26.47,26.81,27.00,27.22,27.22,27.53,28.09,27.75,28.19,28.41,28.72,28.72,29.16,29.34,29.34,29.78,30.09,30.17,30.00,29.88,29.56,29.03,28.09,26.81,25.62,25.19,24.88,24.88,25.19,25.53,25.84,26.47,27.12,27.12,27.44,27.75,27.97,27.88,27.66,27.44,27.22,27.00,26.91,27.00,26.81,26.47,26.47,26.47,26.30,25.94,26.30,25.94,26.06,25.94,25.94,25.94,25.94,25.94,25.84,25.41,25.62,25.53,25.31,24.97,24.78,24.44,24.03,23.69,23.38,22.70,22.62,22.70,22.70,22.70,23.16,23.81,24.03,25.62,26.59,27.44,28.19,28.50,28.50,28.28,27.97,27.75,27.75,27.53,27.22,27.00,27.12,26.81,26.59,26.81,26.30,25.84,26.38,26.30,25.84,25.84,25.94,25.84,25.62,25.31,25.53,25.19,25.09,25.31,25.31,24.97,24.88,24.88,24.97,24.88,24.97,24.78,24.97,24.97,24.88,25.19,24.97,24.88,25.09,25.09,24.97,24.88,25.31,24.97,25.09,25.09,24.97,24.88,24.88,24.88,24.78,24.56,24.22,24.44,24.44,24.44,24.03,23.91,24.03,23.81,23.69,23.59,23.47,22.70,22.48,22.17,21.30,20.55,20.11,19.58,19.12,18.47,17.58,15.06,13.17,12.38,11.58,11.05,11.12,10.91,10.91,10.83,11.12,11.05,11.58,11.80,11.80
12.14,11.80,11.80,12.28,12.14,12.28,12.14,12.14,12.28,12.28,12.06,12.06,11.70,11.80,12.06,12.14,12.28,12.14,11.92,12.50,12.28,12.06,11.80,11.80,12.06,11.80,11.92,11.36,11.27,11.36,11.27,11.27,11.48,11.36,11.58,11.27,11.48,11.36,11.36,11.70,11.58,11.80,11.80,12.06,12.06,12.14,11.80,11.70,12.06,12.50,12.50,12.59,13.03,13.73,15.38,18.47,21.66,22.70,23.38,23.69,23.59,23.91,23.91,23.91,24.03,24.22,24.34,24.34,24.44,24.56,24.88,24.78,24.97,25.19,25.19,25.31,25.31,25.72,25.84,25.72,25.84,25.94,26.06,26.47,26.47,26.47,26.59,26.91,27.22,27.12,27.34,27.88,28.09,27.97,28.72,28.81,28.72,29.16,29.34,29.64,29.88,30.00,30.17,30.09,30.09,29.88,29.34,28.62,27.66,26.59,25.94,25.62,25.62,25.84,26.16,26.16,26.38,27.22,27.53,27.88,28.09,28.09,28.19,27.97,27.66,27.44,27.34,27.22,27.34,27.12,26.81,26.81,26.59,26.81,26.38,26.69,26.38,26.30,26.30,26.30,26.30,26.06,26.06,26.06,25.94,26.06,25.84,25.94,25.84,25.41,25.19,24.66,24.22,23.69,23.06,22.84,22.94,22.94,23.16,23.23,23.69,24.34,25.53,26.81,27.75,28.19,28.62,28.50,28.19,27.66,27.97,27.66,27.44,27.34,27.12,26.81,26.59,26.59,26.59,26.38,26.16,26.06,25.94,25.84,25.84,25.84,25.31,25.41,25.53,25.09,25.31,25.31,25.09,25.09,24.88,24.88,24.97,24.88,24.97,24.88,24.66,24.88,24.88,24.78,24.88,24.78,25.19,24.88,24.78,24.78,25.19,25.19,24.78,24.97,24.97,24.97,24.97,24.88,25.19,24.56,24.56,24.56,24.34,24.34,24.34,24.03,24.03,24.03,23.91,23.38,23.59,23.38,22.84,22.17,22.09,21.20,20.77,20.02,19.44,19.22,18.59,17.50,14.48,12.81,12.38,11.58,11.05,10.69,10.83,10.47,10.83,11.05,11.70,11.80,11.70,11.58
11.80,11.80,11.80,11.92,11.70,12.06,12.06,12.14,11.92,11.80,12.06,11.92,11.70,11.92,12.06,12.50,12.38,12.50,12.50,12.38,12.50,11.92,12.06,11.80,11.80,11.80,11.70,11.80,11.36,11.48,11.36,11.36,11.58,11.27,11.36,11.12,11.58,11.36,11.36,11.58,11.70,11.58,11.80,11.92,11.92,11.80,11.80,11.92,11.80,12.14,12.06,12.59,466.03,12.94,13.83,14.94,17.94,21.66,22.48,23.23,23.69,23.69,23.69,24.03,23.91,24.22,24.12,24.56,24.66,24.66,24.56,24.88,24.97,25.19,25.31,25.19,25.19,25.31,25.41,25.41,25.72,25.53,25.94,26.16,26.06,26.38,26.47,26.91,27.12,27.12,27.34,27.44,27.88,27.97,28.41,28.50,28.81,28.94,29.16,29.47,29.78,29.88,30.00,30.31,30.09,30.17,30.09,30.00,29.56,28.72,27.66,27.00,26.47,26.47,26.30,26.59,27.00,27.22,27.75,27.88,28.19,28.50,28.50,28.41,28.19,27.88,27.66,27.22,27.34,27.00,27.12,26.81,27.22,26.91,26.91,26.81,26.69,26.81,26.69,26.47,26.47,26.47,26.47,26.47,26.59,26.38,26.38,26.47,26.47,26.06,25.84,25.62,24.97,24.78,24.12,23.47,23.38,23.23,23.16,23.38,23.59,24.12,24.78,25.84,27.12,27.97,28.41,28.62,28.50,28.41,28.19,28.09,27.75,27.53,27.44,27.34,26.81,26.91,26.59,26.81,26.30,26.16,25.94,25.72,25.84,25.84,26.06,25.53,25.62,25.31,25.41,24.97,25.19,24.97,24.88,24.88,24.78,24.88,24.78,24.44,24.56,24.56,24.44,24.78,24.56,24.66,24.78,24.78,24.88,24.97,24.66,24.88,24.97,24.97,24.78,25.09,24.97,24.88,24.88,24.88,24.88,24.66,24.56,24.34,24.22,24.56,24.03,24.12,24.12,23.81,23.59,23.59,23.38,22.48,22.41,21.73,21.08,20.77,19.80,19.44,19.44,18.47,17.05,14.27,12.59,11.92,11.36,10.91,10.83,11.05,10.91,11.36,11.58,12.06,11.48,11.58
11.80,11.70,11.92,11.70,11.80,12.06,11.80,12.06,12.06,12.06,11.80,12.14,12.28,11.80,11.80,12.14,12.38,12.06,12.28,12.06,12.28,11.92,11.80,12.06,12.06,11.80,11.80,11.70,11.70,11.58,11.58,11.36,11.58,11.36,11.70,11.48,11.36,11.36,11.36,11.48,11.70,11.58,11.58,11.80,11.80,11.70,11.80,11.58,12.06,11.80,12.06,12.28,12.59,12.94,13.39,15.16,18.25,21.42,22.70,23.23,23.81,23.81,24.03,24.03,24.12,24.12,24.22,24.44,24.44,24.56,24.66,24.66,24.88,25.19,25.31,25.31,25.09,25.31,25.62,25.84,25.72,26.06,25.94,26.16,26.30,26.30,26.59,26.81,26.91,27.44,27.34,27.75,27.66,28.19,28.41,28.41,28.72,29.16,29.56,29.47,29.88,30.00,30.17,30.17,30.17,30.31,30.09,30.00,29.78,29.56,28.94,28.09,27.66,27.34,27.34,27.34,27.53,27.88,28.09,28.28,28.41,28.50,28.50,28.62,28.19,27.97,27.53,27.22,27.22,27.34,27.44,27.22,27.34,27.22,27.12,27.12,27.12,26.91,26.81,26.59,26.59,26.69,26.47,26.81,26.81,26.59,26.59,26.47,26.38,26.59,26.06,25.84,25.31,24.66,24.22,23.91,23.59,23.23,23.23,23.59,23.81,24.44,25.31,26.47,27.53,28.41,28.72,28.94,28.62,28.62,28.41,28.09,27.97,27.66,27.22,27.22,26.81,26.81,26.47,26.59,26.38,26.30,26.06,25.84,25.84,25.72,25.62,25.41,25.62,25.53,25.19,24.97,24.97,24.88,24.97,24.97,24.78,24.66,24.56,24.44,24.66,24.78,24.56,24.88,24.44,24.44,24.78,24.88,24.78,24.97,24.88,24.97,25.09,24.78,24.97,25.19,25.19,24.97,24.78,24.78,24.97,24.56,24.66,24.44,24.56,24.22,24.22,23.81,24.22,24.12,23.59,23.38,23.06,22.70,22.09,21.66,21.08,20.55,20.02,19.44,18.83,18.38,17.05,14.41,12.59,11.80,11.36,11.27,10.83,10.83,11.36,11.36,11.92,11.92,11.80,11.70
11.58,11.48,11.58,11.70,11.80,11.80,11.92,11.80,11.80,11.70,11.80,11.48,12.14,12.06,12.28,12.38,12.50,12.06,12.50,12.59,12.06,12.06,12.06,12.14,12.06,11.80,12.14,12.06,12.06,11.58,11.70,11.48,11.36,11.58,11.58,11.70,11.58,11.58,11.36,11.80,11.58,11.80,11.70,11.92,11.80,11.80,11.80,11.58,11.70,11.92,12.06,12.28,12.81,12.72,13.39,15.06,18.03,21.30,22.62,23.23,23.59,23.81,23.91,24.12,24.12,23.91,24.34,24.56,24.56,24.88,24.97,24.56,24.97,24.97,25.31,25.53,25.19,25.53,25.62,25.84,25.62,25.84,26.16,26.30,26.47,26.59,26.47,26.81,27.00,27.34,27.53,27.75,27.97,28.09,28.50,28.62,29.03,29.16,29.34,29.47,29.88,30.31,30.17,30.17,30.17,30.31,30.17,30.09,30.09,30.00,29.56,29.16,28.81,28.62,28.41,28.19,28.50,28.50,28.72,28.72,28.50,28.72,28.62,28.09,28.09,27.66,27.75,27.34,27.53,27.53,27.44,27.34,27.75,27.53,27.44,27.44,27.66,27.22,27.22,26.91,26.81,26.81,26.91,26.91,27.00,27.00,27.00,26.91,27.00,26.69,26.38,26.16,25.62,25.31,24.66,24.22,24.22,23.91,23.91,24.34,24.34,25.09,25.84,26.91,27.97,28.72,29.16,29.03,28.81,28.72,28.62,28.19,27.97,27.53,27.66,27.34,26.91,26.81,26.91,26.47,26.47,26.06,26.30,25.84,25.72,25.53,25.19,25.62,25.41,25.31,25.41,25.19,25.31,24.97,24.97,24.97,24.88,24.88,24.88,24.44,24.56,24.66,24.66,24.44,24.44,24.56,24.56,24.88,24.78,24.88,24.88,24.97,25.09,24.97,24.97,25.19,25.31,25.19,24.97,25.19,24.97,24.78,24.66,24.34,24.56,24.66,24.34,24.66,24.12,24.03,23.59,23.38,23.16,22.70,22.09,21.52,21.08,20.55,20.02,19.44,19.05,18.38,16.61,13.95,12.72,11.80,11.58,11.36,11.36,11.70,11.58,11.80,11.80,11.92,11.70,11.58
11.80,11.80,11.80,12.06,11.70,11.70,11.36,11.70,11.80,11.70,11.58,11.70,11.70,12.50,12.28,12.59,12.38,12.50,12.50,12.06,12.06,11.92,11.80,12.06,11.92,12.38,12.14,12.06,12.14,12.06,11.80,11.80,11.48,11.48,11.36,11.36,11.70,11.58,11.70,11.48,11.58,11.80,11.58,12.06,11.80,11.70,11.70,11.58,11.36,11.36,11.80,12.06,12.94,12.72,13.25,15.06,17.80,21.30,22.48,23.16,23.91,23.59,24.03,24.03,24.03,24.22,24.34,24.34,24.56,24.78,24.97,24.88,25.19,25.09,25.19,25.41,25.31,25.53,25.62,25.72,25.62,26.06,25.84,26.06,26.47,26.38,26.47,26.81,27.22,27.44,27.53,27.75,27.88,28.28,28.41,28.62,29.16,29.03,29.25,29.64,29.78,30.00,30.09,30.53,30.17,30.31,30.00,30.09,30.31,30.00,30.17,29.64,29.56,29.34,29.16,29.16,29.34,29.03,29.03,29.03,28.62,28.94,28.62,28.28,28.09,28.09,27.66,27.66,27.53,27.66,27.66,27.66,27.53,27.75,27.66,27.53,27.66,27.22,27.12,27.22,27.00,26.81,27.00,26.91,26.91,27.00,27.22,26.91,27.00,26.59,26.81,26.38,25.84,25.41,24.97,24.66,24.56,24.22,24.56,24.78,24.97,25.72,26.59,27.66,28.62,28.81,29.16,29.16,29.03,28.72,28.50,28.50,28.28,27.66,27.53,27.44,27.12,26.91,26.59,26.47,26.47,26.30,25.84,25.94,25.84,25.62,25.53,25.53,25.41,25.19,25.19,25.09,24.97,24.88,24.97,24.78,24.34,24.78,24.56,24.56,24.56,24.44,24.97,24.78,24.56,24.78,24.66,24.78,24.56,24.88,24.88,24.78,24.88,24.88,25.19,24.97,25.19,24.97,24.97,25.31,24.88,24.97,24.78,24.66,24.56,24.34,24.12,24.34,24.34,24.03,23.81,23.59,23.16,22.62,21.73,21.52,20.98,20.23,20.02,19.66,18.83,17.94,16.17,13.83,12.38,12.06,11.58,11.58,11.58,11.36,11.70,11.80,11.92,11.80,11.70,11.58
11.58,11.70,12.06,11.80,11.80,11.58,11.36,11.70,11.70,11.58,11.70,11.80,11.80,12.38,12.06,12.38,12.72,12.59,12.50,12.14,12.14,11.58,11.92,12.14,11.92,12.06,12.14,12.06,11.92,11.70,11.58,11.58,11.36,11.27,11.27,11.36,11.36,11.36,11.36,11.58,11.80,11.70,11.92,12.06,11.80,11.58,12.06,11.58,11.48,11.36,11.48,12.14,12.50,12.59,13.73,15.16,18.03,21.52,22.84,23.16,23.47,23.47,23.81,23.91,24.22,24.22,24.34,24.34,24.22,24.56,24.66,24.88,24.97,25.31,25.19,25.53,25.41,25.31,25.72,25.84,25.84,25.94,26.30,26.16,26.38,26.81,26.69,26.81,27.22,27.34,27.66,27.75,27.88,28.41,28.41,28.94,29.03,29.16,29.47,29.78,30.00,30.00,30.09,30.17,30.00,30.00,30.09,30.17,30.00,30.00,29.88,29.78,29.78,29.64,29.56,29.34,29.16,29.03,29.03,29.03,28.72,28.62,28.41,27.97,27.75,27.75,27.75,27.75,27.66,27.66,27.88,27.97,27.75,28.09,28.19,27.97,27.75,27.53,27.34,27.22,27.00,26.91,27.00,27.12,27.22,27.12,27.34,27.22,26.91,27.12,26.81,26.81,26.16,25.84,25.62,25.31,24.97,24.97,24.97,25.72,25.84,26.47,27.34,28.19,28.94,29.03,29.03,29.16,29.16,28.72,28.41,28.28,28.19,27.97,27.75,27.34,27.12,26.81,26.59,26.59,26.47,26.06,26.30,25.94,25.62,25.62,25.62,25.31,25.31,25.19,24.97,25.09,24.78,24.78,24.56,24.56,24.44,24.66,24.56,24.56,24.56,24.44,24.56,24.12,24.56,24.22,24.78,24.66,24.66,24.56,24.88,24.97,24.78,24.88,25.19,25.41,25.53,25.09,24.97,25.09,25.19,24.88,24.78,24.44,24.56,24.34,24.12,24.12,24.34,24.03,23.91,23.47,23.16,22.41,21.73,21.20,20.89,20.45,19.80,19.66,18.91,18.25,16.03,13.73,12.50,12.06,11.80,11.80,11.80,11.36,11.92,11.70,11.70,11.70,11.92,11.70
11.58,11.58,11.92,11.58,11.48,11.36,11.48,11.80,11.36,11.70,11.36,11.70,11.48,12.59,12.28,12.28,12.38,12.38,12.38,12.14,11.58,11.70,11.80,12.06,11.80,12.06,12.06,12.06,12.28,11.48,11.58,11.80,11.58,11.36,11.36,11.36,11.05,11.36,11.12,11.70,11.58,11.80,12.06,12.06,11.80,11.92,11.92,11.80,11.80,12.06,11.80,12.06,12.81,13.17,13.83,15.59,18.38,21.08,22.62,23.38,23.59,23.59,23.81,24.03,24.12,24.12,24.44,24.56,24.56,24.88,24.88,24.88,24.97,25.31,25.19,25.41,25.41,25.62,25.84,25.84,25.94,26.06,26.16,26.30,26.38,26.59,26.69,26.81,27.12,27.12,27.66,27.75,28.09,28.09,28.41,28.72,29.16,29.34,29.56,29.88,30.00,29.88,30.00,30.00,30.09,30.09,30.09,29.88,30.00,29.78,29.78,29.78,29.78,29.34,29.56,29.47,29.25,29.16,29.03,28.94,28.72,28.41,28.19,28.19,27.75,27.75,28.09,27.75,27.75,27.97,27.97,28.09,28.41,28.50,28.41,27.97,27.97,27.75,27.53,27.34,27.22,27.34,27.22,27.22,27.12,27.22,27.44,27.34,27.34,27.22,27.00,26.91,26.81,26.47,26.16,25.94,25.84,25.62,25.84,26.30,26.69,27.44,28.28,28.72,29.03,29.16,29.34,29.16,28.94,28.94,28.62,28.50,28.09,28.09,27.53,27.53,27.00,26.81,26.59,26.69,26.38,25.94,25.94,25.94,25.84,25.72,25.62,25.41,25.41,24.88,24.97,24.88,24.66,24.78,24.88,24.88,24.56,24.34,24.34,24.12,24.44,24.34,24.66,24.22,24.34,24.56,24.78,24.56,24.44,24.56,24.44,24.66,24.97,24.97,24.97,25.41,25.31,25.19,25.41,25.19,25.09,24.97,24.78,24.88,24.56,24.34,24.34,24.34,24.12,24.12,23.81,23.47,23.06,22.41,21.52,21.20,20.55,20.45,19.66,19.22,18.69,17.80,15.73,13.73,12.59,12.14,11.80,11.92,11.80,11.92,11.80,11.58,11.92,11.70,11.80,11.58
11.70,11.58,11.36,11.36,11.58,11.48,11.36,11.36,11.70,11.36,11.48,11.70,11.70,12.28,12.38,12.38,12.14,12.59,11.80,11.92,11.80,11.70,11.70,12.14,12.06,11.92,12.06,12.06,12.28,11.70,11.58,12.06,11.80,11.48,11.80,11.48,11.12,11.27,11.27,11.36,11.58,11.70,12.06,11.70,11.92,12.06,12.06,11.80,12.06,11.70,12.06,12.28,12.72,12.94,13.95,15.38,18.38,21.66,22.48,23.06,23.59,23.47,23.81,23.69,24.03,24.12,24.56,24.56,24.56,24.88,24.97,25.19,25.09,25.09,25.19,25.41,25.62,25.62,25.62,26.06,26.06,26.06,26.30,26.59,26.47,26.59,26.69,27.00,27.22,27.53,27.44,27.97,28.19,28.28,28.50,28.72,29.03,29.34,29.56,29.88,29.78,30.00,29.88,30.00,29.78,29.88,29.88,30.00,29.64,30.00,29.64,29.47,29.34,29.34,29.34,29.16,29.03,29.03,28.72,28.72,28.41,28.28,28.19,28.09,28.09,27.66,27.75,27.97,27.97,28.19,28.19,28.09,28.41,28.62,28.28,28.09,28.09,27.66,27.53,27.44,27.53,27.00,27.22,27.53,27.44,27.66,27.66,27.66,27.34,27.53,27.12,27.12,27.12,26.91,26.91,26.81,26.47,26.69,26.81,27.22,27.88,28.09,28.50,29.03,29.25,29.16,29.34,29.03,29.16,29.03,28.81,28.41,28.19,27.88,27.75,27.44,27.00,26.91,26.59,26.59,26.69,26.30,26.30,25.84,25.31,25.62,25.31,25.41,25.53,25.19,24.78,24.78,24.66,24.56,24.78,24.78,24.56,24.22,24.56,24.34,24.44,24.56,24.44,24.56,24.22,24.44,24.56,24.44,24.66,24.56,24.56,24.78,24.88,25.09,25.31,25.31,25.84,25.31,25.31,25.41,25.09,24.78,24.97,24.56,24.34,24.44,24.22,24.56,24.44,23.69,23.91,23.59,23.06,22.17,21.52,20.98,20.67,20.23,19.58,19.12,18.59,17.50,15.28,13.25,12.94,12.38,11.92,11.80,11.70,11.58,11.58,11.80,11.70,11.92,11.58,11.48
11.36,11.80,11.36,11.48,11.58,11.27,11.48,11.58,11.58,11.48,11.12,11.80,11.58,12.50,12.28,12.50,12.14,12.06,12.28,11.80,11.70,11.70,11.58,12.14,12.28,12.14,12.28,12.28,11.80,11.92,11.58,11.70,11.70,11.58,11.70,11.36,11.27,11.70,10.91,11.27,11.36,11.80,12.06,11.58,11.70,12.28,11.80,11.70,11.80,11.92,12.50,12.38,12.81,12.94,13.73,15.50,18.47,21.73,22.62,23.06,23.81,23.59,23.69,24.03,24.03,24.03,24.34,24.44,24.66,24.78,24.56,24.88,24.97,25.09,25.41,25.41,25.31,25.84,25.94,26.06,26.06,26.30,26.16,26.47,26.59,26.59,26.81,26.91,27.12,27.44,27.66,27.88,28.28,28.62,28.62,28.94,29.16,29.25,29.47,29.64,29.64,29.78,29.78,29.88,30.00,29.64,29.64,29.56,29.64,29.56,29.47,29.56,29.25,29.25,29.16,29.16,29.03,28.94,28.81,28.62,28.19,28.50,28.41,28.19,27.88,28.09,27.88,27.75,28.19,28.19,28.19,28.41,28.72,28.72,28.50,28.50,28.19,28.09,27.75,27.44,27.44,27.44,27.44,27.44,27.53,27.53,27.34,27.34,27.34,27.53,27.75,27.53,27.44,27.44,27.53,27.44,27.53,27.44,27.75,27.97,28.28,28.72,28.72,29.03,29.03,29.03,29.16,29.16,28.94,28.81,28.72,28.62,28.41,27.88,27.66,27.66,27.00,26.81,26.81,26.69,26.30,26.38,26.06,25.94,25.62,25.53,25.41,25.19,24.97,25.19,24.88,24.66,24.56,24.66,24.78,24.44,24.34,24.56,24.44,24.44,24.44,24.56,24.44,24.44,24.12,24.34,24.22,24.44,24.34,24.56,24.56,24.56,24.88,24.88,25.19,25.41,25.62,25.19,25.31,25.53,25.31,24.97,24.78,24.78,24.44,24.44,24.12,24.34,24.03,23.91,23.81,23.59,22.70,22.09,21.30,21.08,20.45,19.88,19.34,19.34,18.38,17.14,14.70,13.17,12.81,12.50,11.58,11.70,11.92,11.70,11.36,11.70,11.70,11.70,11.80,11.48
11.36,11.58,11.36,11.48,11.48,11.48,11.27,11.36,11.48,11.36,11.36,11.48,11.27,12.38,12.38,12.38,12.28,12.14,11.80,11.70,11.80,11.80,11.80,12.14,12.38,12.06,12.06,12.28,11.80,11.80,11.58,11.70,11.70,11.48,11.58,11.80,11.48,11.58,11.80,11.80,11.58,11.80,11.92,11.58,11.80,11.80,11.80,11.80,12.28,12.38,12.50,12.72,12.94,13.03,13.95,15.38,18.59,21.42,22.41,23.06,23.59,23.59,23.69,23.81,24.12,24.22,24.44,24.34,24.56,24.66,24.88,24.97,24.88,25.19,25.19,25.53,25.53,25.84,26.06,25.94,26.06,26.30,26.38,26.38,26.59,26.81,26.81,27.12,27.44,27.75,27.53,27.88,28.19,28.19,28.72,28.94,29.25,29.25,29.34,29.34,29.64,29.78,29.78,29.64,29.78,29.64,29.34,29.56,29.56,29.47,29.56,29.25,29.25,29.03,29.03,29.03,28.94,28.94,28.62,28.50,28.28,28.62,28.09,28.09,28.19,28.19,27.88,28.19,28.09,28.41,28.81,28.72,28.72,29.03,28.81,28.62,28.41,28.09,28.09,27.66,27.66,27.75,27.75,27.66,27.44,27.53,27.66,27.53,27.75,27.66,27.97,27.88,28.09,28.09,28.09,28.09,27.97,28.09,28.19,28.50,28.62,28.72,28.94,28.72,28.94,29.03,29.03,29.03,29.03,28.62,28.50,28.50,28.41,27.97,27.53,27.34,27.22,26.81,26.81,26.59,26.30,26.06,26.06,25.94,25.62,25.53,25.31,25.19,25.19,24.97,24.97,24.78,24.56,24.66,24.66,24.56,24.34,24.34,24.34,24.12,24.34,24.22,24.44,24.22,24.34,24.44,24.34,24.44,24.44,24.56,24.56,24.56,24.88,25.19,25.19,25.41,25.53,25.31,25.31,25.31,25.09,25.31,24.88,24.56,24.44,24.34,24.56,24.34,24.44,24.03,23.81,23.38,22.70,22.09,21.42,20.89,20.33,19.88,19.34,19.22,18.59,16.92,14.41,13.17,12.59,12.28,11.92,11.58,11.80,11.58,11.70,11.70,11.48,11.48,11.58,11.36
11.36,11.36,11.48,11.36,11.48,11.48,11.36,11.36,11.36,11.27,11.36,11.36,11.27,12.50,12.38,12.50,12.50,12.38,11.80,11.80,11.80,11.80,11.80,11.80,12.06,12.06,12.06,12.14,12.06,11.70,12.06,12.14,12.06,11.80,12.14,11.80,11.80,12.14,12.06,12.06,11.92,12.06,12.38,11.92,12.38,12.38,12.28,12.06,12.28,12.38,12.50,12.72,12.38,13.17,14.19,16.03,19.05,21.73,22.70,23.16,23.38,23.59,23.69,23.69,24.03,24.34,24.22,24.56,24.66,24.78,24.97,25.19,25.09,25.19,25.19,25.53,25.62,25.84,26.16,26.06,26.16,26.38,26.30,26.47,26.59,26.69,27.00,27.12,27.34,27.66,27.66,28.19,28.28,28.72,28.72,28.94,29.25,29.47,29.56,29.56,29.78,29.47,29.56,29.56,29.34,29.56,29.34,29.56,29.25,29.16,29.25,29.25,29.16,29.16,29.03,28.94,28.94,28.72,28.72,28.50,28.28,28.28,28.19,28.09,27.97,27.97,28.09,28.19,28.28,28.41,28.62,28.72,29.03,29.16,29.03,28.72,28.50,28.19,28.09,27.66,27.75,27.53,27.75,27.75,27.75,27.66,27.75,27.53,27.88,27.66,27.97,27.75,28.09,28.09,28.19,28.09,28.50,28.28,28.62,28.62,28.81,28.72,28.81,28.81,28.94,29.16,29.16,29.03,28.94,28.94,28.62,28.28,28.28,27.97,27.66,27.53,27.12,26.91,26.81,26.47,26.47,26.30,26.16,25.94,25.84,25.84,25.53,25.09,25.31,24.97,24.88,24.66,24.66,24.56,24.78,24.66,24.44,24.22,24.44,24.12,24.34,24.12,24.34,24.44,24.34,24.34,24.34,24.34,24.34,24.22,24.44,24.88,24.88,24.88,25.31,25.41,25.41,25.41,25.41,25.31,25.19,25.09,24.97,24.66,24.34,24.22,24.44,24.44,24.12,24.12,23.91,23.59,23.06,21.88,21.30,20.77,20.45,20.02,19.34,19.12,18.25,16.48,14.27,13.25,12.59,12.38,11.80,11.58,11.70,11.48,11.80,11.48,11.70,11.36,11.48,11.36
11.58,11.36,11.36,11.36,11.36,11.36,11.36,11.27,11.36,11.36,11.36,11.36,11.36,12.38,12.38,12.28,12.06,11.80,466.03,12.06,12.14,11.80,11.80,12.06,12.06,11.92,12.28,11.80,11.92,12.06,11.80,12.06,11.92,12.28,11.92,12.06,12.06,12.28,12.06,12.06,12.28,11.80,12.38,12.06,12.38,12.50,12.50,12.38,12.59,12.38,12.81,12.72,13.03,13.17,13.17,14.27,17.05,19.88,21.95,22.48,23.06,23.16,23.59,23.59,23.69,24.03,24.12,24.12,24.56,24.44,24.88,24.56,24.97,25.19,25.19,25.53,25.62,25.53,25.72,26.06,26.06,25.94,26.06,26.30,26.47,26.47,26.81,27.00,27.22,27.53,27.75,28.09,28.09,28.28,28.72,28.81,29.16,29.34,29.25,29.34,29.34,29.64,29.47,29.64,29.47,29.47,29.16,29.25,29.34,29.16,29.03,29.16,29.16,29.16,28.94,28.94,28.81,29.16,28.50,28.62,28.50,28.19,28.09,27.75,28.09,27.66,27.75,27.88,27.97,27.97,28.28,28.62,28.72,29.03,29.03,29.16,28.81,28.50,28.19,27.97,27.88,27.53,27.22,27.34,27.88,27.66,27.53,27.44,27.66,27.75,27.66,27.97,27.88,28.09,27.97,28.28,28.19,28.41,28.62,28.62,28.72,28.72,28.72,28.72,28.72,28.94,28.62,28.94,28.94,29.03,28.72,28.50,28.41,28.19,27.75,27.75,27.34,27.00,26.81,26.81,26.59,26.38,26.06,26.06,25.84,25.41,25.62,25.62,25.09,25.19,24.88,24.78,24.88,24.66,24.56,24.34,24.56,24.12,24.03,24.44,24.22,24.22,24.34,24.44,24.22,24.44,24.34,24.34,24.12,24.34,24.56,24.44,24.56,24.66,24.97,25.09,25.41,25.53,25.53,25.62,25.41,25.31,25.19,24.97,24.88,24.56,24.56,24.44,24.22,24.44,24.03,23.69,23.23,22.48,21.73,21.08,20.77,20.67,19.80,19.22,19.12,18.16,16.25,14.41,13.25,12.38,12.38,11.80,11.48,11.80,11.80,11.70,11.48,11.70,11.48,11.58
11.36,11.70,11.70,11.70,11.80,11.36,11.48,11.27,11.27,11.27,11.27,11.12,11.58,11.48,12.38,12.28,12.14,12.38,12.38,11.80,11.92,12.06,12.14,12.28,11.92,12.14,12.06,12.06,11.92,12.06,11.92,12.06,12.06,12.28,11.92,12.06,12.38,12.14,12.38,12.14,12.14,12.50,12.28,12.38,12.38,12.38,12.50,12.81,12.50,12.72,12.59,12.81,13.03,13.39,13.83,15.06,17.94,20.55,21.95,22.62,23.06,23.38,23.59,23.59,23.69,23.69,24.12,24.22,24.56,24.88,24.56,24.88,24.97,25.19,25.31,25.41,25.84,25.62,25.72,25.84,26.06,26.30,26.47,26.59,26.59,26.81,27.00,27.00,27.34,27.53,27.75,28.09,28.09,28.09,28.81,28.72,29.03,29.25,29.16,29.56,29.64,29.56,29.56,29.47,29.34,29.56,29.16,29.25,29.34,29.16,29.03,29.16,29.03,29.16,29.16,28.72,28.94,28.72,28.62,28.72,28.41,28.19,27.97,27.75,28.09,27.75,27.75,27.66,27.75,28.09,28.19,28.62,28.72,29.03,29.16,29.16,28.50,28.62,28.09,27.66,27.75,27.44,27.34,27.53,27.53,27.66,27.75,27.66,27.75,27.88,27.75,27.88,27.97,27.97,28.09,28.19,28.19,28.41,28.50,28.62,28.41,28.62,28.62,28.50,28.72,28.81,28.72,28.72,28.72,28.94,28.62,28.62,28.41,28.09,27.97,27.75,27.44,27.12,26.91,26.69,26.47,26.47,26.06,26.06,25.84,25.72,25.62,25.53,25.41,25.09,25.19,24.78,24.66,24.66,24.44,24.66,24.34,24.44,24.22,24.34,24.12,24.34,24.22,24.34,24.12,24.03,24.34,24.22,24.12,24.03,24.56,24.56,24.56,24.78,24.88,25.19,25.31,25.41,25.53,25.62,25.41,25.41,25.19,24.78,24.78,24.56,24.56,24.34,24.78,24.44,24.03,23.91,23.38,22.48,21.73,21.42,20.89,20.45,20.11,19.58,19.12,17.80,15.81,14.05,13.39,12.50,12.50,11.80,11.80,11.80,11.70,11.70,11.80,11.58,12.06,12.06
11.92,11.80,11.80,11.48,11.80,11.70,11.36,11.27,11.36,11.70,11.36,11.58,11.36,11.36,12.28,12.38,12.14,12.06,12.06,12.28,12.06,11.92,12.28,12.06,12.28,11.92,11.80,12.06,12.14,12.28,12.14,11.80,12.38,12.28,12.38,12.38,12.38,12.28,12.50,12.50,12.28,12.38,12.50,12.38,12.72,13.03,12.72,12.72,12.94,12.59,13.03,12.94,13.17,13.39,14.19,16.03,18.91,20.55,22.17,23.06,23.06,23.47,23.16,23.59,23.81,24.03,24.22,24.22,24.56,24.66,24.78,24.88,24.88,25.19,25.41,25.53,25.84,25.72,26.06,26.16,26.30,26.30,26.30,26.30,26.91,26.91,27.00,27.12,27.22,27.75,27.75,27.97,28.19,28.50,28.72,28.94,29.34,29.16,29.34,29.47,29.56,29.56,29.56,29.56,29.56,29.34,29.34,29.34,29.34,29.16,29.16,29.34,29.16,29.03,29.16,28.72,29.03,28.62,28.62,28.41,28.19,27.97,27.88,27.75,27.53,27.44,27.66,27.53,27.88,28.09,28.19,28.41,28.50,28.81,28.94,28.62,28.50,28.09,27.88,27.66,27.66,27.44,27.44,27.44,27.44,27.66,27.66,27.75,27.97,27.97,27.97,27.97,28.09,28.09,28.28,28.28,28.09,28.41,28.28,28.09,28.62,28.50,28.50,28.41,28.62,28.94,28.72,28.62,28.72,28.50,28.50,28.28,28.19,28.19,27.97,27.75,27.44,27.22,26.91,26.59,26.81,26.38,26.06,26.06,25.84,25.62,25.53,25.41,25.31,25.09,24.88,24.78,24.56,24.44,24.34,24.56,24.44,24.22,24.22,24.22,24.12,24.22,24.12,24.12,24.22,24.03,24.44,24.12,24.12,24.44,24.34,24.56,24.56,25.09,24.88,25.19,25.31,25.84,25.41,25.72,25.53,25.31,25.19,24.97,24.88,24.56,24.34,24.44,24.56,24.56,24.44,23.69,23.16,22.48,21.66,21.20,20.55,20.23,20.02,19.05,18.91,17.80,15.16,14.27,13.25,12.81,12.28,12.28,12.06,12.38,12.38,12.38,12.28,12.28,12.38,12.14
11.80,12.06,12.14,11.80,11.92,11.92,12.06,11.92,11.70,11.80,12.06,11.80,11.58,11.58,12.28,12.06,12.50,11.92,12.06,11.92,11.92,11.80,12.28,11.80,12.06,11.80,11.92,12.06,11.92,11.92,12.14,12.28,12.06,12.14,12.14,12.38,12.38,12.06,12.14,12.38,12.06,12.59,12.50,12.59,12.50,12.72,12.59,12.72,12.59,12.50,13.17,12.72,13.03,13.73,14.27,15.95,18.83,20.67,21.95,22.48,22.84,23.38,23.23,23.59,23.81,24.03,24.22,24.22,24.44,24.34,24.78,24.88,24.97,25.19,25.41,25.62,25.72,25.84,26.06,26.30,26.38,26.06,26.59,26.59,26.81,26.81,27.22,27.00,27.34,27.53,27.75,28.09,28.50,28.72,28.62,28.94,29.03,29.16,29.25,29.47,29.56,29.47,29.34,29.56,29.56,29.34,29.16,29.16,29.25,29.16,29.16,29.16,29.03,29.16,29.03,28.94,28.62,28.62,28.50,28.41,28.09,28.09,27.97,27.66,27.53,27.66,27.22,27.53,27.66,27.75,28.09,27.75,28.09,28.09,28.19,28.19,27.75,27.66,27.66,27.22,27.53,27.22,27.12,27.22,27.34,27.22,27.44,27.97,27.66,27.97,27.75,27.97,27.97,28.09,28.09,28.28,27.97,28.19,28.19,28.19,28.62,28.41,28.41,28.41,28.50,28.62,28.81,28.72,28.62,28.62,28.50,28.50,28.28,28.19,27.75,27.53,27.34,27.22,27.00,26.69,26.59,26.47,26.30,25.94,25.84,25.62,25.62,25.41,25.31,24.88,25.09,24.88,24.66,24.56,24.34,24.44,24.44,24.22,24.12,24.22,24.03,24.22,24.03,24.12,24.03,24.22,24.03,24.34,24.03,24.34,24.44,24.34,24.56,24.66,24.97,24.97,25.62,25.72,25.41,25.62,25.53,25.31,25.19,24.88,24.88,24.66,24.66,24.44,24.44,24.56,24.34,24.03,23.16,22.41,21.88,21.30,20.55,20.33,19.88,19.12,18.47,17.28,15.16,13.73,13.39,12.50,12.59,12.50,12.50,12.59,12.38,12.59,12.38,12.72,12.50,12.72
12.28,12.50,12.50,12.81,12.59,12.50,12.59,12.59,12.59,12.38,12.50,12.38,12.59,12.59,12.38,12.50,12.06,12.14,12.14,12.06,12.06,11.80,12.50,12.14,12.06,12.28,11.80,11.80,12.14,12.06,12.14,12.28,12.06,12.38,12.38,12.72,12.59,12.50,12.59,12.38,12.38,12.59,12.72,12.50,12.50,12.72,13.03,12.81,12.59,12.94,13.03,13.17,13.39,13.61,14.05,16.25,19.12,20.89,21.95,22.48,23.06,23.23,23.06,23.38,23.81,23.81,24.12,24.22,24.56,24.56,24.78,24.97,24.88,25.53,25.62,25.53,25.72,25.84,26.30,26.06,26.47,26.47,26.59,26.59,26.81,26.91,27.22,27.12,27.44,27.88,27.97,28.19,28.19,28.50,28.81,28.94,29.03,29.03,29.16,29.03,29.56,29.25,29.34,29.34,29.34,29.25,29.47,29.34,29.25,29.25,29.25,29.03,29.16,29.03,28.94,28.72,28.50,28.28,28.28,28.19,28.09,28.09,27.88,27.75,27.53,27.44,27.44,27.44,27.53,27.66,27.66,27.75,27.75,27.75,28.09,27.66,27.53,27.53,27.34,27.22,27.22,27.00,26.91,27.00,27.22,27.34,27.53,27.88,27.75,27.97,27.75,27.97,27.75,28.09,27.97,27.88,28.09,28.09,28.19,28.19,28.09,28.28,28.19,28.19,28.28,28.28,28.62,28.41,28.19,28.62,28.41,28.09,28.09,27.97,27.75,27.44,27.44,26.91,26.91,26.47,26.47,26.38,26.30,25.94,25.84,25.53,25.41,25.19,25.19,25.09,24.88,24.88,24.88,24.56,24.44,24.56,24.44,24.22,24.22,24.22,24.22,24.12,24.22,24.12,24.12,24.12,24.22,24.12,24.22,24.22,24.44,24.44,24.66,24.56,24.88,24.88,25.53,25.62,25.19,25.62,25.53,25.53,25.19,25.09,24.88,24.88,24.88,24.56,24.88,24.56,24.44,23.59,23.06,22.27,21.66,21.08,20.45,20.11,19.58,19.05,18.38,16.70,14.84,13.95,13.39,13.03,12.72,12.72,12.59,13.03,12.72,12.59,12.59,12.81,12.94,12.81
13.25,13.03,12.81,12.94,13.25,12.72,13.25,12.81,12.94,13.03,13.03,12.59,12.59,12.50,12.06,12.28,12.06,12.50,11.92,12.06,11.80,11.92,12.06,11.92,12.06,12.06,12.38,11.92,12.38,12.38,12.28,12.38,12.28,12.38,12.72,12.59,12.72,12.06,12.50,12.38,12.28,12.50,12.72,12.59,12.38,12.50,12.94,12.72,12.81,12.50,12.81,13.17,13.39,13.73,14.41,15.81,18.91,20.77,21.73,22.70,22.94,23.16,23.38,23.47,23.47,23.81,23.81,24.03,24.44,24.34,24.88,24.88,25.19,25.41,25.53,25.84,25.72,26.06,26.06,26.06,26.47,26.59,26.69,26.69,26.81,26.91,27.22,27.22,27.53,27.88,27.66,28.19,28.41,28.72,28.62,28.94,29.16,29.16,29.16,29.47,29.56,29.34,29.56,29.16,29.47,29.16,29.47,29.16,29.25,29.25,29.34,29.16,29.03,29.03,28.72,28.50,28.50,28.28,28.09,28.19,27.88,27.75,27.66,27.88,27.75,27.66,27.53,27.22,27.22,27.44,27.53,27.34,27.53,27.53,27.44,27.44,27.22,27.00,26.91,26.81,26.91,27.00,27.12,27.12,27.22,27.34,27.44,27.75,27.53,27.88,27.88,27.75,27.75,28.09,27.88,28.09,28.19,27.97,27.75,27.88,28.19,27.97,28.09,28.19,28.41,28.50,28.19,28.41,28.41,28.50,28.19,28.19,27.88,27.75,27.66,27.66,27.44,27.12,26.91,26.81,26.59,26.30,26.06,26.06,25.53,25.84,25.62,25.53,25.41,24.97,24.56,24.78,24.66,24.56,24.44,24.44,24.34,24.22,24.44,24.22,24.12,24.34,24.34,24.22,24.03,24.12,24.12,24.34,24.03,24.34,24.56,24.34,24.44,24.88,24.88,24.97,25.53,25.53,25.41,25.62,25.53,25.62,25.31,25.19,24.66,24.56,24.56,24.66,24.78,24.66,24.78,23.91,23.06,22.17,21.42,21.08,20.67,20.33,19.44,18.83,18.03,16.61,14.48,13.47,13.39,12.94,12.94,12.81,12.94,12.94,12.94,12.81,12.72,12.81,13.25,13.25
13.17,13.03,13.25,13.39,13.17,12.94,12.94,13.25,12.94,12.94,12.81,12.94,13.03,12.94,12.28,12.50,11.80,12.06,12.38,12.38,11.92,12.38,12.06,12.28,12.28,12.06,12.50,12.38,12.28,11.92,12.50,12.50,12.81,12.81,12.50,12.38,12.59,12.50,12.72,12.50,12.28,12.81,12.50,12.72,12.38,12.38,12.72,12.94,12.72,12.81,13.03,13.17,13.47,13.83,14.27,15.38,18.47,20.33,21.95,22.48,22.84,23.16,23.23,23.59,23.69,23.91,23.91,24.12,24.78,24.66,24.78,24.97,25.19,25.31,25.41,25.72,25.84,25.94,26.16,26.30,26.30,26.59,26.59,26.91,27.00,27.34,27.22,27.34,27.75,27.88,28.09,28.28,28.50,28.72,28.94,28.94,29.03,29.25,29.25,29.25,29.47,29.25,29.34,29.34,29.47,29.34,29.16,29.25,29.34,29.16,29.16,29.16,29.03,28.72,28.72,28.50,28.50,28.41,28.09,27.97,28.19,27.75,27.88,27.75,27.66,27.75,27.53,27.53,27.44,27.44,27.22,27.34,27.22,27.12,27.12,27.00,26.91,26.91,26.81,27.00,26.81,26.91,27.22,27.22,27.00,27.34,27.53,27.22,27.66,27.88,27.66,27.75,27.88,27.75,28.09,28.09,27.88,27.88,27.75,27.97,28.19,27.97,28.09,28.09,28.19,28.28,28.19,28.09,28.19,28.28,28.19,27.97,27.75,27.88,27.66,27.53,27.12,27.12,26.81,26.59,26.47,26.06,25.94,26.30,25.84,25.53,25.53,25.31,25.19,25.19,24.97,24.88,24.56,24.44,24.44,24.44,24.56,24.44,24.22,24.22,24.12,24.12,24.03,24.12,24.03,24.12,24.12,24.22,24.12,24.22,24.34,24.56,24.66,24.66,24.78,25.19,25.41,25.53,25.72,25.53,25.62,25.53,25.19,24.97,24.78,24.78,24.88,24.88,24.78,24.88,24.56,24.34,23.06,22.17,21.52,20.89,20.45,20.11,19.44,19.05,18.25,15.95,14.05,13.61,13.17,13.25,13.03,12.81,12.72,12.81,13.03,12.81,12.94,13.03,12.81,13.03
13.17,13.03,13.39,13.25,13.39,13.39,12.94,13.03,12.81,13.03,13.03,12.72,13.03,12.59,12.38,12.38,12.28,12.50,12.28,12.14,12.59,11.92,12.38,12.28,12.06,12.06,12.06,12.06,12.06,12.50,12.59,12.38,12.72,12.50,12.28,12.14,12.38,12.38,12.50,12.59,12.50,12.59,12.59,12.72,12.38,12.59,12.59,12.59,12.59,12.81,12.94,13.25,13.03,13.47,14.19,15.06,17.58,20.23,21.88,22.48,22.70,23.16,23.23,23.59,23.59,23.91,23.91,24.12,24.44,24.88,24.56,24.97,24.88,25.19,25.53,25.84,25.84,25.94,26.06,26.38,26.59,26.47,26.81,26.69,27.00,27.22,27.22,27.22,27.66,27.88,28.19,28.50,28.72,28.72,29.03,29.03,29.03,29.16,29.03,29.16,29.25,29.16,29.16,29.25,29.25,29.34,29.25,29.03,29.16,29.16,29.16,28.81,28.94,28.81,28.62,28.41,28.28,28.19,28.09,27.97,27.75,27.88,28.09,27.75,27.66,27.66,27.88,27.66,27.44,27.53,27.44,27.22,27.12,27.00,27.00,27.22,27.00,26.91,27.00,26.91,26.91,26.81,27.00,27.22,27.22,27.22,27.34,27.53,27.34,27.75,27.75,27.75,27.75,27.97,27.75,28.09,27.75,27.97,28.09,27.75,27.75,28.09,27.88,27.97,27.97,27.88,28.09,28.28,28.19,28.19,28.41,27.97,27.88,27.53,27.75,27.66,27.22,27.00,27.00,26.69,26.59,26.30,25.94,25.94,25.84,25.53,25.62,25.41,25.09,24.88,24.78,24.78,24.78,24.88,24.56,24.56,24.66,24.12,24.03,24.22,24.22,24.12,24.03,24.12,23.91,24.12,24.03,24.03,24.34,24.22,24.44,24.44,24.56,24.88,24.88,25.19,25.31,25.62,25.19,25.62,25.62,25.62,25.31,25.19,24.97,24.78,24.66,24.88,25.09,24.56,24.34,23.91,23.06,22.27,21.52,20.89,20.45,20.23,19.66,18.83,17.72,15.50,14.27,13.61,13.25,13.25,12.72,12.72,13.03,12.81,13.03,12.81,12.81,13.03,13.17,12.94
13.25,13.25,13.03,13.39,13.25,13.17,13.25,13.39,12.81,12.81,12.72,13.03,13.03,12.50,12.38,12.28,12.06,12.28,12.14,12.06,12.14,12.50,12.38,12.06,12.06,11.80,12.06,11.92,12.06,12.38,12.59,12.81,12.81,12.38,12.38,12.38,12.06,12.14,12.81,12.72,12.59,12.28,12.72,12.38,12.72,12.72,12.81,12.72,12.81,12.81,13.03,13.03,13.25,13.73,14.27,14.70,16.83,19.66,21.52,22.27,22.70,23.16,23.23,23.16,23.69,23.91,24.03,24.22,24.44,24.56,24.78,24.88,25.19,25.19,25.53,25.62,25.94,25.94,26.06,26.06,26.38,26.38,26.59,27.00,26.91,27.34,27.53,27.53,27.75,28.09,28.28,28.62,28.50,28.72,28.81,29.03,29.03,29.03,29.16,29.25,29.25,29.34,29.25,29.34,29.16,29.03,29.25,29.03,29.03,28.94,28.72,28.72,28.62,28.62,28.28,28.19,28.09,28.28,28.19,28.19,27.97,27.97,27.97,27.97,27.53,27.66,27.44,27.53,27.44,27.53,27.53,27.22,27.00,27.00,27.12,26.91,26.81,27.22,27.00,27.22,27.00,27.22,27.22,27.22,27.22,27.00,27.34,27.22,27.34,27.66,27.34,27.75,27.66,27.53,27.88,27.97,27.75,27.88,27.75,27.66,27.75,27.75,27.66,27.75,27.66,27.75,27.66,28.19,28.09,27.97,27.88,27.88,27.75,27.66,27.44,27.44,27.22,26.91,26.81,26.81,26.47,26.30,26.30,25.94,26.06,25.84,25.31,25.19,24.97,24.97,24.78,24.66,24.88,24.56,24.34,24.44,24.44,24.12,24.22,24.12,24.22,24.03,24.12,24.03,24.03,24.12,24.03,24.22,24.34,24.22,24.34,24.44,24.56,24.66,24.78,25.09,25.41,25.53,25.53,25.62,25.41,25.19,25.19,24.97,24.78,24.44,24.66,24.88,24.88,24.88,24.66,23.91,23.16,22.17,21.42,20.89,20.55,20.02,19.80,18.83,17.58,15.28,14.05,13.73,13.17,13.17,12.81,12.94,12.81,12.81,13.03,13.03,12.94,12.81,13.03,13.61
13.25,13.03,13.39,13.39,13.47,13.39,13.17,13.25,13.17,13.03,13.17,12.94,12.81,12.94,12.06,12.38,12.06,12.50,12.14,11.92,11.92,12.06,12.06,12.06,12.06,12.06,12.06,11.92,12.06,12.14,12.38,12.38,12.38,12.06,12.38,12.50,12.59,12.50,12.50,12.50,12.50,12.59,12.59,12.81,12.72,12.72,13.03,12.94,12.81,12.72,13.03,13.17,13.25,13.39,13.73,14.70,15.81,18.69,21.08,22.17,22.84,23.06,23.23,23.38,23.69,23.91,23.81,24.03,24.34,24.56,24.88,24.97,24.88,25.19,25.53,25.53,25.72,26.06,26.16,26.30,26.59,26.69,26.81,26.81,27.22,27.12,27.53,27.53,27.97,28.09,28.41,28.50,28.50,28.94,28.94,28.94,29.16,29.16,29.16,29.25,29.25,29.16,29.34,29.34,29.03,29.03,29.03,29.25,29.03,29.03,28.81,28.72,28.50,28.50,28.19,28.41,28.19,28.28,28.09,28.19,28.28,27.75,27.97,27.88,27.88,27.75,27.75,27.44,27.22,27.34,27.44,27.12,27.12,27.12,27.00,27.12,27.00,27.12,26.91,27.12,27.22,27.22,27.12,27.12,27.22,27.34,27.44,27.22,27.44,27.44,27.34,27.44,27.66,27.53,27.66,27.97,27.75,27.75,27.88,27.66,27.88,27.75,27.66,27.53,27.66,27.97,27.75,27.88,28.09,27.97,27.66,27.75,27.66,27.75,27.44,27.44,27.12,26.91,26.59,26.59,26.59,26.16,25.94,26.16,25.62,25.53,25.62,25.53,25.19,24.97,24.97,24.66,24.78,24.44,24.34,24.34,24.56,24.03,24.34,24.12,24.34,23.91,24.12,24.03,24.12,23.69,23.91,24.03,24.44,24.22,24.12,24.12,24.66,24.97,24.97,25.31,25.31,25.53,25.53,25.84,25.41,25.41,25.41,25.19,24.56,24.66,24.88,24.78,24.88,24.56,24.34,23.91,22.84,22.17,21.20,21.08,20.55,20.23,19.58,18.83,466.03,17.05,15.16,14.05,13.47,13.39,13.17,13.03,12.94,13.25,12.94,12.94,13.03,13.25,13.17,13.39
13.25,13.17,13.39,13.25,13.25,13.25,13.39,13.03,13.17,13.03,13.17,13.03,12.59,13.03,12.59,12.50,12.38,12.28,12.06,12.06,11.92,11.80,12.06,11.80,12.14,12.06,12.38,11.92,11.92,12.06,12.06,12.38,12.59,12.28,12.06,12.06,12.38,12.50,12.72,12.72,12.50,12.72,12.28,12.81,12.72,12.38,12.72,12.81,12.94,12.81,12.81,13.03,13.17,13.17,13.39,13.83,14.48,15.59,18.03,20.89,22.17,22.62,23.16,23.16,23.81,23.59,23.81,24.12,24.03,24.22,24.44,24.88,24.88,25.09,25.09,25.72,25.72,25.94,25.94,26.16,26.38,26.81,26.69,26.91,26.91,27.12,27.53,27.53,27.66,28.09,28.09,28.41,28.41,28.62,28.72,28.94,29.03,29.16,29.03,29.16,29.16,29.34,28.94,29.03,29.34,29.25,29.16,29.03,28.72,29.03,29.03,28.72,28.72,28.62,28.41,28.41,28.50,28.19,28.28,28.28,28.41,28.19,28.19,28.41,27.97,27.88,27.88,27.66,27.44,27.53,27.44,27.44,27.34,27.22,27.22,27.22,27.22,27.00,27.00,27.00,27.34,27.22,27.12,27.34,27.44,27.53,27.34,27.44,27.34,27.34,27.44,27.53,27.44,27.34,27.66,27.66,27.66,27.66,27.88,27.75,28.09,27.88,27.66,27.97,27.75,27.53,27.53,27.75,27.53,28.09,27.97,27.75,27.66,27.75,27.53,27.44,27.12,27.12,27.00,26.91,26.69,26.59,26.16,26.16,26.16,25.84,25.53,25.84,25.41,25.41,25.19,24.97,24.56,24.56,24.66,24.44,24.44,24.56,24.03,24.22,24.34,24.22,24.12,24.03,24.34,24.03,24.22,24.12,24.22,24.22,24.34,24.56,24.56,24.78,24.88,24.88,25.19,25.53,25.62,25.31,25.53,25.84,25.31,25.19,24.97,24.78,24.78,24.88,24.78,24.97,24.78,24.44,23.91,22.84,22.09,21.52,21.08,20.67,20.11,19.44,18.59,16.92,14.84,14.19,13.47,13.25,13.25,13.03,13.17,13.03,13.03,13.03,13.17,13.17,13.25,13.25
13.47,13.47,13.39,13.17,13.25,13.25,13.47,13.17,13.25,13.39,13.03,13.17,12.72,12.59,12.38,12.28,12.14,12.06,12.38,11.92,12.06,11.92,11.80,11.92,12.50,12.50,12.59,12.14,11.92,11.92,12.38,12.38,12.14,12.38,12.38,12.38,12.38,12.38,12.38,12.72,12.59,12.50,12.50,12.59,12.72,12.38,12.59,12.81,12.59,12.59,12.72,13.03,13.17,13.25,13.39,13.73,14.05,15.28,17.36,20.55,21.95,22.70,23.06,23.16,23.38,23.69,23.91,23.91,24.44,24.44,24.56,24.78,24.88,25.19,25.31,25.53,25.62,26.06,26.06,25.94,26.47,26.38,26.81,26.91,27.12,27.34,27.34,27.75,27.88,28.09,28.41,28.41,28.62,28.81,28.94,28.81,29.03,29.16,29.16,29.16,29.16,29.25,29.16,29.16,29.16,28.94,29.03,28.81,29.03,28.81,28.72,28.72,28.72,28.41,28.41,28.62,28.41,28.62,28.50,28.50,28.50,28.19,28.28,28.09,28.19,28.09,27.97,27.75,27.66,27.66,27.53,27.44,27.44,27.22,27.34,27.12,27.12,26.91,27.53,27.12,27.12,27.34,27.44,27.44,27.44,27.34,27.34,27.34,27.12,27.34,27.34,27.12,27.22,27.34,27.66,27.53,27.66,27.88,27.97,27.75,27.75,27.66,27.75,27.75,27.75,27.75,27.88,27.75,27.75,27.88,27.88,27.53,27.66,27.53,27.53,27.34,27.34,27.12,27.00,26.81,26.30,26.47,26.16,26.16,25.84,25.94,25.72,25.62,25.31,24.97,25.31,25.09,24.78,24.78,24.66,24.56,24.34,24.44,24.34,24.22,24.12,24.22,24.22,24.03,24.12,23.91,24.34,24.22,24.34,24.12,24.44,24.44,24.44,24.78,24.78,24.88,25.41,25.62,25.62,25.53,25.62,25.62,25.31,25.19,24.97,24.97,24.97,25.19,25.19,24.97,24.88,24.56,23.69,22.70,22.09,21.30,20.67,20.77,20.11,19.44,18.25,16.17,14.41,13.73,13.73,13.47,13.03,13.25,13.03,12.81,12.94,12.94,13.03,13.17,13.17,13.25
13.61,13.25,13.25,13.25,13.39,13.25,13.25,13.17,13.17,12.94,12.94,12.72,12.28,12.81,12.59,12.38,12.06,12.28,12.06,11.92,12.14,12.06,11.92,12.50,12.28,12.28,12.28,11.92,11.80,11.80,12.28,12.06,12.06,11.92,12.14,12.06,12.28,12.38,12.28,12.38,12.38,12.38,12.14,12.38,12.38,12.50,12.50,12.50,12.72,12.59,12.72,13.03,13.03,13.17,13.39,13.73,14.41,14.94,17.28,20.23,21.88,22.41,22.84,23.16,23.59,23.81,23.69,23.69,24.22,24.44,24.66,24.66,24.97,24.97,24.97,25.41,25.62,25.94,25.94,26.06,26.30,26.38,26.59,26.59,26.91,27.22,27.53,27.66,27.66,27.88,28.28,28.41,28.50,28.72,28.81,28.81,28.94,29.03,29.16,29.16,29.03,28.81,29.03,29.03,29.03,29.03,28.50,28.94,28.72,28.94,28.62,28.72,28.50,28.41,28.41,28.50,28.72,28.50,28.41,28.41,28.41,28.28,28.09,28.09,28.09,27.66,27.75,27.75,27.66,27.53,27.44,27.34,27.34,27.22,27.12,27.12,27.34,27.12,27.22,27.22,27.22,27.34,27.34,27.22,27.44,27.53,27.66,27.34,27.44,27.12,27.34,27.00,27.12,27.22,27.34,27.53,27.53,27.53,27.66,27.66,27.66,27.66,27.75,27.75,27.44,27.75,27.44,27.53,27.66,27.75,27.53,27.44,27.53,27.22,27.22,27.22,27.34,27.00,26.81,26.69,26.47,26.30,26.47,26.06,26.16,25.41,25.31,25.53,25.19,25.09,24.97,24.88,24.56,24.56,24.56,24.44,24.44,24.44,24.12,24.44,24.34,24.03,24.22,24.03,24.22,24.03,24.22,23.91,24.03,24.22,24.44,24.34,24.56,24.44,24.88,25.19,25.19,25.19,25.31,25.41,25.19,25.31,25.19,24.97,24.97,24.56,24.78,24.88,24.97,24.78,24.56,24.12,23.59,22.48,22.09,21.30,20.89,20.23,19.80,19.05,17.72,15.38,14.05,13.73,13.17,13.03,13.03,12.72,12.72,13.03,12.72,13.17,12.72,12.81,13.03,13.47
13.25,13.03,13.03,13.39,13.03,13.17,13.25,13.03,12.94,13.03,13.03,12.50,12.06,12.28,12.38,11.92,12.28,12.14,12.38,12.28,12.14,12.28,12.38,12.59,12.50,12.38,12.06,12.14,12.14,11.80,12.06,12.28,12.06,12.28,12.38,12.38,12.38,12.72,12.59,12.50,12.50,12.50,12.59,12.50,12.59,12.81,12.81,12.94,13.03,12.72,13.03,12.94,13.03,13.25,13.73,13.73,14.27,15.16,17.14,20.33,22.17,22.70,23.16,23.38,23.59,23.91,23.81,23.81,24.03,24.44,24.66,24.78,24.97,25.19,25.09,25.72,25.72,25.94,26.30,26.06,26.30,26.47,27.00,27.00,27.12,27.53,27.53,27.66,27.66,28.09,28.19,28.50,28.62,28.72,29.03,28.81,29.16,29.16,29.16,28.81,29.16,29.25,29.16,28.81,29.03,29.03,29.03,28.94,28.62,28.72,28.72,28.62,28.72,28.62,28.72,28.81,28.81,28.72,28.81,28.62,28.72,28.50,28.19,28.09,28.19,28.09,28.09,27.88,27.53,27.66,27.66,27.66,27.44,27.44,27.53,27.34,27.22,27.34,27.44,27.44,27.34,27.44,27.44,27.44,27.44,27.53,27.66,27.44,27.34,27.34,27.44,27.34,27.34,27.22,27.66,27.34,27.75,27.66,27.97,27.66,27.88,27.75,27.75,28.09,27.97,27.66,27.75,27.44,27.66,27.44,27.66,27.66,27.44,27.34,27.34,27.22,27.22,27.12,26.91,26.81,26.59,26.38,26.30,26.06,26.06,25.72,25.62,25.53,25.62,25.19,25.09,24.97,24.88,24.88,24.78,24.34,24.56,24.44,24.22,24.22,24.22,24.34,24.34,24.03,24.22,24.44,24.03,24.12,24.22,24.22,24.44,24.34,24.56,24.88,24.97,24.88,25.19,25.53,25.62,25.53,25.31,25.62,25.53,25.19,24.97,24.97,24.88,24.97,25.19,24.88,24.78,24.44,23.81,22.70,22.17,21.52,21.08,20.45,19.88,19.12,17.05,14.94,14.41,13.73,13.47,13.17,13.03,13.17,13.03,12.81,13.03,13.25,13.03,13.39,13.25,13.25
13.47,13.47,13.47,13.61,13.39,13.39,13.39,13.17,13.25,13.03,12.72,12.59,12.72,12.72,12.72,12.06,11.70,12.38,12.28,12.06,12.14,12.38,12.38,12.38,12.14,12.28,12.28,11.80,12.06,12.06,12.38,12.14,11.92,12.06,12.14,12.28,12.38,12.38,12.28,12.14,12.38,12.38,12.50,12.59,12.38,12.50,12.81,12.59,12.94,12.59,12.81,12.81,13.03,13.17,13.61,13.61,14.27,15.28,17.58,20.45,21.88,22.70,23.06,23.06,23.59,23.81,23.81,23.81,24.12,24.12,24.56,24.66,24.88,25.19,25.31,25.84,25.62,25.62,25.84,26.06,26.38,26.47,26.81,26.91,27.00,27.44,27.53,27.75,27.75,28.09,28.19,28.41,28.50,28.72,28.72,29.03,28.72,28.81,29.03,29.03,29.25,28.94,28.94,29.03,28.81,29.03,28.94,28.81,28.81,28.62,28.50,28.72,28.62,28.72,28.94,28.94,28.94,28.81,29.03,28.94,28.72,28.50,28.41,28.19,28.09,28.09,28.09,27.66,27.97,27.75,27.66,27.66,27.66,27.22,27.22,27.34,27.44,27.44,27.34,27.34,27.44,27.53,27.34,27.44,27.44,27.75,27.66,27.66,27.53,27.34,27.34,27.22,26.91,27.34,27.44,27.22,27.44,27.66,27.53,27.53,27.66,27.97,27.75,27.75,27.66,27.66,27.34,27.53,27.34,27.75,27.53,27.44,27.22,27.34,27.34,27.12,27.00,27.00,26.81,26.59,26.47,26.38,26.30,26.06,25.94,25.72,25.62,25.62,25.31,25.09,24.88,24.97,24.88,24.78,24.66,24.44,24.44,24.22,24.44,24.44,24.34,24.34,24.12,24.03,24.34,24.12,23.91,24.12,24.12,24.22,24.34,24.56,24.56,25.09,24.88,25.09,25.31,25.19,25.62,25.53,25.72,25.41,25.41,25.53,24.78,24.66,24.97,25.09,24.97,24.88,24.88,24.34,23.59,22.70,21.73,21.30,20.67,20.45,19.58,18.59,16.03,14.62,14.19,13.61,13.47,13.17,13.17,13.17,13.25,13.03,13.17,12.94,13.25,13.39,13.47,13.17
13.25,13.39,13.39,13.03,13.39,13.47,13.17,13.25,13.03,12.81,12.72,12.72,12.50,12.59,12.38,12.28,12.06,12.38,12.06,12.06,12.38,12.50,12.50,12.38,12.59,12.59,12.38,12.14,11.92,11.70,12.14,12.06,12.06,12.14,12.06,12.28,12.50,12.50,12.72,12.38,12.38,12.38,12.38,12.72,12.59,12.72,12.38,12.94,12.72,12.81,13.17,12.81,13.17,13.25,13.47,13.73,14.48,15.16,16.92,20.11,21.88,22.62,22.84,23.16,23.38,23.81,23.81,24.03,24.03,24.56,24.56,24.56,24.78,25.41,25.09,25.53,25.62,26.06,26.30,26.30,26.30,26.38,26.81,26.91,27.00,27.34,27.53,27.66,27.75,28.09,28.41,28.50,28.41,28.41,28.81,28.81,29.03,29.03,29.16,29.16,29.03,29.03,28.94,29.03,29.03,29.03,28.62,28.72,28.62,28.72,28.62,28.72,28.94,29.03,29.03,29.03,29.03,29.03,29.03,29.03,28.81,28.72,28.41,28.50,28.09,28.19,28.19,27.97,27.97,27.66,27.66,27.66,27.34,27.22,27.22,27.44,27.44,27.34,27.34,27.53,27.66,27.53,27.53,27.66,27.44,27.53,27.66,27.53,27.34,27.34,27.53,27.66,27.22,27.34,27.22,27.22,27.44,27.44,27.66,27.53,27.88,27.66,27.75,27.66,27.66,27.53,27.66,27.53,27.34,27.66,27.34,27.22,27.12,27.12,27.22,27.12,27.12,27.12,26.59,26.69,26.59,26.38,26.30,25.94,26.06,25.84,25.72,25.41,25.41,25.31,25.19,25.19,24.88,24.97,24.56,24.34,24.56,24.66,24.34,24.34,24.34,24.22,24.34,24.12,24.03,24.22,24.22,24.56,24.34,24.22,24.56,24.44,24.44,24.88,25.31,25.09,25.31,25.62,25.41,24.97,25.62,25.31,25.41,25.09,25.19,24.66,24.97,25.19,25.19,24.97,24.78,24.12,23.59,22.84,21.66,21.42,20.67,20.33,19.34,17.94,15.38,14.48,13.61,13.47,13.17,13.17,13.03,13.25,12.94,13.03,12.81,12.81,13.25,13.39,13.17,13.25
13.39,13.25,13.25,13.17,13.17,13.25,13.17,12.81,12.81,12.59,12.50,12.50,12.06,12.50,12.50,12.28,12.06,12.06,12.06,12.38,12.38,12.50,12.50,12.50,12.38,12.38,12.28,11.92,12.14,12.14,12.28,12.06,12.06,12.06,12.28,12.59,12.38,12.28,12.38,12.38,12.28,12.28,12.14,12.28,12.50,12.94,12.72,13.03,12.72,12.81,12.81,13.03,13.17,13.03,13.25,13.83,13.83,14.84,16.92,20.23,21.95,22.62,22.84,23.16,23.23,23.69,23.81,23.91,23.91,24.34,24.78,24.44,24.88,24.97,25.31,25.41,25.62,25.94,25.84,26.30,26.16,26.47,26.69,26.91,27.22,27.34,27.53,28.09,27.97,28.19,28.41,28.50,28.19,28.62,28.41,28.72,29.03,28.72,29.03,29.03,29.03,29.03,29.03,29.03,28.94,28.62,28.72,28.81,28.50,28.62,28.72,28.81,29.16,29.03,29.16,29.16,29.03,29.16,29.03,29.03,29.03,28.72,28.50,28.50,28.19,28.19,28.19,28.28,27.97,27.66,27.75,27.75,27.66,27.53,27.44,27.66,27.44,27.44,27.22,27.88,27.66,27.97,27.53,27.66,27.66,27.97,27.66,27.75,27.53,27.53,27.44,27.66,27.34,27.34,27.44,27.34,27.44,27.34,27.34,27.66,27.66,27.66,27.66,27.75,27.66,27.53,27.44,27.34,27.12,27.22,27.44,27.44,27.34,27.22,27.22,27.12,27.12,26.91,26.91,26.69,26.47,26.38,26.47,26.06,26.06,25.84,25.53,25.62,25.41,25.41,25.31,24.97,24.56,24.88,24.56,24.56,24.44,24.56,24.34,24.12,24.03,24.12,23.81,24.12,24.12,24.34,24.03,24.44,24.22,24.34,24.44,24.44,24.88,24.88,25.09,25.19,25.41,25.31,25.53,25.41,25.41,25.19,25.19,24.97,24.88,24.78,24.97,24.97,24.97,24.88,24.88,24.22,23.47,22.84,21.73,21.20,20.67,20.23,19.12,17.14,14.84,14.05,13.83,13.73,13.03,13.03,13.25,13.03,13.03,13.03,12.94,12.72,13.03,13.39,13.17,13.39
13.73,13.25,13.25,13.25,13.39,13.03,13.03,12.81,12.59,12.38,12.50,12.50,12.50,12.59,12.50,12.14,12.06,12.06,12.50,12.50,12.38,12.28,12.59,12.59,12.38,12.14,12.28,12.06,12.14,12.06,12.38,12.06,11.92,12.38,12.38,12.28,12.28,12.59,12.50,12.06,12.38,12.50,12.28,12.50,12.72,12.72,12.81,12.72,12.81,13.03,12.72,13.03,13.17,13.39,13.39,13.39,14.05,15.06,16.92,20.02,21.88,22.70,23.16,23.38,23.47,24.03,23.69,24.03,24.03,24.22,24.44,24.56,24.88,25.09,25.19,25.31,25.62,25.62,26.06,26.16,26.38,26.38,26.59,26.81,27.00,27.22,27.66,27.75,27.66,28.09,28.41,27.97,28.09,28.09,28.41,28.62,28.72,28.62,29.16,29.16,29.03,29.16,29.03,29.16,28.94,28.94,28.72,28.72,28.62,28.94,28.94,29.03,29.16,29.16,28.94,29.34,29.16,29.16,29.03,29.03,29.16,28.94,28.62,28.62,28.50,28.41,28.28,28.09,27.97,27.75,27.66,27.75,27.66,27.66,27.66,27.75,27.66,27.66,27.75,27.75,27.75,27.75,27.75,27.53,27.75,27.75,27.66,27.66,27.66,27.44,27.66,27.44,27.53,27.53,27.34,27.34,27.34,27.34,27.66,27.66,27.44,27.75,27.66,27.66,27.66,27.66,27.53,27.53,27.00,27.12,27.22,27.34,27.00,27.34,27.22,27.00,27.00,26.91,26.81,26.91,26.47,26.38,26.47,26.16,26.06,26.06,25.62,25.53,25.41,25.41,24.97,24.97,24.88,24.97,24.78,24.56,24.56,24.34,24.12,24.22,24.44,24.22,24.22,24.12,24.22,24.12,24.03,24.12,24.34,24.44,24.66,24.66,24.44,24.88,25.31,25.09,25.41,25.53,25.41,25.41,25.41,25.31,25.31,24.97,24.78,24.88,24.97,24.97,25.09,24.88,24.78,24.44,23.69,23.06,22.09,21.42,20.89,20.11,18.83,16.61,14.27,14.19,13.47,13.25,13.17,13.25,13.03,13.17,13.17,13.25,13.17,13.03,12.81,13.47,13.25,13.17
13.25,13.25,13.39,13.17,13.17,13.25,13.17,12.38,12.59,12.50,12.38,12.50,12.38,12.59,12.38,12.14,12.28,12.38,12.50,12.28,12.50,12.50,12.50,12.28,12.38,12.06,12.28,11.92,12.38,12.06,12.28,12.14,12.28,12.38,12.38,12.50,12.28,12.38,12.38,12.06,11.92,12.06,12.38,12.38,12.38,12.38,12.72,12.81,12.72,12.59,12.72,13.17,13.17,13.17,13.39,13.73,13.83,14.84,16.70,19.88,21.73,22.48,23.06,23.06,23.59,23.59,23.81,23.81,24.22,24.56,24.56,24.56,24.88,25.09,24.97,25.41,25.72,25.84,25.84,25.94,26.38,26.59,26.69,26.69,27.22,27.44,27.66,27.66,27.75,27.97,27.97,28.09,27.44,27.97,28.28,28.62,28.50,28.72,28.81,28.94,28.94,29.16,29.03,28.94,28.94,28.62,28.62,28.62,28.62,28.72,28.94,28.81,29.16,29.16,29.25,29.03,29.25,29.03,29.16,29.16,29.16,28.94,28.94,28.72,28.50,28.62,28.28,28.19,28.19,28.09,28.09,28.09,28.28,27.75,28.09,28.09,27.97,27.53,27.75,27.97,27.97,27.75,27.75,27.75,27.97,27.44,27.75,27.66,27.66,27.53,27.53,27.53,27.53,27.34,27.22,27.34,27.22,27.22,27.53,27.44,27.66,27.53,27.75,27.97,27.53,27.66,27.22,27.22,27.12,27.00,27.12,27.00,27.00,27.00,27.12,27.12,26.91,27.12,26.59,26.69,26.81,26.38,25.94,26.06,26.06,25.72,25.72,25.84,25.41,25.31,24.97,24.88,24.97,24.78,24.78,24.34,24.56,24.44,24.44,24.22,24.22,24.03,24.03,24.34,24.03,24.12,24.03,24.22,24.56,24.22,24.56,24.34,24.66,24.88,25.09,24.88,25.41,25.62,25.53,25.41,25.41,25.41,25.31,24.97,25.09,24.97,25.09,24.97,24.97,25.09,24.56,24.22,23.69,23.06,22.27,21.52,20.67,20.02,18.38,15.81,14.27,14.05,13.47,13.39,13.03,12.94,13.03,13.03,13.03,12.94,12.94,12.94,13.25,13.25,13.03,13.17
13.39,13.17,13.25,12.81,13.03,13.03,12.38,12.50,12.50,12.59,12.81,12.59,12.72,12.50,12.50,11.80,12.38,12.50,12.50,12.50,12.72,12.28,12.59,12.59,12.59,12.28,12.06,12.06,12.28,12.06,12.38,12.38,12.06,12.28,12.38,12.38,12.59,12.38,12.38,12.59,12.38,12.28,12.28,12.59,12.59,12.81,12.72,12.81,12.59,12.59,12.94,12.94,12.94,12.94,13.73,13.73,14.05,14.94,16.70,19.58,21.73,22.41,22.94,23.23,23.38,23.69,23.91,24.03,24.22,24.44,24.56,24.88,24.78,25.09,25.19,25.62,25.62,25.94,26.06,26.30,26.59,26.47,26.69,27.12,27.00,27.22,27.66,27.97,27.66,28.09,27.88,28.09,27.97,28.19,28.41,28.28,28.41,28.72,28.81,28.81,29.03,29.03,29.03,28.94,28.94,28.72,28.94,28.81,28.72,28.72,28.94,29.25,29.34,29.25,29.25,29.16,29.56,29.25,29.03,29.16,29.16,29.16,28.94,29.16,28.81,28.94,28.72,28.72,28.72,28.62,28.62,28.62,28.62,28.81,28.41,28.62,28.72,28.28,28.28,28.09,28.19,28.09,28.09,28.09,28.19,27.97,28.19,27.88,27.97,27.53,27.75,27.53,27.53,27.53,27.66,27.53,27.66,27.34,27.53,27.44,27.66,27.75,27.66,27.66,27.66,27.53,27.53,27.22,26.81,26.91,27.00,27.00,27.00,27.00,27.00,27.00,27.12,27.12,26.59,26.59,26.47,26.47,26.30,26.06,25.84,26.06,25.62,25.62,25.53,25.53,25.19,24.78,24.97,24.66,24.88,24.56,24.44,24.56,24.44,24.34,24.22,24.34,24.34,24.12,24.56,24.34,466.03,24.22,24.22,24.44,24.44,24.78,24.78,24.78,24.88,25.19,25.19,25.19,25.62,25.62,25.53,25.41,25.62,25.31,25.19,24.97,25.19,25.31,25.19,25.19,24.88,24.97,24.44,24.03,23.16,22.48,21.66,20.89,20.11,18.38,16.03,14.48,13.95,13.73,13.61,13.47,13.39,13.03,13.17,12.94,13.03,12.81,13.25,13.03,13.17,13.39
13.47,13.39,13.39,13.25,13.25,13.03,12.72,12.38,12.94,12.59,12.59,12.72,12.59,12.59,12.59,12.38,12.38,12.50,12.59,12.72,12.59,12.38,12.59,12.59,12.72,12.50,12.38,12.59,12.06,12.14,12.28,12.38,12.06,12.38,12.59,12.38,12.38,12.72,12.50,12.28,12.38,12.50,12.50,12.38,12.50,13.03,12.81,13.03,13.03,13.03,12.81,13.17,12.94,13.17,13.25,13.47,13.83,14.27,14.84,16.48,19.58,21.95,22.70,23.23,23.38,23.59,23.69,24.03,24.03,24.22,24.44,24.66,24.56,25.19,25.31,25.41,25.72,25.62,25.84,26.06,26.06,26.69,26.59,26.91,26.81,27.12,27.34,27.66,27.88,27.97,27.97,28.19,28.41,27.97,28.19,28.41,28.72,28.72,29.03,28.81,28.94,28.81,29.03,29.03,29.25,29.16,28.94,28.81,29.03,29.16,29.25,29.03,29.34,29.34,29.78,29.64,29.47,29.34,29.34,29.25,29.34,29.25,29.56,29.16,29.34,29.16,29.16,29.16,29.03,29.03,28.94,29.16,29.16,29.16,29.16,29.25,29.16,28.94,28.72,28.62,28.50,28.41,28.62,28.41,28.19,28.41,28.50,28.28,28.09,27.97,27.66,27.97,27.97,27.75,27.75,27.44,27.88,27.66,27.44,27.66,27.53,27.66,27.97,27.66,27.66,27.75,27.66,27.53,27.53,27.22,26.81,26.81,27.00,26.91,26.81,26.81,27.12,26.91,27.00,26.69,26.59,26.81,26.47,26.30,26.38,25.94,25.84,25.62,25.62,25.41,25.62,25.41,25.19,25.19,24.88,24.56,24.66,24.44,24.56,24.44,24.44,24.34,24.44,24.44,24.44,24.22,24.44,24.34,24.22,24.56,24.44,24.56,24.88,24.78,24.97,25.19,25.31,25.31,25.62,25.41,25.53,25.72,25.41,25.31,25.31,24.88,25.19,25.09,25.31,25.19,25.19,24.97,24.78,24.22,23.59,22.84,21.95,21.20,20.23,18.59,16.39,14.84,14.27,13.61,13.61,13.39,13.25,13.25,13.25,13.17,13.39,13.39,13.25,13.25,13.39,13.17
13.39,13.47,13.25,13.03,13.17,13.03,12.72,12.72,12.59,13.03,12.94,12.72,12.59,12.72,12.94,12.50,12.38,12.50,13.03,12.94,12.59,12.72,12.72,12.72,12.50,12.06,12.14,12.14,11.92,12.38,12.06,12.06,12.38,12.38,12.59,12.59,12.59,12.38,12.38,12.38,12.59,12.59,12.14,12.38,12.72,12.81,12.59,13.03,13.03,13.03,12.94,12.72,13.03,13.25,13.25,13.25,13.83,13.83,14.48,16.39,19.44,21.52,22.62,23.06,23.38,23.59,23.91,23.81,24.03,24.22,24.56,24.44,24.88,25.19,25.19,25.41,25.72,25.84,25.94,26.30,26.30,26.59,26.59,26.69,26.81,27.22,27.22,27.66,27.75,27.88,27.97,28.09,28.41,28.41,28.50,28.72,28.72,29.03,29.03,29.16,28.94,28.72,29.03,28.94,29.25,29.03,29.25,29.03,29.03,29.16,29.16,29.34,29.56,29.56,29.56,29.56,29.56,29.47,29.47,29.16,29.25,29.34,29.16,29.25,29.34,29.25,29.16,29.34,29.16,29.47,29.25,29.03,29.34,29.64,29.47,29.34,29.34,29.25,29.03,28.94,28.72,28.72,28.72,28.72,28.62,28.50,28.72,28.62,28.41,28.19,27.97,28.09,27.97,27.97,27.97,28.09,28.09,27.88,27.88,27.75,27.66,27.75,27.53,27.88,27.88,27.75,27.44,27.34,27.22,27.12,27.12,26.81,26.91,26.81,26.69,26.81,26.81,26.81,26.81,26.81,26.81,26.69,26.38,26.30,26.06,25.94,25.94,25.72,26.06,25.62,25.41,25.41,25.19,25.09,24.97,24.66,24.56,24.56,24.56,24.34,24.22,24.56,24.22,24.34,24.44,24.44,24.44,24.44,24.44,24.56,24.66,24.88,24.44,24.78,24.88,24.97,25.41,25.31,25.84,25.31,25.41,25.19,25.19,25.31,24.97,25.09,25.31,25.19,25.41,25.19,25.09,24.88,24.56,24.22,23.69,23.16,21.95,21.08,20.55,19.05,16.70,14.62,14.27,13.73,13.47,13.39,13.17,13.17,13.25,13.47,13.17,13.17,13.25,13.17,13.25,13.47
13.47,13.39,13.25,12.81,13.03,13.03,12.59,12.38,12.81,12.81,12.94,12.50,12.59,12.81,12.72,12.59,12.50,12.38,12.59,12.50,12.50,12.59,12.72,12.50,12.59,12.06,12.06,11.92,12.38,12.38,12.06,12.50,12.06,12.50,12.50,12.59,12.28,12.50,12.38,12.28,12.38,12.14,12.38,12.38,12.81,12.50,12.72,12.72,12.72,13.03,13.03,12.72,13.17,13.03,12.94,13.25,13.73,13.83,14.70,16.25,19.12,21.52,22.41,22.94,23.16,23.59,23.69,23.91,24.03,24.34,24.34,24.56,24.66,24.78,25.09,25.31,25.53,26.16,25.94,26.06,26.38,26.59,26.69,26.69,26.81,27.00,27.22,27.53,27.66,27.66,27.97,28.28,28.50,28.41,28.62,28.62,28.94,28.72,28.72,28.94,28.81,28.94,29.16,29.03,29.34,29.16,29.34,29.16,29.03,29.25,29.34,29.47,29.64,29.56,29.56,29.34,29.16,29.25,29.16,29.16,29.16,29.16,29.16,29.16,29.16,29.16,29.16,29.16,29.03,29.03,28.94,29.16,28.94,29.16,29.34,29.34,29.16,29.16,29.03,29.16,29.03,28.72,28.72,28.72,28.72,28.72,29.03,28.94,28.62,28.41,28.28,28.50,28.19,28.19,28.19,28.19,28.09,27.97,27.75,27.75,27.53,27.88,27.75,27.97,27.75,27.66,27.53,27.66,27.22,27.22,27.12,26.81,26.47,26.81,26.81,26.81,26.81,26.81,26.59,26.69,26.81,26.69,26.38,26.47,26.30,25.84,26.06,25.62,25.53,25.62,25.19,24.97,25.31,25.19,24.88,24.78,24.66,24.56,24.56,24.22,24.34,24.34,24.34,24.44,24.44,24.44,24.34,24.34,24.22,24.44,24.66,24.44,24.56,24.56,24.88,25.09,25.31,25.41,25.53,25.62,25.19,24.97,25.19,24.97,24.78,24.88,24.97,25.19,24.97,25.31,24.97,25.09,24.97,24.56,23.81,23.23,22.17,21.30,20.11,19.12,16.61,14.84,14.05,13.83,13.25,13.17,13.17,13.25,13.03,13.17,13.25,13.25,13.03,13.17,13.25,13.17
13.25,13.25,13.03,12.59,12.81,12.38,12.50,12.72,12.72,12.72,12.28,12.38,12.59,12.72,12.59,12.38,12.81,12.72,12.38,12.59,12.72,12.50,12.59,12.59,12.06,12.38,12.38,12.38,12.28,12.38,12.14,12.59,12.38,12.59,12.50,12.38,12.38,12.38,12.72,12.59,12.38,12.06,12.50,12.59,12.81,12.81,12.72,13.03,13.03,12.72,12.81,12.94,13.17,13.17,13.47,13.47,13.47,13.73,14.27,15.81,18.69,21.20,22.27,22.84,23.16,23.69,23.59,23.81,24.03,24.22,24.44,24.56,24.78,24.97,25.09,25.53,25.84,25.62,26.16,26.30,26.06,26.69,26.59,26.81,27.00,27.22,27.66,27.53,27.75,27.88,28.28,28.41,28.62,28.72,28.72,28.72,28.94,28.94,29.03,29.34,29.03,29.25,29.34,29.34,29.34,29.56,29.64,29.34,29.34,29.56,29.64,29.88,29.56,29.34,29.47,29.16,29.03,29.03,29.03,28.94,28.81,29.16,29.16,28.81,29.03,29.03,29.03,28.94,28.94,28.94,29.03,29.16,29.25,29.16,29.16,29.16,29.25,29.03,29.16,29.03,29.03,28.94,29.03,28.72,28.94,28.81,29.03,29.03,28.81,28.81,28.72,28.50,28.41,28.50,28.19,28.41,28.62,28.19,28.09,28.09,27.97,27.97,28.09,28.19,28.09,27.66,27.75,27.75,27.75,27.53,27.44,26.81,26.81,26.81,26.91,26.91,26.81,26.91,26.81,26.81,26.59,26.69,26.30,26.38,26.06,26.16,25.94,25.72,25.62,25.62,25.53,25.41,25.31,24.97,25.09,24.97,24.66,24.56,24.56,24.22,24.56,24.56,24.03,24.03,24.44,24.44,24.34,24.44,24.78,24.56,24.44,24.66,24.88,24.78,24.88,25.19,25.09,25.53,25.62,25.09,25.19,25.19,25.19,24.97,25.09,24.97,25.31,25.09,25.19,25.19,24.97,25.09,25.31,24.56,23.81,23.38,22.27,21.42,20.55,18.69,16.39,14.41,14.05,13.83,13.47,13.61,13.25,13.17,13.03,12.94,13.03,13.25,13.25,13.39,13.25,13.73
13.25,13.25,13.03,12.72,12.72,12.59,12.72,12.50,13.03,12.59,12.72,12.81,12.81,12.81,12.59,12.81,12.72,12.59,12.59,12.72,12.50,12.59,12.72,12.14,12.06,12.28,11.92,11.92,11.92,12.38,12.14,12.38,12.50,12.50,12.14,12.50,12.59,12.38,12.38,12.38,12.06,12.38,12.38,12.50,12.72,12.38,12.59,13.03,13.03,12.94,12.94,12.81,12.81,13.03,13.39,13.17,13.39,13.73,14.19,15.50,18.03,21.08,22.27,22.84,23.06,23.47,23.69,23.59,24.03,24.12,24.44,24.56,24.78,24.88,24.97,25.53,25.62,25.84,26.06,26.16,26.30,26.59,26.59,26.81,26.81,27.22,27.44,27.66,27.66,27.75,28.09,28.41,28.41,28.62,28.72,28.72,28.72,28.94,29.03,29.16,29.34,29.34,29.47,29.56,29.56,29.88,29.64,29.64,29.56,29.64,29.64,29.56,29.25,29.03,29.03,28.81,28.94,28.72,28.62,28.72,28.94,28.62,28.62,28.50,28.94,28.72,28.50,28.72,28.72,29.03,28.62,28.72,28.72,28.62,28.72,28.72,29.03,28.94,28.94,28.72,28.81,28.81,28.50,28.72,28.72,28.72,28.62,28.72,28.72,28.94,28.72,28.50,28.50,28.72,28.62,28.50,28.41,28.41,28.41,28.28,28.09,28.09,28.09,27.97,27.97,27.75,27.66,27.66,27.66,27.53,27.22,26.81,26.91,26.91,26.81,26.69,26.59,26.81,26.59,26.47,26.69,26.81,26.59,26.16,26.38,26.06,26.06,25.84,25.84,25.84,25.41,25.62,25.19,24.97,24.97,24.88,24.78,24.56,24.78,24.34,24.34,24.22,24.22,24.34,24.56,24.22,24.44,24.22,24.34,24.34,24.44,24.56,24.44,24.66,24.78,24.88,24.97,24.97,25.41,25.09,24.97,24.88,24.97,25.09,24.88,24.88,24.88,24.97,25.31,25.09,24.97,25.19,25.09,24.78,24.22,23.47,22.17,21.08,20.02,18.16,15.50,14.48,14.19,13.83,13.39,13.25,13.25,13.39,13.17,12.81,13.25,13.03,13.25,13.03,13.17,13.39
13.47,12.81,12.72,12.38,12.38,12.38,12.94,12.72,12.50,12.72,12.72,12.59,12.38,12.50,12.59,12.59,12.59,13.03,12.72,12.59,12.59,12.50,12.72,12.14,12.59,12.28,12.28,12.38,12.50,12.14,12.06,12.38,12.59,12.59,12.72,12.14,12.38,12.06,12.38,12.50,12.50,12.28,12.59,12.59,12.72,12.50,12.72,12.81,12.72,12.94,12.81,13.17,12.94,13.03,13.17,13.39,13.47,13.73,14.41,15.50,18.16,20.67,22.17,22.94,23.06,23.47,23.81,23.91,24.03,24.22,24.34,24.56,24.66,24.97,25.19,25.41,25.84,25.62,26.06,26.16,26.47,26.59,26.69,26.81,27.12,27.12,27.75,27.44,27.97,27.75,28.09,28.41,28.72,28.62,28.72,29.16,29.03,29.16,29.16,29.16,29.47,29.34,29.78,29.88,30.00,30.17,30.00,29.88,30.00,29.78,29.56,29.34,29.03,28.72,28.81,28.62,28.41,28.50,28.62,28.41,28.19,28.41,28.41,28.28,28.41,28.28,28.28,28.28,28.62,28.50,28.62,28.28,28.41,28.28,28.41,28.41,28.19,28.72,28.50,28.50,28.41,28.50,28.41,28.28,28.41,28.50,28.50,28.50,28.62,28.62,28.62,28.94,28.72,28.94,28.94,28.94,28.81,28.62,28.72,28.41,28.19,28.19,28.19,28.28,28.19,28.09,28.09,27.66,27.44,27.44,27.34,26.91,26.91,26.81,26.81,26.81,26.59,26.81,26.81,26.69,26.81,26.59,26.59,26.06,26.30,26.30,26.06,25.62,25.72,25.62,25.41,25.53,25.19,24.97,24.97,24.78,24.88,24.78,24.56,24.34,24.56,24.44,24.03,24.34,24.34,24.44,24.44,24.44,24.34,24.44,24.44,24.22,24.44,24.66,24.78,24.97,24.88,25.19,25.19,25.19,24.88,25.09,25.09,24.97,24.97,24.88,24.78,24.97,25.19,25.19,25.09,25.53,25.31,24.56,24.03,23.16,21.95,20.77,19.05,16.70,15.06,14.48,14.27,13.95,13.73,13.47,13.39,13.39,13.47,13.17,13.25,13.25,13.39,13.39,13.17,13.39
13.25,13.03,12.72,12.72,12.50,12.81,12.81,12.94,12.72,12.81,12.59,12.38,12.72,12.59,12.50,12.72,12.81,12.59,12.72,12.81,12.72,12.59,12.72,12.50,12.14,12.38,12.50,12.14,12.38,12.38,12.72,12.38,12.50,12.72,12.59,12.50,12.38,12.38,12.59,12.38,12.72,12.28,12.38,12.81,12.81,12.94,12.72,12.59,12.81,12.81,12.94,12.81,13.03,13.47,13.03,13.25,13.47,13.61,14.27,15.28,17.36,20.55,21.95,22.62,22.84,23.59,23.69,23.81,24.12,24.44,24.56,24.56,24.78,25.19,25.31,25.41,25.84,25.72,26.38,26.06,26.38,26.47,26.59,26.59,27.00,27.12,27.34,27.44,27.66,27.75,28.19,28.41,28.72,28.50,28.81,29.03,29.03,29.16,29.34,29.47,29.64,29.64,29.64,29.88,29.88,30.00,30.09,30.00,29.88,29.64,29.03,28.94,28.94,28.50,28.50,28.41,28.19,27.97,28.19,27.75,27.97,28.19,28.09,28.09,28.19,28.09,28.19,28.09,28.28,28.19,28.09,28.09,28.41,28.19,28.28,28.09,28.09,28.19,28.09,28.28,28.09,28.09,27.97,27.97,28.28,28.09,28.19,28.62,28.41,28.50,28.81,28.50,28.72,28.81,29.03,29.03,28.94,29.16,28.62,28.72,28.72,28.50,28.28,28.19,28.09,28.19,28.09,27.75,27.53,27.66,27.22,27.00,26.91,26.91,26.81,26.47,26.81,26.59,26.38,26.81,26.81,26.81,26.81,26.59,26.16,26.16,26.06,25.94,25.84,25.72,25.53,25.62,25.41,24.97,25.09,24.97,24.66,24.66,24.44,24.34,24.22,24.56,24.44,24.44,24.34,24.44,24.22,24.34,24.34,24.66,24.34,24.44,24.34,24.44,24.78,25.09,24.88,24.97,24.88,24.97,24.97,25.09,24.88,24.97,24.78,24.88,25.09,25.09,25.19,24.88,24.97,25.41,25.19,24.78,23.81,22.70,21.20,19.44,17.14,15.59,14.84,14.41,14.05,13.73,13.47,13.47,13.25,13.61,13.17,13.03,13.17,13.17,13.17,13.03,13.47,13.17
13.03,12.81,12.50,12.94,12.81,13.03,13.03,12.72,12.38,12.72,12.72,12.81,12.28,12.38,12.81,12.50,12.81,12.94,12.72,12.59,12.72,12.72,12.14,12.38,12.50,12.38,12.38,12.14,12.38,12.38,12.59,12.50,12.81,12.59,12.59,12.59,12.38,12.38,12.28,12.38,12.38,12.50,12.59,12.72,12.94,12.59,13.03,12.94,12.81,12.94,12.72,12.81,13.03,13.25,13.25,13.03,13.47,13.39,14.05,15.06,17.36,20.45,22.17,22.62,23.06,23.47,23.59,23.91,24.03,24.12,24.34,24.78,24.56,24.88,25.09,25.19,25.84,25.84,26.06,26.30,26.47,26.38,26.81,26.81,26.81,27.22,27.22,27.66,27.75,27.97,27.97,28.41,28.41,28.62,28.94,29.03,28.94,29.25,29.56,29.56,29.88,30.00,29.88,30.00,30.17,30.31,29.78,29.88,29.88,29.16,28.94,28.62,28.50,28.41,28.09,28.28,27.88,28.19,27.88,27.97,27.88,27.88,27.88,27.75,28.19,28.09,27.97,27.66,27.88,28.09,27.88,28.09,27.97,27.97,28.09,27.75,28.19,27.66,27.88,27.88,27.88,27.88,27.88,28.09,27.75,28.09,28.09,28.41,28.19,28.28,28.41,28.41,28.50,28.62,28.94,29.03,29.16,29.03,28.81,28.94,28.72,28.62,28.81,28.72,28.62,28.19,28.19,28.09,27.97,27.66,27.34,27.12,27.00,26.91,26.69,26.69,26.38,26.81,26.59,26.81,26.81,26.69,26.59,26.47,26.30,26.38,25.94,25.72,25.72,25.53,25.53,25.41,25.31,24.97,25.19,24.88,24.78,24.56,24.78,24.44,24.34,24.22,24.34,24.34,24.44,24.22,24.12,24.22,24.34,24.44,24.56,24.22,24.44,24.44,24.56,24.66,24.78,24.78,25.09,24.88,24.56,24.88,24.97,24.88,24.78,24.97,24.88,24.97,24.88,25.19,25.09,25.41,25.41,24.44,23.16,21.52,19.34,17.72,16.70,15.73,15.16,14.62,14.70,14.41,14.27,13.83,13.47,13.95,13.39,13.39,13.83,13.73,13.39,13.61,13.47,13.39
13.03,12.81,12.94,12.59,13.17,13.03,13.17,12.94,12.81,12.50,12.81,12.94,12.50,12.94,12.81,13.03,12.81,13.17,12.72,12.72,12.72,12.50,12.14,12.59,12.50,12.38,12.28,12.14,12.06,12.38,12.50,12.59,12.81,12.50,12.50,12.50,12.38,12.50,12.50,12.50,12.50,12.59,12.72,12.94,12.94,12.94,12.94,13.03,12.72,13.17,12.81,12.94,13.03,13.03,13.17,13.25,13.17,13.61,14.27,14.84,17.05,19.80,21.66,22.48,22.94,23.59,23.59,23.81,23.91,24.12,24.34,24.66,24.66,25.09,25.31,25.41,25.94,25.84,26.06,26.38,26.38,26.38,26.47,26.81,26.91,27.12,27.44,27.44,27.75,27.97,28.28,28.19,28.62,28.41,28.62,28.81,29.03,29.47,29.34,29.78,29.64,30.00,29.88,29.88,30.17,29.88,29.78,29.34,29.16,29.03,28.62,28.50,28.28,28.09,27.88,27.88,27.53,27.66,27.66,27.44,27.88,27.75,27.66,27.66,27.66,27.88,27.66,27.97,27.75,27.66,27.66,27.75,27.88,27.75,27.97,27.66,27.75,27.88,27.66,27.66,27.75,27.66,27.75,27.75,27.44,27.75,27.75,27.97,27.75,28.09,27.97,28.19,28.50,28.41,28.72,28.81,28.81,29.16,28.94,29.16,28.94,29.16,29.03,28.62,28.50,28.50,28.41,28.19,27.97,27.75,27.34,27.22,26.91,26.81,26.59,26.59,26.69,26.59,26.69,26.59,26.91,26.59,26.47,26.47,26.16,26.47,26.38,25.62,25.84,25.72,25.72,25.41,25.31,25.19,25.31,24.88,24.56,24.88,24.66,24.56,24.44,24.34,24.34,24.22,24.44,24.44,24.44,24.12,24.34,24.22,24.44,24.44,24.44,24.56,24.56,24.78,24.44,24.56,24.97,24.97,24.88,24.66,24.66,24.88,24.97,24.88,24.97,25.09,25.09,25.09,25.09,25.53,25.09,23.81,22.27,20.45,18.83,17.94,17.50,16.48,16.17,15.73,15.38,15.16,14.94,14.48,14.19,13.83,14.05,14.05,14.05,13.83,14.05,14.05,13.73,13.25
13.61,13.17,13.25,12.94,13.47,13.47,12.94,12.81,12.72,12.81,12.59,12.81,12.59,12.72,12.72,12.38,12.81,13.03,12.59,12.72,12.81,12.59,12.50,12.59,12.50,12.38,12.59,12.50,12.59,12.81,12.59,12.59,12.50,12.50,12.59,12.59,12.72,12.50,12.38,12.59,12.94,12.59,12.81,12.72,13.03,12.94,12.72,12.81,12.59,13.03,12.81,13.03,13.17,12.94,13.17,13.47,13.47,13.73,13.83,14.84,16.48,19.12,21.52,22.48,22.84,23.23,23.59,23.59,23.91,24.34,24.12,24.56,24.78,24.78,25.31,25.41,25.84,25.84,25.94,25.94,26.47,26.59,26.69,26.81,26.81,27.44,27.22,27.75,27.75,27.88,28.41,28.28,28.62,28.41,28.50,28.94,29.34,29.34,29.47,29.78,29.78,30.00,29.88,29.78,30.00,29.78,29.16,29.03,28.62,28.41,28.28,28.09,27.88,28.09,27.88,27.88,27.75,27.66,27.53,27.66,27.53,27.22,27.53,27.75,27.53,27.66,27.75,27.75,27.44,27.75,27.53,27.66,27.75,27.75,27.66,27.66,27.53,27.53,27.34,27.66,27.53,27.53,27.66,27.53,27.53,27.53,27.66,27.53,27.88,28.09,27.97,28.09,27.88,28.19,28.50,28.72,28.62,29.03,28.94,29.03,28.94,29.16,29.03,29.03,28.94,28.72,28.41,28.19,28.09,27.75,27.44,27.44,466.03,27.22,27.00,26.91,26.81,26.59,26.91,26.91,26.81,26.47,26.69,26.59,26.47,26.47,26.06,26.16,25.84,25.84,25.84,25.72,25.41,25.19,24.97,25.19,24.78,24.78,24.44,24.78,24.56,24.56,24.44,24.34,24.34,24.34,24.56,24.12,24.12,24.34,24.44,24.22,24.12,24.34,24.34,24.44,24.44,24.78,24.78,24.88,24.88,24.66,24.56,24.78,24.88,24.88,24.66,24.97,24.97,24.97,24.97,25.19,25.19,24.44,22.84,21.20,20.23,19.58,19.05,18.47,18.38,17.72,17.50,17.50,17.05,16.61,16.25,16.17,15.73,15.28,15.16,15.28,15.16,15.16,14.84,14.94
14.62,14.84,14.84,14.48,14.27,14.05,13.61,13.47,13.03,12.94,12.94,12.72,12.81,12.72,12.81,13.03,12.81,13.25,12.81,12.72,12.72,12.50,12.72,12.38,12.59,12.59,12.38,12.38,12.38,12.72,12.81,12.59,12.94,12.59,12.50,12.38,12.50,12.14,12.38,12.38,12.50,12.81,12.81,12.81,12.72,12.81,12.72,12.81,12.94,13.17,12.72,13.03,12.94,13.03,13.03,13.17,13.17,13.25,13.47,13.95,14.48,16.03,18.91,21.42,22.41,22.84,23.16,23.47,23.69,24.03,24.03,24.34,24.78,24.56,24.78,25.31,25.31,25.72,25.84,26.06,26.30,26.38,26.38,26.59,26.91,27.00,27.22,27.66,27.66,27.97,27.75,28.41,28.41,28.62,28.72,28.81,29.25,29.56,29.64,29.56,29.78,29.78,29.64,29.88,29.78,29.56,29.16,29.25,28.62,28.72,28.28,28.19,27.88,27.66,27.75,27.88,27.66,27.66,27.44,27.44,27.53,27.66,27.44,27.66,27.44,27.66,27.75,27.66,27.53,27.75,27.66,27.66,27.88,27.66,27.97,27.53,27.75,27.44,27.34,27.53,27.88,27.53,27.66,27.53,27.44,27.53,27.66,27.66,27.75,27.66,27.75,27.75,27.97,28.19,27.97,28.09,28.28,28.19,28.28,28.62,28.94,28.94,29.16,29.03,29.16,29.16,28.72,28.72,28.41,28.19,28.09,27.75,27.44,27.53,27.44,27.22,26.91,27.00,27.00,26.81,26.91,26.81,26.81,26.69,26.47,26.30,26.06,26.47,26.16,26.06,25.72,25.62,25.53,25.31,25.31,25.09,25.09,24.97,24.88,24.56,24.56,24.34,24.66,24.44,24.56,24.34,24.34,24.22,24.12,24.34,24.44,24.12,24.12,24.44,24.44,24.44,24.56,24.56,24.44,24.56,24.66,24.22,24.78,24.44,24.66,24.78,24.78,24.88,24.66,24.88,24.88,24.88,24.44,23.23,21.73,20.89,20.55,19.80,19.22,19.05,18.91,18.83,18.47,18.38,18.25,17.94,17.50,17.50,17.36,17.05,16.70,16.83,16.92,16.70,16.70,16.61
16.39,16.48,16.39,15.95,16.17,15.50,15.16,14.48,13.83,13.61,13.39,13.17,13.25,13.17,12.81,12.94,13.03,12.94,13.03,12.81,12.72,12.50,12.50,12.81,12.38,12.59,12.50,12.38,12.72,12.06,12.38,12.59,12.81,12.50,12.50,12.50,12.72,12.50,12.38,12.50,12.50,12.72,12.94,12.50,12.81,12.81,12.72,12.72,12.59,13.17,12.94,12.81,13.03,13.03,13.03,13.39,12.94,13.17,13.25,13.61,14.41,15.95,18.03,20.89,22.09,22.84,23.06,23.38,23.47,23.91,24.03,24.44,24.34,24.44,24.97,24.97,25.31,25.72,25.72,26.06,26.30,26.47,26.69,26.59,26.81,26.81,27.34,27.75,27.97,27.88,27.88,28.19,28.50,28.72,28.72,29.03,29.16,29.25,29.47,29.64,29.64,29.64,29.78,29.64,29.56,29.16,29.03,28.94,28.62,28.19,28.19,27.97,27.75,27.75,27.75,27.53,27.34,27.34,27.22,27.44,27.34,27.44,27.75,27.44,27.44,27.66,27.66,27.75,27.75,27.66,27.75,27.75,27.66,27.75,27.53,27.75,27.53,27.44,27.44,27.66,27.66,27.53,27.53,27.66,27.53,27.66,27.66,27.34,27.66,27.53,27.75,27.75,27.88,27.97,27.75,27.97,28.09,28.09,28.50,28.50,28.72,28.72,28.72,29.03,29.16,29.25,28.94,28.72,28.72,28.50,28.19,28.09,27.66,27.66,27.22,27.22,27.34,26.91,27.12,27.12,26.81,26.81,26.69,26.81,26.30,26.47,26.47,26.30,25.84,26.06,26.06,25.62,25.72,25.41,25.53,24.97,24.88,24.78,24.88,24.78,24.44,24.56,24.56,24.44,24.44,24.22,24.12,24.03,24.03,24.22,24.22,24.03,24.12,24.03,24.22,24.44,24.56,24.44,24.56,24.66,24.56,24.34,24.56,24.34,24.66,24.56,24.88,24.88,24.78,24.88,24.78,24.22,22.94,21.73,20.98,20.77,20.11,19.58,19.88,19.44,19.34,18.91,18.83,18.69,18.59,18.59,18.25,18.38,17.94,17.94,17.72,17.72,17.58,17.50,17.58,17.28
17.28,17.14,17.05,17.05,16.70,16.83,16.61,16.48,15.73,14.94,14.70,14.70,14.19,13.73,13.39,13.39,13.39,13.17,13.03,12.81,13.03,12.50,12.72,12.50,12.59,12.59,12.28,12.59,12.38,12.59,12.81,12.72,12.59,12.72,12.94,12.59,12.81,12.59,12.50,12.59,12.81,12.72,12.59,12.81,12.72,12.94,13.25,12.59,12.72,12.72,12.81,13.03,12.72,13.17,12.94,12.94,12.94,13.03,13.25,13.73,14.48,15.50,17.72,20.55,22.09,22.48,23.16,23.59,23.69,23.69,23.91,24.34,24.56,24.56,24.97,25.19,25.41,25.84,25.84,25.94,26.38,26.47,26.47,26.69,26.81,27.00,27.12,27.66,27.97,28.09,28.19,28.19,28.50,28.72,28.94,28.94,29.25,29.16,29.56,29.64,29.78,29.78,29.56,29.56,29.47,29.16,29.16,28.81,28.50,28.28,28.09,27.97,27.88,27.75,27.88,27.75,27.44,27.53,27.66,27.44,27.44,27.66,27.53,27.66,27.66,27.66,27.88,27.66,27.75,27.66,27.66,27.75,27.75,27.97,27.75,27.75,27.53,27.44,27.75,27.44,27.66,27.34,27.53,27.34,27.53,27.34,27.22,27.53,27.53,27.66,27.53,27.44,27.75,27.66,27.66,27.75,27.88,28.19,28.09,28.41,28.41,28.41,28.62,29.16,29.25,29.16,29.03,29.03,28.72,28.28,28.19,28.09,27.88,27.88,27.34,27.34,27.22,27.22,27.00,26.81,26.69,26.81,26.91,26.81,26.69,26.38,26.30,26.06,26.06,25.84,25.84,25.62,25.62,25.53,25.41,25.31,24.97,24.97,24.88,24.78,24.56,24.56,24.66,24.56,24.03,24.22,24.22,24.34,24.03,24.03,24.44,24.12,24.12,24.22,24.22,24.34,24.56,24.34,24.44,24.34,24.44,24.56,24.56,24.78,24.56,24.78,24.78,24.97,24.66,24.78,24.78,23.38,22.27,21.52,20.89,20.89,20.33,20.02,19.66,19.80,19.66,19.44,19.12,19.05,19.34,18.91,18.59,18.38,18.38,18.47,17.94,18.03,17.80,17.94,17.94,17.72
17.58,17.28,17.36,17.50,17.36,17.50,16.70,16.70,16.39,16.48,16.48,15.81,15.59,15.16,14.62,14.70,14.41,12.59,12.94,12.94,12.72,12.50,12.72,12.81,12.59,12.59,12.38,12.38,12.59,12.50,12.81,12.72,12.50,12.59,12.38,12.50,12.38,12.72,12.06,12.38,12.50,12.72,12.59,12.50,12.59,12.59,12.59,12.81,12.81,12.94,12.81,12.72,12.81,12.94,12.59,13.03,12.94,13.03,13.39,13.47,14.05,14.94,16.70,20.02,21.73,22.41,23.06,23.38,23.59,23.69,23.81,24.03,24.22,24.56,24.97,24.88,25.31,25.31,25.62,25.84,26.47,26.38,26.47,26.59,26.81,27.00,26.91,27.53,27.88,28.09,27.88,28.19,28.28,28.50,28.62,28.94,29.16,29.25,29.34,29.47,29.47,29.56,29.25,29.34,29.16,29.16,28.94,28.72,28.41,28.09,27.97,28.09,27.75,27.66,27.44,27.66,27.53,27.53,27.34,27.66,27.44,27.44,27.44,27.44,27.75,27.75,27.88,28.09,28.09,27.88,27.97,28.09,28.19,27.97,27.97,27.75,27.75,27.66,27.66,27.44,27.75,27.53,27.44,27.34,27.34,27.44,27.34,27.53,27.53,27.44,27.75,27.53,27.66,27.66,27.88,27.53,27.75,27.53,27.75,27.97,28.19,28.09,28.62,29.03,28.94,28.94,28.94,29.03,28.81,28.28,28.09,28.09,27.75,27.97,27.66,27.34,27.44,27.00,26.91,26.81,26.81,26.81,26.81,26.69,26.47,26.38,26.16,26.06,26.30,26.06,25.94,25.62,25.41,25.62,25.31,24.97,24.97,24.88,24.88,24.66,24.56,24.44,24.22,24.03,24.22,24.22,24.12,23.91,23.91,24.22,24.12,24.12,24.22,24.34,24.44,24.03,24.03,24.44,24.34,24.34,24.34,24.34,24.22,24.22,24.56,24.22,24.78,24.78,24.56,24.78,24.22,22.62,21.88,21.20,20.89,20.77,20.23,20.11,20.02,19.88,19.44,19.66,19.44,19.44,19.34,19.22,19.12,19.44,19.12,18.59,18.25,18.25,18.38,18.03,17.72,17.94
17.72,18.03,17.72,17.58,17.50,17.50,17.05,17.28,17.14,16.70,16.61,16.70,16.17,16.03,16.17,15.81,15.59,13.03,12.94,13.03,12.72,12.72,12.59,12.81,12.38,12.72,12.38,12.50,12.72,12.81,12.59,12.94,12.72,12.81,12.94,12.59,12.81,12.50,12.59,12.59,12.59,13.03,12.72,12.59,12.81,12.50,12.94,12.81,13.03,12.72,12.81,12.94,12.81,13.03,12.72,13.03,13.25,13.17,13.61,13.83,14.05,14.84,16.61,19.34,21.52,22.27,23.06,23.16,23.47,23.81,23.91,24.12,24.66,24.56,24.88,24.97,24.97,25.41,25.53,26.06,26.06,26.38,26.47,26.59,26.81,27.12,27.44,27.53,27.75,27.97,28.41,28.41,28.19,28.94,29.03,29.16,29.25,29.34,29.34,29.78,29.88,29.56,29.34,29.16,29.03,29.03,28.72,28.62,28.41,28.62,28.09,28.19,28.19,27.97,27.97,27.97,27.75,27.75,27.97,27.88,27.53,27.97,27.66,27.88,27.97,28.09,28.19,28.28,28.50,28.41,28.62,28.50,28.50,28.41,28.19,28.09,27.97,28.09,27.75,27.88,27.53,27.44,27.66,27.75,27.53,27.44,27.44,27.44,27.66,27.44,27.53,27.53,27.66,27.66,27.66,27.75,27.97,27.75,27.75,27.97,27.97,27.97,28.50,28.62,28.62,28.72,28.72,28.62,28.81,28.62,28.50,28.09,27.97,27.97,27.88,27.44,27.22,27.22,27.34,27.12,26.91,26.81,26.81,26.81,26.38,26.38,26.30,26.30,25.94,26.06,25.94,25.72,25.84,25.62,25.41,25.19,25.09,24.97,25.19,25.19,24.44,24.44,24.34,24.12,24.03,24.22,24.22,24.12,24.12,24.34,24.12,24.12,24.03,24.22,24.34,24.03,24.03,24.03,24.44,24.12,24.34,24.12,24.34,24.78,24.44,24.88,24.88,24.56,24.97,24.56,23.69,22.09,21.88,21.30,21.08,20.77,20.67,20.23,20.45,19.88,20.11,19.80,19.80,19.88,19.80,19.66,19.44,19.58,19.22,18.91,18.83,18.59,18.47,18.47,18.69,18.03
18.03,18.25,18.25,17.80,17.72,17.50,17.72,17.50,17.28,16.92,16.92,16.61,17.14,16.83,16.48,16.70,16.48,13.03,12.94,13.03,12.72,12.81,12.50,12.38,12.59,12.59,12.50,13.03,12.94,12.72,12.59,12.50,12.50,12.94,12.59,12.50,12.59,12.50,12.72,12.72,12.94,12.81,13.03,12.38,12.72,13.03,12.72,12.72,12.81,12.94,12.94,12.81,12.94,12.81,12.81,12.81,12.94,13.25,13.25,13.61,13.83,14.70,15.73,18.16,21.08,22.41,22.94,23.38,23.38,23.69,23.91,24.22,24.66,24.78,25.09,25.09,25.19,25.31,25.62,26.06,25.94,26.38,26.59,26.81,26.81,27.12,27.44,27.75,27.75,27.88,28.09,28.28,28.62,29.03,29.16,29.16,29.16,29.34,29.78,29.56,29.56,29.56,29.25,29.25,29.03,28.81,28.94,28.62,28.72,28.28,28.19,28.41,28.19,28.09,28.19,28.19,28.09,27.97,28.09,27.75,27.97,27.97,27.97,28.19,28.09,28.19,28.41,28.62,28.72,28.94,29.03,28.81,28.94,28.72,28.81,28.41,28.72,28.50,28.19,27.97,27.88,27.88,27.97,27.66,27.66,27.53,27.34,27.66,27.44,27.44,27.22,27.44,27.53,27.53,27.66,27.66,27.66,27.75,27.66,27.53,27.88,28.09,28.09,28.19,28.62,28.62,28.62,28.62,28.72,28.62,28.81,28.41,28.28,27.97,27.66,27.66,27.53,27.34,27.22,27.00,26.81,26.81,26.81,26.69,26.69,26.30,26.38,26.38,26.30,26.16,25.94,25.84,25.62,25.72,25.31,25.41,25.19,24.78,24.97,24.78,24.44,24.78,24.56,24.56,24.03,24.22,24.44,23.91,24.03,24.12,24.34,24.03,24.03,24.22,24.34,24.03,24.12,24.03,24.12,24.03,24.12,23.81,24.12,24.22,24.66,24.56,24.88,24.88,24.66,24.56,23.16,21.73,21.66,21.08,20.77,20.89,20.67,20.55,20.45,20.23,20.02,20.11,19.80,19.88,19.88,19.58,19.44,19.44,19.12,19.12,18.83,19.12,18.69,18.91,18.47,18.25
18.38,18.03,18.16,17.94,18.03,18.03,17.94,17.58,17.28,17.14,17.50,17.36,16.92,17.05,16.92,16.61,16.61,13.17,13.03,13.03,12.72,12.72,12.50,12.59,12.59,12.59,13.03,12.81,12.59,12.59,12.81,12.81,12.94,12.72,12.59,12.72,12.59,12.59,12.72,12.72,12.50,12.81,12.72,12.81,12.72,12.81,13.17,12.81,13.25,12.59,12.94,12.72,13.03,13.03,12.72,12.81,12.72,13.17,13.17,13.25,13.61,14.41,15.16,17.36,20.77,21.95,22.70,23.06,23.47,23.59,23.81,24.34,24.34,24.56,24.88,24.97,25.09,25.53,25.62,25.94,25.94,26.30,26.47,26.59,26.81,26.91,27.22,27.66,27.97,27.75,27.75,28.19,28.41,28.94,28.94,29.16,29.34,29.34,29.34,29.34,29.25,29.34,29.25,29.25,29.03,29.03,28.62,28.72,28.62,28.50,28.19,28.50,28.09,28.09,28.09,28.09,27.88,27.97,28.09,28.09,28.19,28.09,28.09,28.28,28.50,28.62,28.94,28.81,28.94,29.16,29.25,29.16,29.34,29.16,29.16,28.94,29.03,28.72,28.72,28.19,28.19,28.09,27.97,27.66,27.75,27.66,27.53,27.66,27.75,27.44,27.44,27.53,27.66,27.34,27.44,27.53,27.53,27.44,27.66,27.44,27.66,28.09,28.09,28.28,28.28,28.28,28.41,28.50,28.62,28.72,28.72,28.28,28.19,27.97,27.88,27.75,27.53,27.53,27.22,27.00,26.91,27.12,26.81,26.81,26.47,26.30,26.06,26.30,26.16,26.30,25.94,25.94,26.06,25.84,25.62,25.31,25.19,24.88,24.97,24.88,24.56,24.78,24.34,24.44,24.22,24.34,24.03,24.34,23.91,23.81,24.03,23.91,23.91,23.81,23.91,24.03,24.03,23.91,23.81,24.03,24.03,24.12,24.03,24.12,24.44,24.44,24.88,24.78,24.66,24.03,22.70,21.66,21.52,21.08,20.98,20.77,20.89,20.45,20.45,20.23,19.88,20.02,19.80,19.80,19.88,19.58,19.58,19.44,19.44,19.05,18.91,19.12,18.91,18.59,18.38,18.25
18.16,18.25,18.38,18.38,18.16,18.16,17.94,18.03,17.94,17.50,17.58,17.28,17.05,16.92,16.83,16.92,16.92,12.81,12.94,13.25,13.25,13.03,13.17,12.72,12.50,12.72,13.03,12.59,13.03,12.81,12.72,12.94,12.81,12.59,13.03,12.72,13.03,12.72,12.94,12.59,12.81,12.72,12.72,12.94,13.03,12.59,12.94,13.03,12.72,13.17,13.25,13.03,12.94,13.03,13.03,12.94,13.03,13.17,13.17,13.25,13.83,14.48,15.16,16.92,20.45,21.88,22.62,23.38,23.47,23.81,23.91,24.22,24.44,24.78,24.97,24.88,25.72,25.84,25.94,26.16,26.30,26.30,26.59,26.81,26.81,27.00,27.34,27.44,27.97,27.88,28.09,28.41,28.81,29.16,29.16,29.16,29.47,29.64,29.56,29.34,29.34,29.34,29.25,29.47,29.25,29.03,29.03,29.03,28.72,28.62,28.62,28.50,28.50,28.41,28.41,28.41,28.09,28.19,28.09,28.28,28.41,28.41,28.28,28.62,28.50,28.94,29.16,29.16,29.34,29.16,29.56,29.56,29.64,29.56,29.88,29.03,29.34,29.34,29.16,28.72,28.62,28.19,28.19,27.97,28.09,27.75,27.88,27.75,27.66,27.75,27.97,27.66,27.97,27.66,27.66,27.53,27.66,27.75,27.66,27.66,27.75,27.66,27.97,28.41,28.41,28.28,28.41,28.62,28.72,28.62,28.62,28.50,28.50,28.19,27.88,27.75,27.53,27.34,27.00,27.22,26.81,27.00,27.00,26.59,26.81,26.30,26.30,26.47,26.16,26.30,26.16,25.94,25.84,25.62,25.53,25.53,25.19,24.88,24.97,24.88,24.66,24.44,24.44,24.56,24.12,24.34,24.34,24.22,23.91,24.03,24.34,24.12,24.03,24.22,24.03,24.03,24.22,24.22,24.03,24.34,24.03,23.91,24.03,24.56,24.56,24.66,24.66,24.78,24.78,23.81,22.41,21.52,21.52,21.42,21.08,20.89,20.89,20.55,20.33,20.33,20.23,20.11,19.80,20.11,19.88,20.11,19.66,19.58,19.80,19.34,19.44,19.12,19.05,18.91,18.69,18.83
18.38,18.25,18.16,18.47,18.47,18.38,18.03,18.16,18.03,17.80,17.58,17.50,17.50,17.28,17.50,17.50,17.28,13.03,12.94,12.81,12.94,12.81,12.72,12.94,12.94,12.81,12.72,13.03,12.81,12.81,13.03,12.50,12.81,12.14,12.59,12.59,12.59,12.72,12.59,12.72,12.59,13.03,12.59,12.81,12.72,13.03,12.94,12.72,12.81,13.17,12.72,12.94,13.03,13.03,13.17,12.72,13.17,13.03,13.25,13.39,13.61,14.41,14.84,16.48,19.58,21.73,22.48,22.84,23.23,23.59,24.03,24.22,24.44,24.44,24.97,24.97,24.88,25.53,25.84,26.06,26.06,26.47,26.38,26.81,27.00,26.91,27.44,27.75,27.97,28.09,28.19,28.72,28.72,29.03,29.16,29.16,29.34,29.16,29.16,29.34,29.34,29.25,29.16,29.25,29.03,28.72,28.94,29.03,28.81,28.41,28.50,28.62,28.62,28.41,28.62,28.50,28.41,28.50,28.28,28.41,28.28,28.50,28.62,28.62,28.62,28.81,29.03,29.25,29.34,29.47,29.64,29.64,30.00,30.00,30.09,29.78,29.34,29.34,29.25,28.81,28.72,28.28,28.50,28.19,28.28,27.97,27.88,27.75,27.75,27.66,27.66,27.53,27.66,27.53,27.75,27.53,27.66,27.66,27.53,27.75,27.66,27.66,27.97,27.97,27.88,28.62,28.62,28.28,28.62,28.41,28.62,28.50,28.28,28.19,27.88,27.53,27.34,27.22,27.12,27.12,26.91,26.59,26.69,26.81,26.59,26.38,26.47,26.47,26.30,26.30,26.06,25.84,25.94,25.53,25.53,25.31,25.09,25.19,25.19,24.78,24.88,24.56,24.34,24.44,24.34,24.12,24.22,24.03,23.81,23.81,23.91,23.91,23.91,23.81,23.91,23.91,24.22,24.03,23.91,24.03,23.69,23.69,24.12,24.22,24.44,24.44,24.56,24.56,24.22,23.06,22.09,21.66,21.20,20.77,20.89,20.55,20.77,20.33,20.45,20.23,20.23,20.33,19.66,19.80,20.02,19.80,19.80,19.88,19.58,19.58,19.05,19.58,19.05,18.83,18.91,18.47
18.16,18.38,18.03,17.94,18.03,18.25,18.38,17.94,18.03,17.72,17.72,17.50,17.58,17.72,17.36,17.28,17.05,12.72,12.81,12.81,12.72,13.03,13.03,12.50,12.94,13.03,13.17,13.03,12.59,12.81,12.94,12.81,12.94,12.72,12.59,13.03,12.50,12.81,12.94,12.94,13.17,13.03,13.03,12.81,12.72,12.81,12.72,12.81,13.03,13.03,13.03,13.03,13.17,13.03,13.25,12.94,13.25,13.17,13.47,13.17,13.73,14.27,14.70,15.73,18.38,21.20,22.48,23.23,23.59,23.69,24.03,24.12,24.44,24.88,25.09,25.09,25.19,25.53,25.62,25.84,26.30,26.38,26.47,26.81,27.00,27.12,27.44,27.88,28.09,28.41,28.41,28.62,28.94,29.34,29.03,29.25,29.34,29.34,29.16,29.16,29.25,29.03,29.16,29.03,29.03,29.03,28.94,29.03,28.81,28.50,28.62,28.72,28.62,28.50,28.62,28.50,28.50,28.28,28.62,28.50,28.62,28.62,28.72,28.94,28.94,28.81,29.03,29.16,29.56,29.25,29.64,29.78,30.00,30.09,30.00,29.88,29.88,29.56,466.03,29.16,29.03,29.16,28.72,28.62,28.50,28.50,28.19,28.09,27.97,27.97,27.97,27.97,27.88,27.97,27.75,28.09,27.66,27.75,27.88,27.97,27.75,27.75,27.97,27.97,27.88,28.28,28.19,28.19,28.28,28.41,28.41,28.50,28.72,28.41,28.19,27.97,27.75,27.53,27.22,27.22,26.91,26.81,26.81,26.91,26.59,26.81,26.30,26.47,26.30,26.38,26.06,25.94,25.84,26.06,25.62,25.62,25.53,25.31,25.09,24.97,24.78,24.66,24.44,24.44,24.56,24.34,24.34,24.12,24.03,24.03,24.22,24.03,24.03,24.03,23.91,24.03,23.91,23.91,23.69,24.03,24.03,24.03,23.91,24.12,24.22,24.34,24.56,24.66,24.56,24.03,22.62,21.88,21.30,21.08,20.67,20.67,20.98,20.55,20.77,20.23,20.23,20.33,20.23,20.02,19.80,19.80,20.02,19.88,19.66,19.66,19.44,19.34,19.12,19.12,18.91,18.91
18.83,18.25,18.38,18.38,18.38,18.38,18.59,18.16,18.03,18.25,18.03,18.03,17.72,17.50,17.58,17.50,17.58,17.14,13.25,13.03,12.72,12.81,13.17,13.03,12.81,13.25,13.03,13.03,12.81,12.81,13.17,12.81,12.72,12.94,13.03,12.59,12.94,12.59,12.72,12.72,12.72,12.81,12.81,12.81,13.03,13.17,12.94,13.03,12.94,12.72,13.03,13.17,12.94,13.03,12.94,12.94,13.17,13.03,13.03,13.25,13.25,13.73,14.19,14.48,15.50,17.14,20.55,22.09,22.94,23.23,23.69,24.12,24.12,24.56,24.56,24.88,24.88,25.19,25.62,25.84,25.94,26.06,26.30,26.59,26.91,27.00,27.34,27.44,27.97,28.19,28.19,28.62,28.62,28.81,29.34,29.03,29.16,29.34,29.16,29.16,29.25,29.25,29.16,29.16,29.03,29.03,29.03,29.03,28.94,28.72,28.94,28.72,28.81,28.72,28.62,28.62,28.72,28.62,28.62,28.72,28.62,28.72,28.72,29.03,29.16,29.03,28.94,29.16,29.25,29.64,29.78,30.00,29.88,30.09,30.09,29.88,30.09,29.56,29.34,29.56,29.16,29.03,29.03,28.72,28.72,28.50,28.41,28.41,28.19,28.09,28.19,28.09,28.09,28.09,27.97,27.75,27.66,27.97,27.75,27.75,27.75,27.75,27.75,28.09,28.09,28.09,28.09,28.28,28.41,28.19,28.62,28.41,28.50,28.09,28.19,28.09,28.09,27.66,27.34,27.00,27.22,26.81,26.91,26.59,26.81,26.81,26.59,26.59,26.30,26.30,26.06,26.06,25.62,25.84,25.84,25.31,25.41,24.97,24.88,25.09,24.88,24.44,24.56,24.56,24.34,24.22,24.12,24.12,23.91,23.91,24.03,24.03,24.03,23.91,23.91,23.59,23.91,23.81,23.69,23.59,24.03,23.81,23.91,23.91,24.12,24.56,24.56,24.44,24.56,23.69,22.41,21.73,21.42,21.08,20.77,20.89,20.67,20.67,20.55,20.45,20.55,20.23,20.23,19.80,19.80,19.88,19.34,19.22,19.58,19.44,19.34,19.58,19.44,19.44,18.91,18.83
18.59,18.38,18.25,18.16,18.03,18.25,18.38,18.38,18.38,18.03,18.03,18.03,17.94,17.94,17.50,17.50,17.50,17.36,12.59,13.03,12.72,13.17,12.81,13.03,12.81,12.72,13.03,13.03,13.03,13.03,12.72,13.03,12.94,12.72,12.81,12.81,12.81,12.94,12.59,12.50,13.03,12.94,12.81,12.72,12.81,12.81,13.03,13.17,12.81,12.81,13.17,12.72,12.94,12.81,12.94,12.72,13.03,12.94,13.17,13.39,13.39,13.61,14.05,14.27,14.70,16.39,19.58,21.88,22.84,23.38,23.59,24.03,24.03,24.22,24.88,24.78,25.19,25.09,25.62,25.62,25.84,26.16,26.38,26.59,26.69,26.91,27.12,27.44,27.75,28.09,28.28,28.19,28.81,29.16,29.34,29.25,29.16,29.16,29.16,29.34,29.34,29.25,29.16,29.03,29.16,29.03,29.16,29.03,29.03,28.94,28.94,28.72,28.72,28.72,29.03,28.81,28.94,29.16,28.94,28.72,28.94,28.72,29.03,29.03,29.03,29.03,28.81,29.25,29.56,30.00,30.00,30.17,30.00,30.31,30.17,30.09,30.17,29.78,30.00,29.78,29.25,29.25,29.03,29.03,28.94,28.50,28.62,28.50,28.62,28.19,28.19,28.09,28.28,28.28,27.97,28.19,28.09,27.97,28.09,28.09,28.09,27.88,27.88,28.09,27.97,27.88,27.97,28.28,28.19,28.41,28.41,28.41,28.19,28.19,28.19,27.88,28.09,27.75,27.44,27.12,26.47,26.81,26.69,26.69,26.59,26.81,26.47,26.47,26.30,26.16,26.30,25.84,25.94,25.72,25.62,25.31,25.31,25.09,25.09,25.19,24.56,24.34,24.44,24.22,24.34,24.22,24.22,24.03,24.12,23.91,23.81,24.03,23.59,24.12,23.81,23.69,23.81,24.03,23.69,23.69,23.91,23.69,24.03,24.22,24.22,24.78,24.34,24.66,24.22,23.16,21.88,21.08,20.89,20.98,20.67,20.45,20.55,20.45,20.23,20.23,20.33,20.33,20.11,19.88,19.88,19.58,19.88,19.34,19.58,19.44,19.44,19.58,19.34,19.12,19.12,18.83
18.59,18.59,18.38,18.03,18.25,18.47,18.16,18.25,18.25,18.25,18.16,18.16,18.03,18.25,17.72,17.58,17.80,17.58,12.81,13.03,13.03,12.72,12.94,12.72,13.03,12.94,13.03,12.94,13.03,13.03,13.03,13.03,12.94,12.72,13.03,12.72,13.03,12.81,12.72,12.59,12.81,12.81,12.94,12.81,12.81,13.03,13.03,12.94,13.03,13.03,13.03,12.72,12.72,13.03,13.03,12.94,13.03,13.25,13.03,13.25,13.47,13.61,14.05,13.95,14.62,15.81,18.25,21.20,22.62,23.06,23.69,23.69,24.03,24.44,24.56,24.78,24.97,25.09,25.31,25.53,25.84,25.94,26.47,26.59,26.91,26.91,27.34,27.44,27.88,28.19,28.19,28.41,29.03,28.72,29.25,29.03,29.34,29.34,29.47,29.25,29.16,29.25,29.25,29.16,29.25,28.94,29.16,28.94,29.03,29.03,29.03,28.94,29.03,28.94,28.72,29.03,28.94,28.81,28.72,29.16,29.03,28.94,29.03,29.25,29.16,28.94,29.03,29.56,29.47,29.78,30.09,30.17,30.09,30.31,30.31,30.00,30.00,29.78,29.78,29.78,29.47,29.25,29.16,29.03,28.94,28.72,28.72,28.62,28.72,28.41,28.19,28.41,28.19,28.28,28.19,28.19,28.09,27.97,28.09,28.41,28.09,28.09,27.66,27.88,28.09,27.97,28.09,28.09,28.09,28.41,28.41,28.41,28.28,28.41,28.19,28.19,27.75,27.75,27.75,27.12,26.81,26.69,26.91,26.81,26.81,26.69,26.30,26.47,26.16,25.94,25.94,26.30,25.84,25.62,25.41,25.41,25.19,24.88,24.88,24.88,24.78,24.66,24.34,24.44,24.34,24.12,24.34,24.12,23.81,23.81,23.91,24.03,23.81,23.81,23.69,23.69,23.91,23.69,23.59,23.59,23.69,23.69,23.91,24.22,24.12,24.78,24.44,24.44,23.81,22.09,21.30,21.08,20.89,20.89,20.67,20.55,20.45,20.33,20.02,19.88,20.02,20.11,20.11,19.80,19.88,19.34,19.66,19.80,19.44,19.44,19.12,19.44,19.12,19.22,19.22,18.91
18.91,18.83,18.47,18.38,18.16,18.38,18.38,18.38,18.16,17.94,17.94,17.94,18.03,17.94,17.58,17.58,17.72,17.58,13.17,12.81,12.50,12.59,12.81,12.81,13.03,13.03,12.81,12.81,13.03,12.81,12.72,13.03,12.81,13.03,12.72,12.50,12.59,12.50,12.59,12.94,13.03,12.81,12.81,12.72,12.72,12.72,12.72,12.81,13.03,12.72,12.94,12.81,12.59,12.81,12.81,12.81,13.03,12.94,12.81,12.94,13.25,13.61,13.83,14.05,14.19,14.94,17.05,20.33,21.95,23.06,23.38,23.81,23.81,24.22,24.44,24.56,24.88,24.88,25.53,25.53,25.72,25.84,26.06,26.47,27.00,27.12,27.44,27.44,27.88,28.09,28.41,28.62,28.72,29.16,29.16,29.03,29.03,29.03,29.25,29.16,29.16,29.03,29.16,29.03,29.16,29.16,29.16,29.16,29.03,28.94,29.03,28.81,28.94,29.03,28.94,28.94,29.03,28.81,29.16,29.16,29.03,29.16,29.03,29.25,29.03,29.16,29.25,29.25,30.00,29.78,30.17,30.00,30.00,30.53,30.53,30.31,30.17,30.00,29.88,29.78,29.56,29.34,29.16,28.94,28.94,28.81,28.72,28.62,28.62,28.41,28.19,28.41,28.50,28.09,28.41,28.19,28.19,28.09,28.09,28.19,27.75,27.97,28.09,27.97,28.19,28.19,27.75,27.97,28.09,28.19,28.28,28.28,28.19,28.28,28.19,28.09,27.88,27.75,27.75,27.34,27.12,26.47,26.81,26.91,26.69,26.47,26.47,26.38,26.06,26.16,26.06,25.84,25.72,25.53,25.41,25.31,25.19,24.97,24.66,24.97,24.66,24.44,24.34,24.44,24.12,24.12,24.12,24.03,23.81,24.03,23.69,23.81,23.91,23.81,23.81,23.59,23.69,23.69,23.69,23.59,23.81,23.59,23.69,23.81,24.22,24.12,24.44,24.44,23.06,21.52,20.67,20.33,20.23,20.23,20.23,20.23,20.11,20.23,20.02,19.80,19.80,19.88,19.88,19.80,19.66,19.66,19.58,19.44,19.34,19.22,18.91,19.12,18.83,18.91,18.91,19.05
18.59,18.59,18.59,18.16,18.25,18.25,18.03,18.25,18.38,17.94,18.03,18.03,17.94,18.03,17.80,17.72,17.72,17.36,13.25,13.17,12.94,12.94,13.03,13.17,12.94,13.17,13.17,13.03,13.03,13.03,13.03,13.03,12.81,12.72,12.72,12.94,12.81,12.81,12.50,12.72,12.81,12.72,12.94,12.94,13.17,12.72,12.81,13.03,12.81,13.03,13.03,12.81,12.72,12.81,13.17,12.81,13.03,13.03,13.03,13.25,13.25,13.73,13.73,14.27,14.19,15.16,16.48,19.44,21.73,22.84,23.59,23.91,24.12,24.34,24.56,24.78,24.97,25.19,25.31,25.72,25.84,26.30,26.47,26.59,27.00,27.22,27.34,27.75,27.75,28.19,28.41,28.62,28.81,29.03,29.16,29.47,29.16,29.25,29.47,29.34,29.16,29.25,29.16,29.03,29.03,29.16,29.03,29.16,29.03,29.03,28.94,28.94,29.03,29.03,28.81,29.16,29.16,29.16,29.25,29.34,29.34,29.16,29.34,29.34,29.34,29.56,29.56,29.64,30.09,30.17,30.17,30.09,30.31,30.62,30.31,30.41,30.41,30.00,30.00,29.88,29.56,29.78,29.56,29.16,29.25,28.94,29.03,28.62,28.72,28.72,28.41,28.41,28.62,28.41,28.50,28.19,28.19,28.19,28.41,28.19,28.09,27.97,28.19,28.09,28.09,28.09,28.19,28.09,28.09,28.19,28.09,28.28,28.41,28.09,28.09,28.09,28.19,27.97,27.53,27.44,27.22,26.81,26.91,26.59,26.81,26.69,26.38,26.30,26.30,26.06,26.06,25.94,25.53,25.41,25.41,25.41,25.19,24.97,24.56,24.66,24.78,24.56,24.44,24.12,24.03,24.12,23.91,24.12,23.81,23.81,23.91,23.81,23.81,23.81,23.69,23.69,23.59,23.91,23.69,23.38,23.69,23.59,23.59,23.81,24.44,24.56,24.66,23.81,22.48,20.98,20.11,19.44,19.44,19.44,19.66,20.02,19.66,20.11,19.58,19.58,19.58,19.34,19.88,19.58,19.80,19.58,19.34,19.44,19.12,19.12,19.22,19.05,18.91,18.91,19.12,19.05
18.91,18.83,18.91,18.38,18.25,18.38,18.03,18.25,18.03,18.03,18.25,18.03,18.03,18.25,17.94,17.94,17.58,17.72,13.25,13.03,13.03,13.03,12.94,13.17,13.17,13.03,13.17,13.25,13.17,13.03,12.72,12.94,13.03,13.17,13.03,12.72,12.72,12.94,12.72,12.72,12.72,13.17,13.03,12.72,12.59,12.94,12.50,13.03,12.59,13.39,13.03,13.03,13.17,12.72,13.17,13.25,13.03,13.17,13.17,12.94,13.39,13.39,13.95,14.05,14.05,14.70,15.81,18.38,21.08,22.48,23.59,23.81,23.81,24.34,24.56,24.78,24.97,25.19,25.41,25.72,26.06,26.16,26.47,26.81,26.91,27.12,27.22,27.97,28.09,28.41,28.50,28.72,28.72,29.16,29.16,29.03,29.34,29.25,29.34,29.34,29.34,29.16,29.34,29.34,29.34,29.16,29.16,29.16,29.03,29.16,29.25,29.03,29.16,29.16,29.16,29.16,29.34,29.16,29.47,29.47,29.34,29.78,29.78,29.88,29.88,29.88,30.00,30.09,30.53,30.31,30.53,30.53,30.53,30.70,30.53,30.62,30.41,30.09,30.53,30.09,29.64,29.78,29.34,29.03,29.34,29.16,28.72,28.72,28.62,28.72,28.72,28.41,28.50,28.62,28.62,28.50,28.28,28.62,28.41,28.41,28.09,27.97,28.09,28.09,28.41,28.09,28.19,28.19,28.19,28.19,28.41,28.41,28.19,28.19,28.19,28.19,28.09,27.97,27.66,27.44,27.12,27.00,26.81,26.81,26.81,26.69,26.38,26.47,26.47,25.94,25.72,25.84,25.62,25.62,25.53,25.31,25.19,24.97,24.56,24.88,24.66,24.44,24.56,24.44,24.34,24.12,24.03,24.12,24.03,23.69,23.81,23.69,23.59,23.81,23.69,23.59,23.81,23.59,23.59,23.59,23.69,23.69,23.69,24.03,24.34,24.56,24.12,23.23,21.88,20.11,19.58,19.12,18.91,19.12,19.12,19.22,19.12,19.44,19.44,19.34,19.58,19.05,19.12,19.05,19.66,19.34,19.44,19.58,18.91,19.12,18.69,18.83,18.59,18.83,18.91,18.69
18.83,18.83,18.83,18.69,18.47,18.38,18.47,18.03,18.03,17.72,17.94,18.03,18.16,18.16,17.72,17.94,17.94,17.80,12.81,13.03,12.94,12.94,13.25,13.03,12.81,13.03,13.03,13.03,13.03,13.17,13.03,13.03,13.03,13.03,12.94,12.81,12.94,12.72,12.59,12.59,12.81,12.81,12.50,13.03,13.03,12.59,13.17,13.03,13.03,12.81,13.03,13.03,12.72,12.81,12.81,13.03,13.25,13.17,13.03,13.39,13.47,13.73,13.61,13.73,14.05,14.41,15.38,17.05,20.23,22.41,23.38,23.69,23.91,24.34,24.34,24.88,25.19,25.41,25.72,25.84,26.30,25.84,26.47,26.59,27.12,27.22,27.66,27.75,27.97,28.50,28.19,28.41,28.94,29.25,29.25,29.25,29.34,29.34,29.34,29.34,29.56,29.34,29.16,29.34,29.16,29.16,29.34,29.25,29.16,29.34,29.34,29.25,29.16,29.16,29.34,29.16,29.34,29.56,29.64,29.64,29.64,29.78,30.00,29.78,30.09,30.00,30.17,30.17,30.53,30.53,30.62,30.70,30.70,30.84,30.84,30.84,30.62,30.31,30.53,30.09,29.64,29.88,29.56,29.34,29.16,29.16,29.03,28.94,28.81,28.94,28.72,28.94,28.72,28.81,28.28,28.72,28.62,28.50,28.19,28.41,28.19,28.50,28.09,28.41,28.41,28.19,28.09,28.19,28.09,28.28,28.09,28.19,28.28,28.09,28.19,28.19,28.09,27.97,27.53,27.53,27.22,27.00,26.91,26.91,26.81,26.59,26.47,26.06,26.06,25.94,25.94,25.84,25.53,25.53,25.62,25.19,25.09,24.97,24.78,24.88,24.56,24.56,24.44,24.34,24.44,24.03,24.03,23.69,23.81,24.03,24.12,23.91,23.81,23.81,23.69,23.91,23.81,23.59,23.59,23.59,23.91,23.91,23.69,24.34,24.44,24.78,24.22,22.48,21.08,19.80,19.34,19.12,19.05,19.12,19.12,19.05,18.91,18.91,18.69,18.83,19.12,19.05,19.12,19.05,19.05,19.05,19.34,19.05,18.83,18.83,18.69,18.69,18.69,18.59,18.47,18.83
18.59,18.47,18.47,18.47,18.47,18.25,18.16,18.25,18.25,17.80,17.94,18.03,17.94,17.94,17.94,17.80,17.80,17.72,13.17,12.94,13.03,13.39,12.81,13.17,13.17,13.03,13.17,13.03,12.81,12.81,13.03,13.03,12.81,12.81,13.03,12.94,12.72,12.81,13.03,13.03,13.03,13.03,12.72,12.72,13.03,12.72,12.72,12.72,12.94,13.03,12.59,13.17,12.81,12.94,12.81,12.81,12.94,13.17,13.17,13.39,13.39,13.47,13.61,13.73,13.73,14.27,15.06,16.39,19.22,21.88,23.16,23.59,23.81,24.03,24.44,24.88,24.97,25.53,25.62,25.62,25.84,26.06,26.47,26.59,27.22,27.22,27.66,27.75,28.09,28.19,28.62,28.62,28.81,29.03,29.03,29.25,29.16,29.56,29.25,29.34,29.34,29.47,29.16,29.25,29.34,29.16,29.25,29.16,29.16,29.16,29.16,29.25,29.25,29.16,29.56,29.56,29.78,29.56,29.47,29.78,30.17,30.00,30.17,30.31,30.53,30.53,30.41,30.53,30.84,30.84,30.70,30.84,30.94,30.84,31.02,30.84,30.53,30.53,30.17,30.17,30.00,29.78,29.56,29.64,29.34,29.16,29.16,29.03,29.03,28.94,28.72,28.94,28.81,28.94,28.72,28.62,28.50,28.50,28.19,28.19,28.41,28.41,28.19,27.97,28.28,28.19,28.19,27.75,28.19,28.19,28.19,28.19,28.41,28.28,28.41,28.09,27.75,27.88,27.66,27.75,27.34,27.22,26.81,26.91,27.00,26.47,26.30,26.38,26.30,25.94,25.84,25.62,25.62,25.31,25.31,24.97,24.97,24.97,24.78,24.88,24.44,24.34,24.56,24.44,23.91,24.22,23.91,24.03,23.81,23.69,23.81,23.81,23.69,23.81,23.59,23.59,23.47,23.81,23.59,23.59,24.03,23.91,23.81,24.44,24.66,24.44,23.59,21.88,20.89,20.33,19.88,19.44,18.91,19.22,19.34,18.47,18.91,19.05,18.69,18.91,18.91,18.91,19.05,18.69,18.91,18.83,18.83,18.83,18.59,18.69,18.69,18.38,18.47,18.47,18.38,18.47
18.25,18.59,18.38,18.16,18.03,18.03,18.03,18.16,17.94,17.94,18.03,18.25,18.38,18.03,17.94,17.80,17.58,17.80,13.03,13.03,13.03,13.03,13.39,13.17,13.47,13.39,13.17,12.81,13.39,12.94,13.03,13.03,12.94,13.03,13.25,12.81,13.03,13.03,13.03,13.03,12.81,12.94,12.81,12.81,12.81,13.03,13.03,13.03,12.81,12.72,12.81,12.81,12.94,12.81,13.03,12.72,13.25,13.03,13.17,13.25,13.39,13.61,13.61,13.73,13.95,14.27,14.70,15.81,18.47,21.08,22.70,23.38,24.03,24.22,24.12,24.78,24.88,24.97,25.31,25.72,25.94,26.16,26.38,26.69,27.00,27.34,27.53,27.66,28.41,28.41,28.41,28.62,28.72,29.16,29.34,29.25,29.16,29.16,29.34,29.34,29.34,29.47,29.25,29.34,29.25,29.56,29.34,29.16,29.56,29.25,29.34,29.25,29.56,29.56,29.56,29.47,29.64,29.78,30.00,30.09,30.00,30.17,30.31,30.31,30.41,30.62,30.62,30.70,30.84,30.53,30.70,30.62,31.02,31.02,31.02,30.70,30.84,30.70,30.84,30.53,30.17,30.17,29.78,29.64,29.56,29.25,29.03,29.25,29.03,29.03,29.03,28.94,28.94,28.62,28.72,28.72,28.41,28.19,28.41,28.62,28.28,28.41,28.19,28.28,28.28,28.28,28.28,28.19,28.28,28.50,28.19,28.19,28.19,27.97,28.19,28.09,28.19,28.09,27.75,27.75,27.34,26.91,27.12,27.00,26.81,26.91,26.38,26.30,26.38,26.06,26.30,25.84,25.53,25.53,25.53,25.19,24.97,24.88,24.78,24.88,24.56,24.34,24.22,24.22,24.03,24.03,23.81,24.03,23.91,23.69,23.81,23.91,23.69,23.59,23.69,23.59,23.59,23.59,23.38,23.59,23.91,23.81,24.12,24.34,24.34,24.22,23.59,21.73,20.89,20.55,19.88,19.66,19.44,19.12,19.34,18.83,19.44,19.05,19.05,18.83,19.12,19.12,18.69,18.83,18.91,18.83,18.91,18.83,18.59,18.47,18.47,18.38,18.47,18.38,18.59,18.38
18.59,18.47,18.47,18.38,18.25,18.03,18.25,18.03,18.16,17.72,18.03,17.72,17.94,18.03,17.94,18.03,18.16,17.80,13.25,12.94,13.03,13.25,13.17,12.94,13.03,13.25,13.17,13.03,13.25,12.81,12.81,13.03,13.03,13.17,12.81,13.03,13.03,13.03,13.03,13.03,12.81,12.94,13.03,12.59,12.50,12.94,13.17,12.72,12.94,12.81,12.81,13.03,13.03,12.94,13.03,12.94,13.17,12.81,13.03,13.25,13.25,13.17,13.39,13.47,13.83,14.05,14.48,15.50,17.36,20.33,22.48,23.16,23.91,24.03,24.34,24.44,24.88,24.97,25.53,25.84,25.94,26.06,26.47,26.59,27.00,27.34,27.34,27.75,27.97,28.41,28.62,28.72,28.94,29.03,29.25,29.34,29.34,29.16,29.56,29.64,29.56,29.78,29.34,29.47,466.03,29.34,29.47,29.56,29.34,29.34,29.47,29.34,29.25,29.56,29.16,29.78,29.78,29.78,29.88,30.17,30.09,30.41,30.31,30.41,30.53,30.70,30.53,30.70,30.62,30.53,30.94,30.84,31.02,30.70,31.16,31.16,30.62,30.70,30.70,30.53,30.53,30.09,30.09,29.88,29.64,29.78,29.34,29.25,29.34,29.16,29.16,29.03,29.16,28.81,28.81,28.62,28.62,28.62,28.41,28.50,28.41,28.62,28.28,28.19,28.19,28.50,28.19,28.19,27.88,28.19,28.09,28.41,28.09,28.19,28.09,28.19,27.88,27.75,28.09,27.66,27.53,27.53,27.22,27.22,26.91,27.00,26.81,26.38,26.16,26.30,25.94,25.94,25.62,25.41,25.41,24.97,24.88,25.09,24.88,24.66,24.56,24.44,24.44,24.22,24.34,24.12,24.22,24.03,23.91,23.59,23.69,23.69,23.69,23.91,23.69,23.59,23.59,23.47,23.91,23.69,23.69,23.81,23.81,24.03,24.34,24.56,24.12,23.16,21.73,20.77,20.67,20.55,20.02,19.58,19.58,19.44,19.58,19.22,19.12,19.05,19.12,18.83,19.12,19.12,18.59,18.83,18.83,18.91,18.59,18.83,18.69,18.38,18.38,18.47,18.25,18.69
18.47,18.38,18.38,18.47,18.25,18.38,17.94,18.16,18.03,17.94,17.94,17.72,18.16,17.72,17.94,18.03,17.94,17.94,18.16,13.03,13.17,13.17,13.25,13.03,13.25,13.17,13.03,13.17,12.72,13.25,13.03,12.81,13.25,13.03,13.17,13.03,13.17,12.81,13.03,12.81,12.81,13.17,12.59,12.72,12.72,12.81,12.81,13.03,13.03,12.81,12.94,12.94,13.03,12.50,12.72,13.17,12.72,12.94,13.03,12.81,13.17,13.39,13.61,13.47,13.73,13.61,13.73,14.48,15.06,16.83,19.12,21.73,23.06,24.03,24.12,24.22,24.78,25.09,25.09,25.53,25.94,25.84,26.30,26.38,26.91,27.22,27.34,27.66,27.66,27.88,28.28,28.41,28.72,28.94,29.16,29.16,29.16,29.34,29.47,29.34,29.47,29.47,29.78,29.56,29.56,29.47,29.64,29.56,29.56,29.34,29.34,29.56,29.25,29.56,29.47,29.78,29.64,30.00,30.00,30.09,30.09,30.53,30.53,30.70,30.31,30.53,30.53,30.62,30.70,30.84,30.94,30.70,30.94,30.84,30.94,31.02,31.02,30.94,30.84,30.84,30.62,30.09,30.31,30.17,30.00,30.09,29.78,29.34,29.34,29.34,29.16,29.03,29.03,29.03,29.03,28.72,28.62,28.62,28.81,28.50,28.72,28.62,28.41,28.19,28.28,28.19,28.41,28.41,28.09,27.88,28.19,28.19,28.09,28.19,28.09,28.09,28.09,27.88,27.75,27.97,27.75,27.66,27.12,27.22,27.12,26.91,26.59,26.38,26.16,25.94,25.94,25.94,25.62,25.62,25.19,25.41,25.09,24.88,24.88,24.56,24.78,24.56,24.44,24.22,24.34,24.22,23.91,24.03,23.91,23.91,23.91,23.59,23.69,23.69,23.81,23.69,23.59,23.59,23.81,23.69,23.81,23.91,23.91,24.12,24.44,24.34,24.03,22.41,21.52,21.08,20.77,20.33,20.11,19.88,19.88,19.66,19.44,19.44,19.34,19.05,19.12,19.22,19.05,18.83,18.83,18.69,18.83,18.91,18.38,18.59,18.47,18.38,18.38,18.38,18.38,18.47
18.83,18.47,18.25,18.03,18.47,18.25,18.38,17.94,17.72,18.03,17.94,18.03,17.80,18.16,17.94,17.94,17.94,17.80,18.03,13.17,13.17,13.17,13.17,13.17,13.17,13.17,13.03,13.39,12.94,13.03,13.03,13.39,13.03,13.17,13.03,13.17,13.17,13.17,13.03,13.03,12.94,12.72,12.81,13.03,12.94,12.94,12.81,12.81,13.03,13.03,13.03,13.03,12.72,13.03,12.81,13.17,12.81,12.94,13.17,13.03,13.39,13.47,13.47,13.83,14.05,13.73,13.95,14.41,14.84,15.95,17.94,20.67,22.62,23.47,24.03,24.22,24.56,24.88,25.31,25.53,25.84,26.30,26.06,26.81,26.81,27.12,27.22,27.75,27.97,28.19,28.41,28.81,28.72,29.03,29.16,29.16,29.25,29.56,29.56,29.25,29.25,30.00,29.78,29.47,29.64,29.56,29.56,29.56,29.64,29.25,29.47,29.47,29.56,29.56,29.64,29.78,29.88,30.09,30.09,30.09,30.41,30.17,30.53,30.53,30.53,30.31,30.70,31.02,30.84,30.62,30.84,30.84,30.62,31.02,31.16,30.84,30.84,31.02,30.84,30.62,30.53,30.17,30.17,30.31,30.00,30.00,29.78,29.78,29.64,29.64,29.34,29.25,29.16,29.16,29.16,28.81,29.16,28.62,28.50,28.62,28.62,28.50,28.41,28.28,28.62,28.41,28.41,28.41,28.09,28.09,28.28,28.09,28.19,28.09,28.19,28.19,28.09,27.97,27.97,27.97,27.66,27.66,27.22,27.22,26.91,26.81,26.81,26.38,26.47,26.38,25.94,25.94,25.84,25.62,25.31,25.19,25.09,24.78,24.78,24.66,24.56,24.78,24.22,24.22,24.22,24.03,24.03,24.03,23.91,24.03,23.69,23.81,23.59,24.03,23.81,23.59,23.69,23.69,23.59,23.59,23.69,23.91,24.12,24.22,24.44,24.44,23.59,22.41,21.95,21.08,20.67,20.55,20.33,19.88,19.88,19.80,19.80,19.34,19.22,19.12,18.91,19.12,18.91,18.69,18.91,19.05,18.91,19.05,18.83,18.83,18.59,18.38,18.47,18.25,18.25,18.38
18.47,18.59,18.69,18.38,18.47,18.47,18.38,18.25,18.25,18.38,18.03,18.03,18.38,18.25,18.03,18.25,18.03,18.16,18.03,13.25,12.94,13.17,13.03,13.39,13.25,13.03,13.03,13.17,13.17,13.17,12.81,13.17,13.39,13.17,13.03,13.25,13.03,13.25,13.25,12.81,13.25,13.25,13.25,13.03,12.72,12.94,12.81,12.81,12.50,13.03,12.94,13.03,13.03,12.72,13.03,12.94,13.17,13.03,12.81,13.03,13.39,13.25,13.17,13.47,13.47,13.61,13.73,14.19,14.84,15.16,16.92,19.44,22.17,23.23,24.03,24.22,24.56,24.88,24.88,25.41,25.62,25.94,26.30,26.38,26.91,27.12,27.22,27.97,28.09,28.28,28.50,28.72,29.03,28.94,29.16,29.34,29.47,29.34,29.25,29.56,29.78,29.56,29.56,29.78,29.56,29.56,29.56,29.64,29.34,29.64,29.64,29.56,29.56,29.64,29.56,29.78,30.00,30.17,30.17,30.17,30.17,30.31,30.41,30.53,30.62,30.70,30.70,30.70,30.70,30.84,30.84,30.70,30.53,30.70,30.84,31.02,30.70,30.84,30.62,30.70,30.53,30.53,30.53,30.41,30.17,30.09,30.00,29.78,29.56,29.56,29.34,29.25,29.25,29.25,29.25,28.94,29.03,28.81,28.72,28.50,28.62,28.50,28.41,28.19,28.41,28.41,28.41,28.50,28.28,27.97,28.09,28.19,28.19,28.19,28.09,27.97,27.75,27.88,27.97,27.53,27.75,27.53,27.12,27.00,27.00,27.00,26.59,26.59,26.47,26.30,25.72,25.84,25.53,25.62,25.31,25.41,24.88,24.97,24.88,24.56,24.56,24.34,24.22,24.03,23.81,24.22,24.03,23.91,24.03,23.69,23.81,23.81,23.91,23.59,23.59,23.59,23.81,23.59,23.59,23.59,23.69,23.91,24.22,24.56,24.34,24.22,23.23,22.17,21.52,20.98,20.77,20.67,20.11,20.23,20.02,19.80,19.88,19.44,19.58,19.34,19.22,19.12,19.05,18.83,18.83,18.83,18.47,18.59,18.69,18.69,18.38,18.16,18.16,18.59,18.59,18.47
18.25,18.47,18.47,18.47,18.47,18.38,18.38,18.16,18.03,18.16,18.03,18.25,18.25,18.25,18.25,18.16,18.03,17.94,18.25,13.39,13.03,13.17,13.17,13.17,12.81,13.25,12.94,13.25,13.17,13.03,13.03,13.17,13.17,13.17,13.25,13.03,13.03,13.17,13.25,13.25,13.03,13.03,12.94,13.17,13.25,12.59,13.03,12.94,12.81,12.81,12.81,12.81,13.17,13.17,13.25,13.17,13.03,13.17,12.81,13.25,13.39,13.61,13.17,13.73,13.47,13.73,13.61,13.73,14.27,14.84,16.17,18.69,21.42,23.06,23.91,23.91,24.66,24.78,25.09,25.31,25.72,26.06,26.06,26.59,26.81,27.22,27.53,27.66,28.19,28.19,28.28,28.62,28.72,29.03,29.03,29.25,29.25,29.34,29.56,29.64,29.56,29.56,29.64,29.56,29.64,29.56,29.56,29.78,29.64,29.56,29.56,29.78,29.56,29.64,29.56,29.88,29.88,30.00,30.09,30.31,30.53,30.31,30.17,30.31,30.70,30.84,30.84,30.84,30.84,30.84,30.94,30.70,30.62,30.84,30.84,30.84,30.70,30.70,30.84,30.70,30.70,30.31,30.41,30.41,30.17,30.31,29.88,29.88,30.00,29.56,29.64,29.56,29.47,29.25,29.03,29.03,28.94,28.81,28.94,28.62,28.62,28.62,28.62,28.50,28.50,28.41,28.28,28.19,28.41,28.28,28.09,28.19,28.19,28.09,28.09,28.19,27.75,27.88,27.97,27.97,27.66,27.34,27.53,27.12,26.81,26.81,26.69,26.59,26.47,26.30,26.06,25.84,25.94,25.72,25.53,25.19,24.97,24.66,24.88,24.34,24.66,24.22,24.34,24.12,24.12,23.91,24.12,24.03,23.91,23.91,23.59,23.81,23.59,23.81,23.59,23.59,23.47,23.59,23.59,23.91,24.12,24.03,24.44,24.22,24.56,23.59,22.84,21.88,21.42,21.20,20.89,20.67,20.67,20.02,19.80,19.80,19.66,19.58,19.80,19.12,19.34,19.12,19.12,18.91,18.83,18.91,18.91,18.69,18.59,18.69,18.69,18.38,18.25,18.38,18.25,18.38
18.38,18.16,18.25,18.38,18.25,18.03,18.03,18.03,18.25,18.38,18.03,18.25,18.47,18.16,18.38,17.80,18.03,18.25,18.03,13.47,13.03,13.39,13.25,13.39,13.25,12.94,12.94,12.94,13.39,13.25,13.17,13.03,13.17,13.17,13.17,13.39,13.03,13.25,13.03,13.17,13.17,13.25,13.03,13.17,13.03,12.81,12.72,12.81,13.03,13.03,12.81,13.03,13.17,13.03,12.94,13.17,13.39,13.25,13.03,13.47,13.47,13.39,13.47,13.95,13.47,13.83,13.73,13.73,14.27,14.62,15.81,17.72,20.55,22.41,23.59,24.03,24.34,24.88,24.97,25.41,25.84,25.84,26.30,26.38,26.69,27.22,27.66,27.66,27.97,28.19,28.28,28.72,28.50,29.03,29.03,29.25,29.25,29.25,29.78,29.56,29.88,29.56,29.47,29.78,29.78,29.88,29.56,29.64,29.56,29.78,29.78,29.78,29.64,29.64,29.88,29.78,30.09,30.17,30.09,29.88,30.53,30.53,30.53,30.70,30.62,30.70,30.70,30.94,30.84,31.02,30.84,30.62,30.70,30.70,30.53,30.94,30.70,30.70,30.70,30.84,30.62,30.53,30.41,30.31,30.41,30.09,30.00,30.09,29.64,29.64,29.56,29.56,29.64,29.25,29.16,29.34,29.16,29.16,28.81,28.72,28.72,28.62,28.72,28.19,28.62,28.50,28.28,28.41,28.41,28.09,28.41,27.75,28.09,28.09,28.09,28.09,28.09,27.88,27.97,27.97,27.75,27.75,27.22,27.12,26.81,26.91,26.81,26.38,26.59,26.30,26.30,25.94,25.62,25.53,25.41,25.19,24.88,24.97,24.88,24.56,24.56,24.34,24.12,24.12,24.12,24.22,24.03,23.91,23.81,23.69,23.81,23.91,23.81,23.69,23.69,23.59,23.38,24.12,23.69,24.12,24.12,24.44,24.44,24.66,24.34,23.38,22.62,21.66,21.66,21.30,20.89,20.89,20.67,20.33,20.02,19.80,19.88,19.66,19.66,19.44,19.12,19.58,19.22,19.05,18.83,18.83,18.83,18.83,18.59,18.59,18.38,18.47,18.38,18.03,18.38,18.16
18.47,18.47,18.38,18.38,18.25,18.25,18.16,18.03,18.03,18.25,18.16,18.59,18.59,18.16,18.03,17.94,18.25,18.16,17.94,13.25,13.25,13.39,13.25,13.17,13.39,13.03,13.25,13.03,13.25,13.17,13.17,13.03,13.03,13.17,13.03,13.03,12.94,13.17,12.81,13.17,13.03,12.94,12.81,13.03,13.25,12.94,12.72,13.17,12.94,12.94,12.94,13.03,13.03,12.81,13.03,13.17,13.03,13.25,13.17,13.17,13.25,13.61,13.73,13.73,13.47,13.73,13.83,13.73,14.27,14.70,15.73,18.03,19.80,21.88,23.47,23.81,24.44,24.88,25.09,25.31,25.84,25.84,26.38,26.38,26.59,26.91,27.22,27.66,28.09,28.19,28.41,28.50,28.62,28.72,29.03,29.03,29.03,29.34,29.34,29.78,29.56,29.64,29.47,29.56,29.88,29.64,29.64,29.78,29.64,29.78,29.56,29.56,29.34,29.56,29.88,30.00,29.78,29.78,29.88,30.00,30.09,30.62,30.53,30.53,30.53,30.70,30.84,30.84,30.70,30.84,30.53,30.41,30.53,30.31,30.62,30.31,30.53,30.31,30.70,30.41,30.53,30.17,30.31,30.17,30.00,30.17,30.09,30.09,29.88,29.56,29.78,29.34,29.34,29.34,29.16,29.16,29.16,29.03,28.81,28.81,28.81,28.62,28.62,28.50,28.50,28.50,28.50,28.19,28.19,28.19,28.19,28.09,28.41,28.09,28.09,27.97,27.97,27.88,27.75,27.75,27.44,27.53,27.34,27.22,27.00,26.81,26.81,26.47,26.47,26.06,26.06,25.84,25.53,25.53,25.31,25.09,25.09,24.97,24.88,24.44,24.88,24.56,24.44,24.34,24.44,24.03,24.12,24.03,23.69,23.81,23.91,23.69,23.81,23.47,23.59,23.91,23.69,23.59,23.69,24.12,24.22,24.34,24.34,24.44,23.91,23.06,22.62,22.09,21.52,21.08,21.08,20.89,20.89,20.33,20.45,20.11,19.88,20.02,19.80,19.44,18.91,19.12,19.12,19.12,18.83,18.83,18.83,18.47,18.47,18.47,18.47,18.25,18.25,18.38,18.25,18.25
18.25,18.25,18.25,18.38,18.03,18.03,18.03,18.03,18.38,18.25,18.38,18.59,18.38,18.03,17.94,17.72,17.80,17.94,18.25,13.47,13.47,13.39,13.47,13.25,13.47,13.17,13.39,13.03,13.47,13.39,13.17,13.39,13.17,13.25,13.47,13.25,13.25,13.25,13.39,13.03,12.94,12.94,13.03,13.39,13.25,13.03,12.81,12.94,13.03,12.94,12.81,12.72,13.03,12.81,13.03,13.39,13.03,12.94,13.47,13.03,13.17,13.73,13.83,14.19,13.83,14.27,14.41,14.62,14.84,15.81,16.48,18.03,19.88,21.42,23.23,24.03,24.44,24.44,25.09,25.31,25.84,25.94,25.94,26.47,26.81,27.12,27.44,27.66,27.88,28.19,28.41,28.94,28.72,28.81,29.16,29.16,29.34,29.25,29.47,29.34,29.47,29.64,29.56,29.88,29.64,29.56,29.64,30.00,29.56,29.78,29.88,29.56,29.47,29.47,29.88,29.78,29.78,30.00,29.78,30.17,30.09,30.09,30.41,30.17,30.53,30.62,30.53,30.41,30.41,30.53,30.53,30.53,30.53,30.53,30.53,30.53,30.41,30.53,30.31,30.62,30.17,30.17,30.41,30.09,30.00,29.88,29.78,29.88,29.78,29.64,29.25,29.47,29.64,29.25,29.34,29.34,29.16,29.16,29.03,29.03,28.81,28.81,28.62,28.62,28.62,28.62,28.50,28.50,28.19,28.19,28.41,28.09,28.19,28.19,27.88,27.97,28.09,27.97,27.97,27.75,27.75,27.53,27.22,27.22,27.22,27.12,26.59,26.59,26.59,26.59,25.72,25.94,25.62,25.62,25.31,25.41,24.97,24.78,24.78,24.56,24.66,24.56,24.44,24.12,24.56,24.22,24.22,23.91,23.91,24.12,23.81,24.03,23.81,23.81,23.81,23.91,23.91,24.03,24.03,24.34,24.34,24.56,24.56,24.34,23.69,22.70,22.27,21.88,21.52,21.42,20.89,20.89,20.67,20.77,20.45,20.02,20.11,19.66,19.88,19.44,19.44,19.44,19.34,19.05,18.38,19.12,18.83,18.83,18.59,18.38,18.59,18.25,18.16,18.25,18.59,18.59
17.94,18.47,18.38,18.25,18.16,18.03,18.16,18.03,18.59,18.69,18.47,18.25,18.47,18.25,18.38,18.03,17.94,18.25,18.03,13.25,13.25,13.25,13.17,13.03,13.25,12.94,13.17,13.03,13.03,13.03,13.17,13.17,13.17,13.25,13.25,13.25,13.03,13.39,13.25,13.25,13.03,13.03,12.81,12.81,13.17,12.59,12.50,13.03,12.72,13.03,13.03,13.17,13.03,13.03,13.17,13.17,13.03,13.17,13.17,13.25,13.73,13.83,13.83,14.05,14.70,15.06,15.73,15.73,16.48,17.05,17.50,17.94,19.44,20.98,22.48,23.59,24.56,24.44,24.97,25.19,25.62,25.84,26.06,26.06,26.59,26.91,27.34,27.44,27.75,28.19,28.09,28.41,28.41,28.72,28.72,29.03,29.03,29.16,29.25,29.34,29.16,29.34,29.78,29.64,29.64,29.56,29.56,29.64,29.64,29.64,29.64,29.56,29.64,29.64,29.78,29.56,29.64,29.78,29.64,29.64,29.88,30.17,30.09,30.17,30.17,30.31,30.31,30.31,30.41,30.31,30.17,30.09,30.09,30.17,30.17,30.17,30.09,30.17,30.17,30.17,30.00,30.00,29.78,30.17,29.78,29.78,29.64,29.88,29.56,29.47,29.56,29.25,29.25,29.16,29.34,29.16,29.47,29.03,29.16,28.94,28.94,28.72,28.72,28.72,28.19,28.62,28.19,28.09,28.41,28.19,27.97,28.09,27.97,27.97,27.88,27.97,27.88,27.75,27.75,27.53,27.44,27.34,27.34,26.91,27.12,27.00,26.81,26.59,26.38,26.30,26.06,25.94,25.53,25.41,25.19,25.31,24.88,24.56,24.78,24.66,24.56,24.66,24.34,24.12,24.03,24.34,23.81,23.91,23.91,23.81,23.69,23.69,23.69,23.81,23.69,24.03,24.03,23.91,23.91,24.34,24.44,24.44,24.44,23.81,23.16,22.48,21.95,21.95,21.52,21.30,21.08,20.89,20.67,20.23,20.33,20.02,19.88,19.88,19.58,19.12,19.22,19.34,18.91,19.12,18.47,18.47,18.47,18.59,18.03,18.03,18.25,18.25,18.03,18.25,18.03,17.94
18.16,18.03,18.03,17.72,18.03,17.94,18.03,17.80,18.16,18.47,18.38,18.25,18.59,18.03,18.03,17.80,18.03,18.16,18.16,13.39,13.03,13.61,13.25,13.17,13.25,13.03,13.03,13.39,13.39,13.25,13.47,13.03,13.47,13.39,13.39,13.39,13.39,13.17,13.47,12.94,13.03,13.03,13.39,13.17,13.17,13.03,13.03,12.94,12.94,13.03,13.17,13.17,13.03,12.94,12.81,13.03,13.39,13.39,13.39,13.83,14.19,14.62,15.06,15.50,15.95,16.17,16.61,16.48,16.70,17.28,17.72,18.16,19.58,20.77,22.09,23.38,24.22,24.78,24.97,25.53,25.31,25.72,26.30,26.16,26.47,26.81,27.22,27.53,27.97,27.97,28.19,28.41,28.62,28.72,28.81,29.03,29.34,29.03,29.16,29.34,29.34,29.25,29.34,29.64,29.78,29.64,29.34,29.56,29.56,29.64,29.78,29.64,29.64,29.64,29.56,29.64,29.88,29.56,29.64,29.56,29.56,29.88,29.64,29.88,30.00,30.00,30.09,30.00,30.00,30.00,30.17,30.09,30.09,30.09,29.88,30.00,29.88,29.88,30.17,30.09,29.64,29.64,29.88,29.78,29.88,29.78,29.78,29.34,29.56,29.78,29.34,29.03,29.56,29.34,29.16,29.34,29.25,29.16,29.16,29.03,28.72,28.81,28.72,28.41,28.62,28.62,28.41,28.50,28.19,28.19,28.09,28.19,27.97,28.19,28.09,27.88,27.97,27.75,27.66,27.66,27.66,27.34,27.12,27.12,26.91,27.00,26.69,26.38,26.30,26.06,26.06,25.84,25.72,25.31,25.19,25.19,24.88,24.56,24.88,24.56,24.66,24.44,24.34,24.03,24.22,24.03,24.03,23.91,23.91,23.69,23.81,24.22,23.81,23.59,24.12,24.03,24.03,24.34,24.22,24.56,24.56,24.97,24.44,23.59,23.06,22.48,22.41,21.88,21.88,21.30,20.98,21.08,20.45,20.23,20.55,20.02,19.88,19.88,19.66,19.44,19.44,19.34,18.83,19.12,18.47,18.47,18.47,18.47,18.16,18.38,18.16,18.38,18.03,18.16,17.94,18.25
18.03,18.03,18.03,18.16,18.25,17.94,18.03,18.38,18.59,18.59,18.69,18.47,18.38,18.03,18.16,18.16,18.03,18.38,18.38,13.39,13.39,13.39,13.39,13.25,13.25,13.03,13.39,13.47,13.47,13.25,13.17,13.61,13.47,13.25,13.17,13.17,13.39,13.17,13.03,13.17,13.03,13.03,13.25,13.25,13.03,13.03,13.17,13.03,13.17,12.94,13.17,13.03,13.03,13.03,13.25,13.47,13.73,13.73,14.62,14.70,15.50,15.81,16.03,16.25,16.61,16.39,17.05,16.92,17.36,17.36,466.03,17.80,18.59,18.91,20.45,21.30,22.70,24.22,24.44,24.97,25.19,25.62,25.62,25.84,26.47,26.47,26.81,26.91,27.34,27.53,27.75,28.09,28.19,28.19,28.41,28.72,28.94,28.81,29.16,29.25,29.56,29.47,29.34,29.16,29.47,29.47,29.47,29.56,29.78,29.64,29.56,29.56,29.64,29.88,29.64,29.34,29.64,29.56,29.34,29.16,29.47,29.56,29.78,29.25,29.64,29.78,29.64,29.56,29.78,29.64,30.00,29.88,29.78,29.88,29.56,29.88,29.88,29.78,29.78,29.88,29.64,29.78,29.56,29.47,29.64,29.56,29.47,29.64,29.25,29.47,29.25,29.34,29.47,29.56,29.03,29.34,29.25,29.16,29.25,28.94,28.94,28.72,28.94,28.81,28.50,28.72,28.62,28.41,28.41,28.41,28.19,28.19,28.19,27.97,27.97,27.75,27.88,27.75,27.75,27.44,27.53,27.34,27.44,27.22,27.12,26.91,26.59,26.69,26.59,26.16,26.06,25.94,25.94,25.72,25.31,25.19,25.19,24.88,24.88,24.88,24.56,24.78,24.56,24.22,24.44,24.22,24.22,24.03,24.03,24.03,24.03,23.91,24.12,24.03,24.22,24.03,24.12,24.03,24.03,24.66,24.44,24.66,24.66,24.34,23.23,22.84,22.48,22.17,21.88,21.52,21.30,21.08,21.08,20.77,20.23,20.45,20.23,19.88,19.66,19.58,19.05,19.05,18.83,18.83,18.47,18.25,18.03,18.25,18.25,18.03,18.03,18.16,18.03,17.94,18.25,17.80
18.03,18.03,18.03,17.94,17.72,17.94,18.03,18.16,18.59,18.69,18.83,18.59,18.25,18.03,18.03,17.94,18.16,18.38,18.38,18.38,13.61,13.73,13.47,13.61,13.25,13.47,13.25,13.47,13.61,13.73,13.47,13.47,13.39,13.39,13.39,13.39,13.17,13.47,13.17,13.47,13.25,13.25,13.39,13.25,13.17,13.17,12.94,13.03,13.39,13.17,13.17,13.17,13.61,13.39,13.47,13.73,13.73,14.70,14.84,15.73,16.39,16.61,16.48,16.70,16.61,16.92,16.92,17.05,17.14,17.58,17.80,18.25,18.59,18.91,20.33,20.89,21.88,23.59,24.12,24.97,25.41,25.53,25.94,25.84,26.47,26.59,26.91,27.22,27.22,27.53,27.88,27.97,28.09,28.41,28.62,28.72,29.03,28.72,29.03,29.25,29.16,29.34,29.56,29.25,29.16,29.16,29.56,29.25,29.56,29.64,29.56,29.56,29.78,29.34,29.64,29.56,29.47,29.47,29.25,29.34,29.47,29.56,29.56,29.56,29.56,29.47,29.34,29.56,29.64,29.47,29.78,30.00,29.64,29.88,29.64,29.64,29.56,29.64,29.56,30.00,29.64,29.88,29.34,29.47,29.56,29.25,29.47,29.16,29.34,29.25,29.25,29.34,29.16,29.25,29.34,29.25,29.16,29.03,29.16,29.16,29.03,29.03,28.72,28.81,28.72,28.62,28.72,28.62,28.50,28.28,28.19,28.28,28.09,27.97,28.09,27.97,27.75,27.97,27.88,27.66,27.53,27.44,27.44,26.81,27.22,27.12,26.81,26.81,26.38,26.06,26.06,25.94,26.06,25.72,25.31,25.31,25.41,24.97,24.97,24.88,24.56,24.66,24.56,24.44,24.56,24.03,24.44,24.22,24.03,24.34,24.03,24.22,24.34,24.22,24.22,24.34,24.34,24.34,24.56,24.97,24.88,24.88,24.44,24.12,23.16,22.48,22.27,22.09,21.88,21.52,21.42,21.08,21.08,20.55,20.23,20.55,20.23,19.80,19.58,19.22,19.34,19.05,18.83,18.83,18.38,17.94,17.94,18.03,18.16,17.94,17.72,18.25,17.72,17.94,17.72,18.03
17.80,18.03,18.25,17.94,18.03,17.94,17.94,18.16,18.69,18.69,18.83,18.59,18.47,18.38,18.25,18.25,18.03,18.25,18.03,18.03,13.83,13.47,13.17,13.47,13.25,13.25,13.47,13.83,13.73,13.39,13.39,13.39,13.39,13.47,13.39,13.47,13.39,13.47,13.39,13.17,13.17,13.17,12.94,13.17,13.39,13.03,13.17,12.81,13.17,13.03,13.25,13.17,13.47,13.47,14.27,14.62,15.16,15.95,16.17,16.39,16.39,16.92,16.83,16.92,17.14,16.92,16.92,17.50,17.50,17.72,18.16,18.03,18.47,18.59,19.44,20.55,21.08,22.62,24.22,24.78,25.31,25.62,25.84,26.06,26.47,26.47,26.69,27.00,27.34,27.22,27.66,27.97,28.09,28.09,28.19,28.62,28.72,28.62,28.81,29.16,29.03,29.03,29.25,29.25,29.47,29.25,29.34,29.47,29.34,29.34,29.47,29.34,29.25,29.34,29.64,29.16,29.16,29.34,29.16,29.16,29.16,29.25,29.03,29.16,29.25,29.16,29.25,29.47,29.47,29.25,29.34,29.64,29.34,29.47,29.34,29.56,29.47,29.56,29.25,29.56,29.47,29.34,29.34,29.47,29.25,29.16,29.16,29.03,29.03,29.16,29.16,29.16,29.16,29.16,29.16,29.16,29.03,29.16,29.03,29.03,28.94,28.94,28.81,28.81,28.62,28.94,28.72,28.50,28.41,28.19,28.41,28.19,28.19,28.09,28.09,27.88,27.97,27.66,27.75,27.34,27.34,27.22,27.12,27.34,26.81,26.81,26.81,26.91,26.06,26.38,26.16,25.94,25.72,25.62,25.53,25.19,25.19,24.88,24.97,24.78,24.56,24.88,24.44,24.44,24.44,24.34,24.12,24.12,24.03,24.12,24.12,23.91,24.22,24.03,24.12,24.22,24.44,24.34,24.56,24.97,24.97,24.88,24.34,23.69,22.94,22.48,22.48,21.95,21.66,21.52,20.89,20.98,20.77,20.55,20.23,20.11,19.66,19.34,19.34,19.58,19.44,18.91,18.91,18.83,18.38,18.03,18.16,18.03,18.03,17.72,17.58,17.58,17.14,17.36,17.28,17.36
17.58,17.36,17.72,17.72,17.72,17.72,17.80,18.03,18.38,18.69,18.69,18.25,18.25,18.16,18.03,18.03,17.94,17.94,17.94,17.72,13.39,13.39,13.47,13.47,13.73,13.47,13.95,13.83,13.73,13.39,13.39,13.39,13.25,13.47,13.17,13.17,13.03,13.17,13.39,13.39,13.39,13.03,13.03,13.17,12.94,12.94,12.94,13.03,13.39,13.25,13.73,13.73,14.19,15.06,15.38,15.95,16.17,16.70,16.61,16.83,16.70,16.61,16.92,16.92,17.14,17.14,17.28,17.72,17.72,17.94,18.16,18.38,18.38,18.83,19.12,19.80,20.45,21.88,23.23,24.66,25.09,25.41,26.16,26.06,26.38,26.38,26.59,27.00,26.91,27.22,27.66,27.75,27.75,27.66,28.09,28.19,28.41,28.81,28.72,28.62,28.94,29.03,29.03,29.03,29.25,29.03,29.25,29.25,29.25,29.34,29.56,29.47,29.34,29.47,29.34,29.03,29.16,29.16,29.16,29.03,29.16,29.16,29.25,29.16,29.03,28.81,29.25,29.34,29.25,29.16,29.25,29.25,29.16,29.34,29.16,29.34,29.34,29.25,29.16,29.34,29.25,29.25,29.16,29.16,29.25,29.16,29.03,28.94,29.25,28.81,29.03,29.16,29.16,28.94,29.16,28.81,29.03,28.72,28.81,28.72,28.94,28.72,28.62,28.72,28.72,28.62,28.62,28.50,28.19,28.62,28.19,27.97,28.09,28.09,28.09,27.53,27.66,27.66,27.66,27.66,27.22,27.34,27.22,27.00,26.81,26.81,26.81,26.47,26.38,26.38,26.06,25.84,25.84,25.41,25.62,25.41,25.31,25.09,24.88,24.78,24.56,24.56,24.56,24.22,24.22,24.34,24.12,24.03,24.12,24.34,24.22,24.03,24.34,24.44,24.44,24.44,24.44,24.56,24.78,24.97,24.97,24.66,23.91,23.38,22.70,22.41,22.27,22.17,21.73,21.66,20.98,20.89,20.33,20.11,19.80,19.66,19.58,19.58,19.66,19.66,19.44,19.22,18.83,18.59,18.25,18.25,18.03,17.94,17.80,17.28,17.14,17.36,17.05,17.05,16.70,17.05
